Age,Attrition,BusinessTravel,Department,DistanceFromHome,Education,EducationField,EmployeeCount,EmployeeID,Gender,JobLevel,JobRole,MaritalStatus,MonthlyIncome,NumCompaniesWorked,Over18,PercentSalaryHike,StandardHours,StockOptionLevel,TotalWorkingYears,TrainingTimesLastYear,YearsAtCompany,YearsSinceLastPromotion,YearsWithCurrManager,EnvironmentSatisfaction,JobSatisfaction,WorkLifeBalance,JobInvolvement,PerformanceRating,Average_Working_Hours
51,No,Travel_Rarely,Sales,6,2,Life Sciences,1,1,Female,1,Healthcare Representative,Married,131160,1,Y,11,8,0,1,6,1,0,0,3,4,2,3,3,7.373650623
31,Yes,Travel_Frequently,Research & Development,10,1,Life Sciences,1,2,Female,1,Research Scientist,Single,41890,0,Y,23,8,1,6,3,5,1,4,3,2,4,2,4,7.718968927
32,No,Travel_Frequently,Research & Development,17,4,Other,1,3,Male,4,Sales Executive,Married,193280,1,Y,15,8,3,5,2,5,0,3,2,2,1,3,3,7.013240358
38,No,Non-Travel,Research & Development,2,5,Life Sciences,1,4,Male,3,Human Resources,Married,83210,3,Y,11,8,3,13,5,8,7,5,4,4,3,2,3,7.193678487
32,No,Travel_Rarely,Research & Development,10,1,Medical,1,5,Male,1,Sales Executive,Single,23420,4,Y,12,8,2,9,2,6,0,4,4,1,3,3,3,8.006174603
46,No,Travel_Rarely,Research & Development,8,3,Life Sciences,1,6,Female,4,Research Director,Married,40710,3,Y,13,8,0,28,5,7,7,7,3,2,2,3,3,10.79609587
28,Yes,Travel_Rarely,Research & Development,11,2,Medical,1,7,Male,2,Sales Executive,Single,58130,2,Y,20,8,1,5,2,0,0,0,1,3,1,3,4,6.923570402
29,No,Travel_Rarely,Research & Development,18,3,Life Sciences,1,8,Male,2,Sales Executive,Married,31430,2,Y,22,8,3,10,2,0,0,0,1,2,3,3,4,6.725620713
31,No,Travel_Rarely,Research & Development,1,3,Life Sciences,1,9,Male,3,Laboratory Technician,Married,20440,0,Y,21,8,0,10,2,9,7,8,2,4,3,3,4,7.236498792
25,No,Non-Travel,Research & Development,7,4,Medical,1,10,Female,4,Laboratory Technician,Divorced,134640,1,Y,13,8,1,6,2,6,1,5,2,1,3,3,3,7.080087844
45,No,Travel_Rarely,Research & Development,17,2,Medical,1,11,Male,2,Laboratory Technician,Married,79910,0,Y,13,8,2,21,2,20,4,10,3,4,3,2,3,8.403485477
36,No,Travel_Rarely,Research & Development,28,1,Life Sciences,1,12,Male,1,Laboratory Technician,Married,33770,0,Y,12,8,2,16,2,15,10,11,,4,3,3,3,7.068954587
55,No,Travel_Rarely,Research & Development,14,4,Life Sciences,1,13,Female,1,Sales Executive,Single,55380,0,Y,17,8,0,37,2,36,4,13,4,1,3,3,3,9.30140951
47,Yes,Non-Travel,Research & Development,1,1,Medical,1,14,Male,1,Research Scientist,Married,57620,1,Y,11,8,2,10,4,10,9,9,1,2,2,2,3,9.399931442
28,No,Travel_Rarely,Research & Development,1,3,Life Sciences,1,15,Male,1,Manufacturing Director,Married,25920,1,Y,14,8,0,5,2,5,0,4,4,4,2,3,3,6.089687644
37,No,Travel_Rarely,Research & Development,1,3,Life Sciences,1,16,Male,2,Healthcare Representative,Married,53460,4,Y,11,8,0,7,2,5,0,1,3,4,4,3,3,6.705174637
21,No,Travel_Rarely,Research & Development,3,2,Life Sciences,1,17,Male,1,Laboratory Technician,Single,42130,1,Y,12,8,3,3,3,3,1,0,4,3,4,2,3,6.619040627
37,No,Non-Travel,Research & Development,1,3,Medical,1,18,Male,2,Sales Executive,Divorced,41270,2,Y,13,8,1,15,2,5,0,2,1,4,3,3,3,11.01432814
35,No,Travel_Rarely,Sales,7,4,Life Sciences,1,19,Male,1,Sales Representative,Divorced,24380,7,Y,16,8,0,10,5,7,6,2,2,2,2,2,3,6.960253831
38,No,Travel_Rarely,Research & Development,8,3,Life Sciences,1,20,Female,1,Manager,Divorced,68700,1,Y,11,8,1,8,5,8,7,7,1,1,3,3,3,9.293555796
26,No,Travel_Frequently,Research & Development,1,4,Other,1,21,Male,2,Laboratory Technician,Divorced,104470,1,Y,18,8,0,6,3,6,1,4,3,2,1,3,3,7.590778257
50,No,Travel_Rarely,Sales,8,4,Life Sciences,1,22,Male,1,Research Scientist,Divorced,96670,3,Y,23,8,0,28,2,10,1,6,1,2,2,2,4,6.008613495
53,No,Travel_Rarely,Research & Development,11,4,Life Sciences,1,23,Female,2,Research Scientist,Married,21480,3,Y,11,8,0,21,2,5,1,3,3,3,2,3,3,8.402108477
42,No,Travel_Rarely,Research & Development,4,4,Life Sciences,1,24,Male,1,Manufacturing Director,Married,89260,1,Y,14,8,0,,4,20,11,6,2,3,3,1,3,6.80700528
29,No,Travel_Frequently,Research & Development,16,4,Medical,1,25,Male,1,Laboratory Technician,Single,65130,1,Y,11,8,1,10,2,10,0,9,2,4,2,3,3,7.093167388
55,No,Travel_Rarely,Research & Development,1,4,Other,1,26,Female,1,Research Scientist,Married,67990,3,Y,11,8,0,12,2,10,0,8,2,4,3,3,3,9.362002075
26,No,Travel_Frequently,Research & Development,9,3,Life Sciences,1,27,Female,1,Manager,Married,162910,1,Y,22,8,0,5,3,5,3,3,1,1,3,3,4,10.97712343
37,No,Travel_Rarely,Sales,5,1,Marketing,1,28,Male,1,Research Scientist,Single,27050,1,Y,11,8,0,17,2,17,5,7,4,4,3,3,3,7.604444444
44,Yes,Travel_Frequently,Research & Development,1,2,Medical,1,29,Male,2,Research Scientist,Divorced,103330,3,Y,14,8,1,19,2,1,0,0,4,3,1,2,3,10.97758573
38,No,Travel_Rarely,Sales,2,3,Marketing,1,30,Female,1,Manager,Divorced,44480,9,Y,12,8,0,10,3,2,1,2,4,4,3,2,3,6.831275362
26,Yes,Travel_Rarely,Research & Development,4,3,Medical,1,31,Male,3,Research Scientist,Divorced,68540,2,Y,11,8,0,5,5,3,0,2,1,2,3,2,3,10.10940826
28,No,Travel_Rarely,Research & Development,7,3,Other,1,32,Male,1,Human Resources,Single,96370,1,Y,13,8,0,5,6,5,0,2,4,4,3,2,3,6.709665978
49,No,Travel_Frequently,Research & Development,1,1,Medical,1,33,Female,2,Research Scientist,Single,35910,9,Y,13,8,0,22,2,3,1,2,3,1,3,3,3,10.51821462
36,No,Travel_Rarely,Sales,5,3,Technical Degree,1,34,Male,3,Sales Executive,Single,54050,4,Y,14,8,0,10,2,8,7,7,3,2,3,3,3,6.182887517
31,No,Travel_Frequently,Research & Development,9,4,Medical,1,35,Male,1,Sales Executive,Divorced,46840,1,Y,16,8,1,2,4,2,2,2,4,2,2,3,3,6.586388889
26,Yes,Travel_Rarely,Research & Development,8,3,Medical,1,36,Male,2,Manager,Single,157870,1,Y,12,8,2,8,5,8,7,4,4,4,3,3,3,10.27224138
37,No,Travel_Frequently,Sales,9,1,Marketing,1,37,Male,1,Laboratory Technician,Married,15140,1,Y,14,8,0,4,3,4,1,2,2,4,2,3,3,9.982733012
42,No,Travel_Frequently,Sales,2,2,Marketing,1,38,Male,3,Research Director,Married,29560,5,Y,13,8,0,23,2,20,4,8,3,2,4,3,3,5.979567633
18,Yes,Travel_Rarely,Research & Development,1,4,Life Sciences,1,39,Male,1,Sales Executive,Single,23350,1,Y,14,8,2,0,3,0,0,0,3,3,3,2,3,6.775967939
35,No,Travel_Rarely,Sales,20,2,Life Sciences,1,40,Male,1,Laboratory Technician,Married,51540,0,Y,19,8,0,12,2,11,6,9,3,2,2,2,3,7.690160391
36,No,Travel_Frequently,Research & Development,8,3,Other,1,41,Female,3,Sales Executive,Married,69620,4,Y,12,8,2,4,2,1,0,0,3,,3,2,3,7.204732468
51,No,Travel_Rarely,Research & Development,2,3,Life Sciences,1,42,Male,2,Laboratory Technician,Divorced,56750,5,Y,13,8,0,13,2,4,1,2,4,2,3,2,3,7.594769504
41,No,Travel_Rarely,Research & Development,29,1,Life Sciences,1,43,Male,1,Laboratory Technician,Single,23790,1,Y,12,8,0,22,6,22,0,4,4,2,3,3,3,6.952642332
18,No,Travel_Rarely,Sales,7,3,Life Sciences,1,44,Male,1,Research Scientist,Single,38120,1,Y,15,8,0,0,3,0,0,0,4,3,3,3,3,7.008878472
28,No,Travel_Rarely,Research & Development,9,3,Medical,1,45,Male,1,Sales Representative,Single,46480,0,Y,23,8,2,9,2,8,0,7,2,1,3,2,4,7.201573315
31,No,Travel_Rarely,Research & Development,8,1,Technical Degree,1,46,Male,1,Manufacturing Director,Married,29360,4,Y,12,8,1,10,2,8,7,7,2,4,2,3,3,7.172875
39,No,Travel_Rarely,Sales,5,4,Marketing,1,47,Female,2,Human Resources,Divorced,21050,0,Y,20,8,0,19,3,18,3,7,3,4,2,3,4,7.636801418
36,No,Non-Travel,Research & Development,5,4,Life Sciences,1,48,Male,1,Sales Executive,Married,85780,7,Y,21,8,0,11,4,9,0,8,2,2,3,3,4,7.832781294
32,No,Travel_Rarely,Sales,2,3,Marketing,1,49,Male,2,Laboratory Technician,Married,27060,1,Y,21,8,1,13,4,13,4,8,4,3,2,3,4,6.974765051
38,No,Travel_Rarely,Research & Development,5,2,Life Sciences,1,50,Female,3,Research Scientist,Married,63840,3,Y,19,8,2,19,4,10,0,1,1,2,3,2,3,6.90642422
58,No,Non-Travel,Research & Development,2,3,Life Sciences,1,51,Male,2,Manufacturing Director,Divorced,39680,2,Y,13,8,2,12,3,5,1,2,4,3,3,2,3,10.89546373
31,No,Travel_Rarely,Research & Development,20,1,Technical Degree,1,52,Female,3,Research Scientist,Married,99070,0,Y,13,8,1,6,3,5,0,3,3,4,3,2,3,9.125665729
31,No,Travel_Rarely,Sales,7,4,Marketing,1,53,Male,2,Sales Executive,Married,132250,3,Y,21,8,1,9,2,2,1,0,1,1,3,3,4,6.831459786
45,No,Travel_Frequently,Research & Development,3,1,Medical,1,54,Female,1,Sales Executive,Divorced,35400,1,Y,13,8,0,24,6,24,9,11,1,1,3,3,3,7.316049906
31,No,Travel_Rarely,Sales,16,4,Marketing,1,55,Female,2,Research Scientist,Divorced,28040,0,Y,19,8,2,3,0,2,2,2,3,4,1,3,3,8.610798042
33,No,Travel_Frequently,Research & Development,9,3,Life Sciences,1,56,Male,4,Research Director,Married,193920,6,Y,12,8,1,12,3,10,8,8,4,2,3,3,3,6.784845288
39,No,Travel_Rarely,Sales,1,4,Life Sciences,1,57,Male,1,Sales Executive,Married,196650,1,Y,22,8,1,21,6,21,11,10,3,1,3,3,4,10.98609977
43,No,Travel_Frequently,Research & Development,7,4,Medical,1,58,Male,4,Research Scientist,Single,24390,0,Y,15,8,0,9,2,8,1,7,3,4,3,3,3,7.686584679
49,No,Travel_Rarely,Research & Development,1,3,Life Sciences,1,59,Male,3,Manufacturing Director,Single,73140,7,Y,22,8,0,25,2,7,0,7,3,3,3,3,4,9.948856882
52,Yes,Travel_Rarely,Research & Development,7,1,Life Sciences,1,60,Female,2,Research Scientist,Married,47740,2,Y,18,8,1,11,2,8,7,7,3,2,2,3,3,7.905527662
27,No,Travel_Rarely,Research & Development,15,4,Medical,1,61,Male,3,Research Scientist,Single,39020,1,Y,22,8,0,4,2,4,1,2,3,2,2,3,4,10.67241462
32,No,Travel_Rarely,Research & Development,1,3,Life Sciences,1,62,Male,3,Research Scientist,Married,26620,1,Y,11,8,1,13,6,13,11,9,3,2,3,4,3,10.49617155
27,No,Travel_Rarely,Research & Development,13,2,Medical,1,63,Female,4,Research Director,Single,28560,1,Y,12,8,2,5,5,5,0,4,4,3,3,4,3,10.06926166
31,No,Travel_Rarely,Sales,24,3,Life Sciences,1,64,Male,2,Healthcare Representative,Divorced,10810,4,Y,11,8,3,13,4,7,1,7,4,4,3,4,3,6.607014175
32,No,Travel_Rarely,Research & Development,7,3,Technical Degree,1,65,Male,2,Healthcare Representative,Single,24720,7,Y,13,8,0,10,2,7,0,7,1,4,2,3,3,7.497914909
28,Yes,Travel_Rarely,Research & Development,9,4,Medical,1,66,Male,1,Sales Executive,Married,56730,5,Y,14,8,1,5,4,3,2,2,1,4,2,2,3,10.72723572
30,No,Travel_Rarely,Research & Development,13,3,Life Sciences,1,67,Female,4,Research Director,Married,41970,1,Y,13,8,0,11,3,10,1,9,4,4,3,3,3,6.18481681
31,No,Travel_Frequently,Research & Development,2,1,Life Sciences,1,68,Female,1,Manager,Married,97130,1,Y,17,8,0,10,5,10,8,9,3,3,3,2,3,6.609300049
39,No,Travel_Frequently,Research & Development,19,4,Medical,1,69,Female,1,Research Scientist,Married,20620,1,Y,13,8,0,21,4,21,13,3,3,4,3,3,3,6.076246345
39,Yes,Travel_Rarely,Research & Development,1,1,Medical,1,70,Female,1,Laboratory Technician,Married,42840,4,Y,17,8,1,12,0,1,0,0,4,3,2,3,3,9.971745709
33,No,Travel_Frequently,Sales,4,2,Life Sciences,1,71,Male,4,Research Scientist,Single,47880,3,Y,11,8,1,9,0,7,0,1,2,4,2,3,3,7.42145202
47,No,Travel_Rarely,Research & Development,4,3,Life Sciences,1,72,Female,2,Healthcare Representative,Married,59060,4,Y,23,8,0,21,4,3,1,1,4,3,3,4,4,6.493810014
43,No,Travel_Frequently,Research & Development,14,3,Medical,1,73,Female,5,Research Director,Divorced,38860,1,Y,17,8,2,9,2,9,0,0,3,3,4,3,3,6.299470449
27,No,Non-Travel,Research & Development,2,3,Life Sciences,1,74,Male,1,Research Director,Married,168230,0,Y,17,8,0,6,3,5,1,4,3,2,3,3,3,9.316973304
54,No,Travel_Frequently,Research & Development,1,4,Life Sciences,1,75,Male,2,Research Scientist,Single,29330,3,Y,12,8,2,20,2,4,0,3,4,3,2,3,3,6.097862787
43,No,Travel_Rarely,Research & Development,7,2,Life Sciences,1,76,Female,2,Manager,Married,65000,8,Y,23,8,0,10,3,1,0,0,3,1,2,3,4,7.217327264
45,No,Travel_Rarely,Sales,3,1,Marketing,1,77,Female,1,Sales Executive,Married,171740,9,Y,14,8,1,12,6,10,9,8,4,4,3,3,3,7.100070018
40,No,Travel_Rarely,Research & Development,2,4,Other,1,78,Male,4,Research Scientist,Married,50330,2,Y,14,8,2,6,6,4,0,2,2,4,2,3,3,9.914107744
29,Yes,Travel_Rarely,Research & Development,29,3,Medical,1,79,Female,1,Research Scientist,Married,23070,1,Y,13,8,1,7,0,7,0,7,2,1,2,3,3,10.47778865
29,No,Travel_Rarely,Human Resources,8,3,Medical,1,80,Male,3,Sales Representative,Single,25870,0,Y,22,8,2,4,3,3,2,2,2,4,3,3,4,6.906938633
30,No,Travel_Rarely,Research & Development,10,3,Life Sciences,1,81,Male,2,Research Scientist,Divorced,55070,1,Y,12,8,2,10,2,10,1,2,4,3,3,2,3,7.589092433
27,No,Travel_Rarely,Research & Development,11,2,Medical,1,82,Male,1,Manager,Married,43930,1,Y,18,8,1,8,2,8,0,7,2,2,3,2,3,6.079724499
37,No,Travel_Rarely,Sales,1,4,Life Sciences,1,83,Male,2,Healthcare Representative,Divorced,133480,7,Y,14,8,0,8,4,6,0,4,4,4,2,3,3,6.001112288
38,No,Travel_Rarely,Research & Development,28,4,Medical,1,84,Male,1,Laboratory Technician,Divorced,65830,0,Y,12,8,0,12,1,11,2,9,3,4,3,3,3,8.983123278
31,No,Travel_Rarely,Research & Development,6,3,Medical,1,85,Female,3,Manager,Single,81030,1,Y,15,8,1,11,5,11,4,10,3,4,,3,3,10.42618464
29,No,Travel_Rarely,Research & Development,3,4,Life Sciences,1,86,Male,3,Sales Executive,Divorced,39780,1,Y,11,8,0,7,0,7,1,7,4,2,3,3,3,8.387526184
35,No,Travel_Rarely,Sales,16,2,Technical Degree,1,87,Male,3,Manager,Single,25440,0,Y,13,8,1,17,3,16,0,13,3,2,3,4,3,7.912038627
23,No,Travel_Rarely,Research & Development,20,4,Life Sciences,1,88,Male,1,Manufacturing Director,Divorced,53990,1,Y,23,8,0,4,2,4,0,2,3,4,2,2,4,7.105291842
41,No,Travel_Rarely,Research & Development,9,2,Life Sciences,1,89,Female,1,Laboratory Technician,Single,54870,6,Y,19,8,2,8,0,5,1,2,4,2,3,3,3,9.688633194
47,No,Travel_Frequently,Sales,1,3,Medical,1,90,Female,2,Laboratory Technician,Single,68340,3,Y,16,8,1,5,2,0,0,0,2,3,3,4,3,7.770347513
42,No,Travel_Rarely,Research & Development,3,4,Life Sciences,1,91,Male,1,Manager,Single,10910,2,Y,22,8,0,16,0,1,0,0,1,4,3,1,4,6.284280356
29,No,Non-Travel,Sales,22,4,Marketing,1,92,Male,2,Human Resources,Married,57360,1,Y,22,8,0,4,1,4,0,2,4,3,2,2,4,6.306108727
42,No,Travel_Rarely,Sales,7,4,Medical,1,93,Male,3,Research Scientist,Divorced,22260,0,Y,12,8,1,4,3,3,1,0,3,3,3,2,3,8.831585039
32,No,Travel_Rarely,Research & Development,2,3,Medical,1,94,Male,2,Research Scientist,Married,57470,1,Y,13,8,0,8,0,8,0,7,3,2,3,3,3,7.722377345
48,No,Travel_Rarely,Sales,13,4,Medical,1,95,Male,4,Sales Executive,Married,98540,3,Y,16,8,1,15,2,0,0,0,1,3,1,2,3,7.317479733
37,No,Travel_Rarely,Research & Development,8,5,Technical Degree,1,96,Male,2,Manufacturing Director,Divorced,54670,4,Y,12,8,0,13,2,7,6,7,3,1,3,3,3,10.79826248
30,No,Non-Travel,Sales,25,4,Other,1,97,Male,1,Healthcare Representative,Married,53800,7,Y,21,8,1,4,0,2,2,2,4,3,4,3,4,10.40136395
26,No,Travel_Rarely,Sales,28,3,Medical,1,98,Female,5,Laboratory Technician,Married,51510,1,Y,15,8,3,8,3,8,7,7,3,3,3,3,3,5.994326703
42,No,Travel_Rarely,Sales,2,2,Medical,1,99,Female,1,Laboratory Technician,Single,21330,3,Y,13,8,2,14,2,1,0,0,1,4,3,3,3,6.113110181
21,Yes,Travel_Frequently,Research & Development,9,3,Medical,1,100,Female,4,Manufacturing Director,Single,178750,1,Y,12,8,0,3,5,3,1,2,1,2,3,2,3,8.133578097
36,No,Non-Travel,Human Resources,28,3,Human Resources,1,101,Male,2,Laboratory Technician,Single,24320,4,Y,22,8,0,7,4,1,0,0,4,4,3,1,4,7.30616499
36,No,Travel_Frequently,Research & Development,6,3,Life Sciences,1,102,Female,2,Research Scientist,Married,47710,4,Y,13,8,1,16,2,13,1,12,1,4,3,3,3,7.105030345
57,No,Travel_Rarely,Research & Development,21,4,Life Sciences,1,103,Male,5,Research Scientist,Married,191610,2,Y,18,8,0,15,2,3,1,2,4,3,3,1,3,6.327729314
40,No,Travel_Rarely,Research & Development,8,3,Other,1,104,Male,2,Sales Executive,Married,50870,3,Y,14,8,1,10,3,7,1,7,4,3,3,3,3,8.12851216
21,No,Non-Travel,Research & Development,1,5,Life Sciences,1,105,Female,2,Manager,Single,28630,1,Y,14,8,0,3,2,3,2,2,1,4,2,1,3,7.986432557
33,Yes,Travel_Rarely,Human Resources,28,2,Human Resources,1,106,Female,5,Manager,Single,55610,1,Y,21,8,1,1,3,1,0,0,4,3,3,1,4,10.50909692
37,No,Travel_Rarely,Research & Development,5,3,Life Sciences,1,107,Male,4,Research Scientist,Married,21440,6,Y,19,8,0,17,3,5,0,3,3,1,3,4,3,7.993284031
46,No,Non-Travel,Sales,2,4,Marketing,1,108,Female,2,Laboratory Technician,Married,30650,2,Y,11,8,0,7,3,1,0,0,3,3,4,3,3,6.103653752
41,Yes,Travel_Frequently,Research & Development,16,1,Medical,1,109,Female,1,Research Scientist,Single,28100,1,Y,11,8,0,8,3,8,7,7,1,2,3,4,3,7.587908918
50,No,Travel_Rarely,Research & Development,9,3,Medical,1,110,Female,3,Laboratory Technician,Single,98880,6,Y,15,8,0,20,2,4,1,3,4,4,3,3,3,6.890321256
40,Yes,Travel_Rarely,Research & Development,8,3,Medical,1,111,Female,1,Healthcare Representative,Married,86280,2,Y,20,8,0,8,2,6,1,0,3,3,3,2,4,9.295999525
31,No,Travel_Rarely,Research & Development,1,3,Life Sciences,1,112,Male,4,Human Resources,Single,28670,0,Y,24,8,0,3,5,2,2,2,,2,3,3,4,10.80607836
21,Yes,Travel_Rarely,Human Resources,10,2,Human Resources,1,113,Male,1,Laboratory Technician,Single,53730,1,Y,12,8,1,1,2,1,0,0,3,2,3,3,3,5.995219807
29,No,Travel_Rarely,Research & Development,1,3,Life Sciences,1,114,Female,2,Research Director,Single,66670,9,Y,12,8,1,6,6,3,1,2,4,4,3,4,3,7.788609977
35,No,Travel_Rarely,Research & Development,29,3,Life Sciences,1,115,Female,3,Sales Executive,Single,50030,9,Y,15,8,0,10,2,1,0,0,3,2,3,3,3,7.717707156
27,No,Travel_Rarely,Sales,2,3,Life Sciences,1,116,Male,1,Sales Executive,Divorced,23670,,Y,12,8,1,5,2,5,0,4,4,2,3,3,3,6.18945038
28,No,Travel_Rarely,Research & Development,2,2,Medical,1,117,Male,3,Manager,Single,28580,1,Y,12,8,0,7,2,7,0,7,2,4,3,2,3,7.120614224
49,No,Travel_Rarely,Sales,2,3,Technical Degree,1,118,Male,2,Manufacturing Director,Single,52040,8,Y,14,8,1,26,3,5,0,0,2,3,3,3,3,7.825193287
51,No,Travel_Rarely,Research & Development,1,2,Life Sciences,1,119,Male,1,Sales Executive,Married,41050,4,Y,22,8,1,18,2,7,0,7,3,4,2,3,4,7.619401803
36,No,Travel_Rarely,Sales,15,2,Life Sciences,1,120,Male,1,Sales Executive,Married,96790,4,Y,12,8,0,6,1,2,2,2,4,3,3,3,3,6.0024632
34,Yes,Non-Travel,Research & Development,7,3,Life Sciences,1,121,Male,1,Sales Representative,Single,56170,8,Y,25,8,1,9,3,5,0,4,1,4,2,3,4,9.113126478
55,No,Travel_Rarely,Sales,26,3,Marketing,1,122,Male,1,Laboratory Technician,Single,104480,2,Y,13,8,0,30,3,5,1,2,3,4,3,3,3,8.684139595
24,No,Travel_Rarely,Research & Development,1,3,Life Sciences,1,123,Female,5,Manager,Divorced,28970,1,Y,18,8,3,5,4,5,0,3,4,3,4,3,3,9.993131643
30,No,Travel_Rarely,Research & Development,3,3,Life Sciences,1,124,Female,2,Manager,Married,59680,1,Y,13,8,0,1,3,1,0,0,3,2,3,3,3,6.900539923
26,Yes,Travel_Frequently,Sales,14,3,Life Sciences,1,125,Male,2,Manager,Single,75100,0,Y,18,8,3,7,3,6,0,4,3,,3,3,3,6.999357639
22,No,Travel_Rarely,Research & Development,16,5,Other,1,126,Male,1,Research Scientist,Married,29910,1,Y,19,8,2,2,3,2,1,2,1,2,3,2,3,6.286230159
36,No,Travel_Rarely,Research & Development,1,3,Medical,1,127,Female,5,Healthcare Representative,Married,196360,1,Y,12,8,1,10,3,10,9,0,2,3,3,3,3,6.36615113
30,Yes,Travel_Frequently,Sales,3,2,Marketing,1,128,Male,3,Research Scientist,Single,11290,9,Y,19,8,0,3,2,1,0,0,3,4,3,2,3,8.19166088
37,No,Travel_Rarely,Research & Development,10,1,Technical Degree,1,129,Male,1,Sales Executive,Divorced,133410,1,Y,14,8,1,18,3,18,12,17,4,1,2,3,3,6.45208912
40,No,Travel_Rarely,Research & Development,6,2,Medical,1,130,Male,3,Research Scientist,Divorced,43320,7,Y,14,8,2,8,3,5,1,3,4,2,3,2,3,6.682986715
42,No,Travel_Rarely,Research & Development,2,3,Medical,1,131,Female,4,Manager,Divorced,110310,3,Y,12,8,1,8,2,5,1,2,2,1,3,2,3,7.482647754
37,No,Travel_Rarely,Sales,9,1,Marketing,1,132,Male,3,Sales Executive,Single,44400,2,Y,11,8,1,18,3,1,0,1,3,2,2,2,3,9.920131519
43,No,Travel_Rarely,Sales,10,2,Life Sciences,1,133,Female,1,Sales Executive,Divorced,46170,1,Y,11,8,0,25,2,25,3,9,1,2,3,3,3,7.415638298
40,No,Travel_Rarely,Sales,6,2,Life Sciences,1,134,Female,1,Laboratory Technician,Married,26470,6,Y,13,8,0,20,2,1,0,0,2,3,3,2,3,7.495338469
54,No,Travel_Rarely,Human Resources,9,3,Life Sciences,1,135,Female,2,Manufacturing Director,Married,63230,4,Y,23,8,1,24,2,4,1,2,1,1,2,2,4,5.998969652
34,No,Non-Travel,Research & Development,28,3,Medical,1,136,Male,1,Laboratory Technician,Married,56770,9,Y,20,8,1,6,3,3,1,2,3,3,3,3,4,6.859545347
31,No,Travel_Rarely,Research & Development,10,4,Life Sciences,1,137,Male,3,Sales Executive,Married,21870,1,Y,15,8,1,13,2,13,3,12,2,1,1,2,3,6.131909722
43,No,Travel_Frequently,Sales,14,3,Life Sciences,1,138,Female,1,Manufacturing Director,Married,37480,7,Y,14,8,2,,3,3,1,2,4,4,3,2,3,7.674805433
43,No,Travel_Rarely,Sales,27,4,Life Sciences,1,139,Male,2,Sales Representative,Divorced,39770,4,Y,18,8,1,8,3,5,0,2,3,3,3,3,3,8.878969421
25,No,Travel_Rarely,Human Resources,7,2,Human Resources,1,140,Male,1,Manufacturing Director,Single,86330,1,Y,19,8,1,5,2,5,1,3,2,4,3,4,3,10.89584531
37,No,Non-Travel,Research & Development,1,3,Medical,1,141,Male,3,Laboratory Technician,Married,20080,3,Y,22,8,0,15,5,13,10,7,2,3,3,2,4,10.69200167
31,No,Travel_Rarely,Research & Development,24,1,Medical,1,142,Male,3,Laboratory Technician,Married,44400,1,Y,13,8,1,4,2,4,3,2,4,1,3,3,3,7.060316092
39,No,Travel_Frequently,Research & Development,26,4,Technical Degree,1,143,Female,1,Sales Executive,Divorced,30670,1,Y,20,8,1,21,5,21,1,6,2,3,3,1,4,9.009179138
56,No,Travel_Frequently,Research & Development,20,4,Life Sciences,1,144,Female,3,Sales Executive,Married,53210,9,Y,14,8,0,36,1,7,7,7,3,1,2,3,3,7.420447466
30,No,Travel_Rarely,Sales,5,4,Medical,1,145,Female,2,Manufacturing Director,Single,54100,0,Y,17,8,1,6,2,5,4,4,2,3,3,3,3,7.585973923
41,No,Travel_Rarely,Research & Development,7,3,Technical Degree,1,146,Female,3,Research Scientist,Married,27820,1,Y,14,8,0,10,2,10,0,7,2,1,3,2,3,6.624136699
28,No,Travel_Rarely,Research & Development,7,3,Medical,1,147,Male,3,Healthcare Representative,Divorced,119570,1,Y,13,8,0,10,2,10,1,8,3,1,3,2,3,6.192764831
25,Yes,Travel_Rarely,Research & Development,5,2,Life Sciences,1,148,Female,3,Laboratory Technician,Married,26600,5,Y,13,8,0,6,3,2,0,2,1,1,3,3,3,6.472303437
52,No,Travel_Rarely,Research & Development,26,2,Life Sciences,1,149,Female,2,Sales Representative,Married,33750,2,Y,21,8,0,28,2,5,0,4,4,3,3,2,4,8.19505144
45,No,Travel_Rarely,Research & Development,2,3,Medical,1,150,Female,1,Sales Executive,Married,50980,3,Y,14,8,1,8,4,2,0,2,1,4,2,3,3,6.787695734
52,No,Travel_Rarely,Research & Development,12,3,Medical,1,151,Male,2,Research Scientist,Married,48780,2,Y,11,8,1,31,3,5,1,4,4,4,1,3,3,7.30213948
42,No,Travel_Frequently,Sales,10,3,Marketing,1,152,Female,2,Healthcare Representative,Divorced,28370,2,Y,13,8,1,19,0,5,0,2,1,3,3,2,3,6.82240701
30,No,Travel_Rarely,Sales,25,3,Marketing,1,153,Male,1,Sales Executive,Single,24060,2,Y,20,8,1,11,5,5,0,2,3,4,3,3,4,7.322458937
60,No,Travel_Rarely,Research & Development,10,3,Life Sciences,1,154,Female,1,Manufacturing Director,Married,22690,5,Y,18,8,1,33,4,29,11,10,1,1,1,3,3,6.16436183
46,No,Travel_Rarely,Sales,19,4,Marketing,1,155,Female,1,Sales Executive,Divorced,41080,2,Y,14,8,0,19,5,10,0,8,3,3,2,2,3,7.61028481
42,No,Travel_Frequently,Research & Development,18,4,Technical Degree,1,156,Male,4,Sales Executive,Married,132060,0,Y,13,8,2,7,2,6,0,4,4,4,4,3,3,6.595135387
24,Yes,Travel_Rarely,Research & Development,27,2,Medical,1,157,Male,1,Research Scientist,Single,104220,1,Y,17,8,1,6,0,5,1,4,1,2,3,2,3,10.64892538
34,Yes,Travel_Frequently,Research & Development,5,3,Medical,1,158,Male,2,Research Scientist,Divorced,137440,0,Y,20,8,1,3,3,2,1,0,4,3,2,3,4,6.204427313
38,No,Travel_Frequently,Sales,3,3,Marketing,1,159,Female,2,Sales Executive,Married,49070,1,Y,11,8,1,1,3,1,0,0,4,4,3,3,3,8.59190225
40,No,Travel_Rarely,Sales,26,4,Marketing,1,160,Female,1,Sales Executive,Married,34820,0,Y,18,8,1,21,2,20,1,12,3,3,3,2,3,6.001353865
26,No,Travel_Rarely,Research & Development,3,2,Medical,1,161,Female,4,Healthcare Representative,Divorced,24360,1,Y,24,8,0,3,2,3,0,2,1,4,1,4,4,6.281751101
30,No,Non-Travel,Research & Development,15,3,Medical,1,162,Female,2,Sales Executive,Married,23800,4,Y,18,8,3,9,2,5,1,4,3,4,1,2,3,7.905569801
29,No,Travel_Rarely,Research & Development,8,3,Medical,1,163,Female,3,Manufacturing Director,Married,194310,1,Y,11,8,0,10,3,10,0,7,2,3,3,3,3,7.175699036
29,Yes,Travel_Rarely,Research & Development,19,4,Life Sciences,1,164,Male,3,Research Scientist,Married,17900,5,Y,16,8,1,6,4,2,1,1,3,2,4,2,3,6.651255274
19,Yes,Travel_Rarely,Research & Development,4,3,Medical,1,165,Male,1,Sales Executive,Single,76440,1,Y,15,8,2,1,2,1,0,0,1,4,4,3,3,7.906068376
30,No,Non-Travel,Research & Development,2,4,Life Sciences,1,166,Female,3,Research Scientist,Married,51310,0,Y,15,8,1,10,2,9,7,8,3,1,3,3,3,6.718815667
57,No,Travel_Rarely,Research & Development,2,2,Life Sciences,1,167,Male,4,Research Scientist,Divorced,63060,3,Y,12,8,1,32,3,1,0,0,1,4,2,3,3,6.290588023
50,No,Travel_Rarely,Sales,10,4,Life Sciences,1,168,Female,3,Manager,Married,47870,0,Y,12,8,0,28,3,27,15,7,2,3,3,3,3,7.178114998
30,No,Non-Travel,Sales,10,2,Life Sciences,1,169,Male,3,Laboratory Technician,Single,188800,0,Y,22,8,1,12,3,11,6,7,3,4,2,3,4,6.286431713
60,No,Travel_Frequently,Research & Development,16,3,Life Sciences,1,170,Female,4,Laboratory Technician,Married,23390,4,Y,20,8,0,22,4,18,13,11,3,1,4,3,4,7.217978595
47,No,Travel_Rarely,Research & Development,1,3,Technical Degree,1,171,Male,5,Manufacturing Director,Divorced,135700,5,Y,16,8,2,20,2,5,0,4,1,4,3,2,3,7.809089372
46,No,Travel_Rarely,Sales,4,1,Technical Degree,1,172,Male,1,Laboratory Technician,Married,67120,6,Y,21,8,1,26,3,3,0,1,1,3,1,2,4,6.805152663
35,No,Travel_Rarely,Research & Development,15,2,Medical,1,173,Female,2,Laboratory Technician,Single,54060,0,Y,12,8,1,6,2,5,4,3,4,3,3,3,3,6.484045584
54,No,Travel_Rarely,Research & Development,2,4,Medical,1,174,Male,2,Human Resources,Single,89380,7,Y,11,8,3,19,2,1,0,0,3,3,3,3,3,7.651214846
34,No,Travel_Rarely,Sales,8,2,Life Sciences,1,175,Male,1,Laboratory Technician,Divorced,24390,3,Y,11,8,2,14,2,7,5,7,4,3,3,4,3,7.585962726
46,No,Travel_Rarely,Research & Development,2,3,Life Sciences,1,176,Male,1,Healthcare Representative,Married,88370,2,Y,18,8,0,15,3,3,1,2,3,4,3,2,3,9.179540598
31,No,Travel_Rarely,Research & Development,7,3,Life Sciences,1,177,Male,2,Research Director,Divorced,53430,1,Y,14,8,1,13,3,13,0,8,3,2,4,3,3,6.378153249
33,Yes,Travel_Rarely,Research & Development,10,3,Life Sciences,1,178,Female,4,Research Director,Married,67280,7,Y,22,8,0,15,2,7,7,7,2,3,4,2,4,8.477647198
33,Yes,Travel_Rarely,Sales,5,4,Marketing,1,179,Male,2,Research Director,Divorced,66520,7,Y,25,8,0,8,5,4,1,3,1,4,3,3,4,6.965121812
30,No,Travel_Rarely,Research & Development,2,3,Life Sciences,1,180,Male,1,Sales Executive,Single,48500,0,Y,12,8,1,4,4,3,1,2,4,2,3,3,3,6.474620793
35,No,Travel_Rarely,Research & Development,12,2,Medical,1,181,Female,2,Sales Representative,Married,28090,4,Y,23,8,1,10,2,8,0,0,4,3,3,1,4,8.876004362
31,Yes,Travel_Frequently,Research & Development,22,2,Medical,1,182,Female,2,Sales Executive,Married,56890,3,Y,15,8,2,12,2,1,0,0,1,3,3,2,3,6.588341862
34,Yes,Travel_Frequently,Sales,17,1,Marketing,1,183,Male,1,Research Director,Divorced,20010,9,Y,22,8,1,11,5,3,0,2,2,1,3,4,4,10.99557314
42,No,Travel_Frequently,Research & Development,2,4,Medical,1,184,Female,1,Research Scientist,Married,29770,4,Y,15,8,3,8,3,2,2,0,2,3,3,2,3,7.810652072
36,No,Non-Travel,Research & Development,3,4,Medical,1,185,Male,1,Research Scientist,Single,40250,1,Y,11,8,0,10,3,10,9,7,2,4,2,3,3,7.229256603
22,Yes,Travel_Frequently,Research & Development,7,3,Medical,1,186,Female,2,Laboratory Technician,Single,37850,5,Y,13,8,2,4,2,2,1,2,3,3,3,3,3,6.419389839
48,No,Travel_Rarely,Research & Development,6,3,Medical,1,187,Male,1,Laboratory Technician,Married,108540,2,Y,14,8,1,14,6,9,6,7,2,4,3,3,3,6.779623617
55,No,Travel_Rarely,Research & Development,1,3,Medical,1,188,Female,1,Sales Executive,Single,120310,3,Y,11,8,0,37,5,10,7,7,1,2,3,3,3,7.390809592
41,No,Non-Travel,Research & Development,3,2,Life Sciences,1,189,Female,2,Research Scientist,Single,99360,7,Y,17,8,1,16,2,14,1,10,4,4,3,2,3,6.192049517
35,No,Travel_Rarely,Research & Development,22,3,Medical,1,190,Female,1,Sales Representative,Married,29660,9,Y,18,8,0,15,2,11,6,9,2,3,3,2,3,6.014660229
40,No,Travel_Rarely,Research & Development,15,3,Life Sciences,1,191,Female,2,Laboratory Technician,Single,25710,7,Y,14,8,0,22,1,20,5,13,2,3,3,3,3,7.301029144
39,No,Travel_Frequently,Research & Development,12,1,Medical,1,192,Male,1,Research Scientist,Married,99910,1,Y,16,8,1,8,3,8,0,7,3,3,3,3,3,7.061997245
31,No,Travel_Rarely,Research & Development,1,4,Life Sciences,1,193,Male,3,Research Director,Single,61420,4,Y,13,8,2,10,2,6,0,5,2,4,4,2,3,8.724735996
42,No,Travel_Rarely,Research & Development,5,3,Medical,1,194,Male,3,Sales Executive,Married,53900,1,Y,14,8,0,10,3,10,5,8,4,1,2,3,3,10.80760476
45,No,Travel_Rarely,Research & Development,2,1,Medical,1,195,Female,4,Sales Executive,Married,44040,0,Y,23,8,0,9,2,8,3,7,4,2,4,3,4,7.41028884
26,Yes,Travel_Frequently,Research & Development,2,1,Life Sciences,1,196,Female,2,Laboratory Technician,Divorced,59930,0,Y,12,8,0,8,3,7,1,0,,3,2,3,3,9.190491803
29,No,Travel_Rarely,Research & Development,5,3,Medical,1,197,Male,1,Research Scientist,Divorced,51300,4,Y,11,8,0,8,3,3,1,2,4,4,4,2,3,7.393010478
33,No,Travel_Rarely,Research & Development,16,3,Medical,1,198,Female,1,Laboratory Technician,Divorced,20900,4,Y,16,8,0,10,2,6,0,5,1,3,3,3,3,7.402587598
31,No,Travel_Rarely,Research & Development,2,4,Life Sciences,1,199,Female,1,Sales Executive,Divorced,29090,9,Y,14,8,2,10,2,5,0,1,3,4,2,3,3,6.711708215
18,Yes,Travel_Frequently,Research & Development,2,3,Technical Degree,1,200,Male,1,Sales Executive,Single,34680,1,Y,18,8,2,0,4,0,0,0,2,2,3,4,3,9.230231674
40,No,Non-Travel,Research & Development,1,4,Technical Degree,1,201,Female,2,Laboratory Technician,Divorced,30680,3,Y,19,8,0,20,3,1,0,1,3,1,3,2,3,6.880860065
41,No,Non-Travel,Research & Development,23,3,Life Sciences,1,202,Male,2,Manufacturing Director,Single,26700,2,Y,15,8,2,10,2,8,0,7,1,3,3,2,3,9.292572464
26,No,Travel_Rarely,Research & Development,9,4,Medical,1,203,Male,3,Healthcare Representative,Divorced,26930,5,Y,17,8,3,8,3,0,0,0,1,3,3,2,3,6.016148714
35,No,Travel_Rarely,Research & Development,16,4,Medical,1,204,Male,2,Human Resources,Single,95260,1,Y,15,8,0,5,2,5,0,3,1,3,3,2,3,6.326000244
34,No,Travel_Rarely,Research & Development,26,3,Medical,1,205,Male,1,Laboratory Technician,Single,52370,1,Y,19,8,1,10,3,10,5,7,4,4,3,2,3,6.40612166
26,Yes,Travel_Rarely,Sales,1,3,Marketing,1,206,Female,2,Manufacturing Director,Single,24260,1,Y,22,8,0,1,3,1,0,0,3,4,1,1,4,8.751425846
37,No,Travel_Rarely,Research & Development,8,1,Life Sciences,1,207,Male,1,Sales Executive,Single,41930,4,Y,16,8,1,12,5,6,1,2,2,4,4,3,3,7.389827546
46,No,Travel_Frequently,Research & Development,4,1,Medical,1,208,Male,5,Human Resources,Married,29110,5,Y,13,8,0,28,3,2,1,2,1,3,2,3,3,6.196189084
41,No,Travel_Rarely,Research & Development,24,1,Life Sciences,1,209,Male,1,Research Director,Married,26610,7,Y,14,8,1,22,2,18,11,8,2,1,3,3,3,7.706279637
37,No,Non-Travel,Research & Development,7,2,Medical,1,210,Male,1,Sales Executive,Divorced,20280,1,Y,16,8,1,9,3,9,7,7,1,2,3,3,3,7.506634394
52,No,Travel_Rarely,Sales,2,1,Medical,1,211,Male,1,Laboratory Technician,Divorced,99800,,Y,11,8,1,18,2,10,6,9,4,1,3,3,3,9.075687614
32,Yes,Non-Travel,Research & Development,7,2,Life Sciences,1,212,Female,2,Research Director,Married,32980,8,Y,22,8,0,6,4,4,1,2,4,3,3,2,4,5.993242278
24,No,Travel_Frequently,Sales,22,3,Life Sciences,1,213,Female,1,Healthcare Representative,Married,29350,0,Y,14,8,2,3,5,2,2,1,4,4,3,2,3,6.03085629
38,No,Travel_Rarely,Research & Development,5,3,Life Sciences,1,214,Female,1,Research Scientist,Married,154270,3,Y,16,8,1,18,2,1,0,0,3,3,3,3,3,6.020102278
37,No,Travel_Rarely,Research & Development,1,4,Technical Degree,1,215,Female,5,Research Scientist,Married,39440,6,Y,11,8,2,8,3,6,4,3,2,2,2,3,3,6.899095171
49,No,Travel_Rarely,Sales,21,1,Life Sciences,1,216,Male,1,Sales Executive,Divorced,40110,1,Y,18,8,2,31,2,31,0,9,4,3,3,1,3,10.78168511
24,No,Travel_Rarely,Sales,1,3,Marketing,1,217,Female,1,Sales Executive,Married,34070,1,Y,15,8,2,6,2,6,1,4,2,4,3,2,3,8.983126503
26,No,Travel_Rarely,Research & Development,19,4,Technical Degree,1,218,Female,4,Sales Executive,Married,119940,1,Y,14,8,1,6,6,5,1,4,1,2,4,3,3,7.383425161
24,No,Travel_Rarely,Sales,7,3,Medical,1,219,Female,1,Laboratory Technician,Married,12320,1,Y,12,8,0,1,4,1,0,0,4,2,3,1,3,6.823666188
50,No,Travel_Frequently,Sales,2,2,Marketing,1,220,Male,1,Sales Executive,Married,29600,1,Y,14,8,3,32,2,32,10,7,1,2,3,3,3,6.789116576
25,No,Travel_Rarely,Research & Development,2,3,Life Sciences,1,221,Male,1,Research Scientist,Married,190940,1,Y,16,8,0,7,3,7,0,6,2,3,3,2,3,7.409312286
24,Yes,Travel_Frequently,Research & Development,2,3,Medical,1,222,Male,2,Research Scientist,Married,39190,1,Y,21,8,0,6,3,6,1,2,1,3,3,3,4,10.82543586
30,Yes,Travel_Frequently,Research & Development,9,3,Other,1,223,Male,2,Healthcare Representative,Married,68250,1,Y,14,8,0,1,2,1,0,0,2,1,4,3,3,6.877650215
34,No,Travel_Rarely,Sales,6,2,Life Sciences,1,224,Male,4,Research Director,Married,102480,1,Y,12,8,1,6,4,6,1,3,2,4,3,3,3,8.906513949
31,Yes,Travel_Rarely,Research & Development,9,1,Medical,1,225,Female,1,Sales Representative,Divorced,189470,2,Y,12,8,2,9,2,3,1,2,2,1,1,2,3,6.683451883
35,No,Travel_Rarely,Research & Development,2,3,Life Sciences,1,226,Female,5,Sales Executive,Single,24960,4,Y,17,8,3,9,3,3,0,2,1,4,3,3,3,7.924495583
31,No,Travel_Rarely,Sales,1,3,Marketing,1,227,Female,2,Sales Executive,Divorced,64650,4,Y,17,8,0,13,3,7,5,7,1,4,4,3,3,6.310503324
27,No,Travel_Rarely,Sales,22,4,Medical,1,228,Male,1,Sales Representative,Divorced,22060,0,Y,14,8,1,6,4,5,0,3,1,3,2,3,3,7.887926546
37,No,Travel_Rarely,Sales,9,4,Marketing,1,229,Female,2,Laboratory Technician,Married,20860,4,Y,14,8,0,17,3,3,1,0,4,3,2,3,3,8.882879515
20,No,Travel_Rarely,Research & Development,17,4,Medical,1,230,Female,1,Sales Representative,Single,22930,1,Y,13,8,2,1,3,1,0,0,4,2,4,1,3,7.089900138
42,No,Travel_Rarely,Research & Development,28,4,Life Sciences,1,231,Female,2,Manufacturing Director,Married,26450,1,Y,15,8,0,10,5,10,2,2,3,4,3,3,3,7.490815603
43,No,Travel_Rarely,Research & Development,10,5,Technical Degree,1,232,Female,2,Sales Executive,Divorced,26830,4,Y,11,8,0,21,3,1,0,0,2,4,2,3,3,8.685538549
38,No,Travel_Rarely,Human Resources,2,4,Medical,1,233,Male,1,Human Resources,Single,20140,3,Y,17,8,1,8,5,0,0,0,3,1,2,4,3,6.802448347
43,No,Travel_Frequently,Sales,4,3,Medical,1,234,Female,2,Healthcare Representative,Divorced,34190,3,Y,11,8,1,10,5,8,4,7,4,3,3,3,3,9.126422039
48,No,Travel_Rarely,Research & Development,8,1,Medical,1,235,Male,2,Laboratory Technician,Married,53760,7,Y,13,8,1,21,3,3,0,2,4,1,1,4,3,7.016586967
44,No,Travel_Rarely,Sales,29,4,Marketing,1,236,Male,2,Sales Executive,Single,19510,4,Y,22,8,3,10,4,2,0,2,1,3,4,4,4,6.704297027
34,No,Travel_Rarely,Research & Development,13,4,Life Sciences,1,237,Female,1,Laboratory Technician,Divorced,23410,1,Y,20,8,2,8,3,8,0,6,3,3,3,2,4,8.402038627
27,Yes,Travel_Rarely,Sales,27,3,Life Sciences,1,238,Male,2,Research Scientist,Divorced,22930,0,Y,18,8,0,5,0,4,0,2,3,1,3,3,3,6.483074152
21,No,Travel_Rarely,Sales,16,2,Life Sciences,1,239,Male,3,Sales Executive,Single,87260,1,Y,11,8,1,3,2,3,1,2,3,3,3,1,3,7.233100242
44,No,Travel_Rarely,Research & Development,2,2,Life Sciences,1,240,Male,1,Laboratory Technician,Married,40110,4,Y,14,8,1,26,2,2,0,1,4,4,4,3,3,8.69020202
22,No,Travel_Rarely,Research & Development,2,2,Medical,1,241,Female,2,Laboratory Technician,Married,195450,0,Y,14,8,0,3,3,2,2,2,1,3,3,2,3,6.037342144
33,No,Travel_Rarely,Sales,13,4,Marketing,1,242,Female,2,Manufacturing Director,Divorced,45680,0,Y,18,8,1,6,2,5,1,2,3,3,3,3,3,7.282165485
32,No,Travel_Rarely,Research & Development,1,1,Life Sciences,1,243,Female,1,Healthcare Representative,Married,30220,1,Y,16,8,1,6,3,6,0,5,1,4,2,3,3,9.377237144
30,No,Travel_Frequently,Research & Development,4,5,Technical Degree,1,244,Male,3,Manager,Divorced,57720,1,Y,17,8,0,1,3,1,0,0,3,3,3,3,3,7.309830052
53,No,Travel_Rarely,Research & Development,24,3,Other,1,245,Female,3,Manager,Single,22690,7,Y,11,8,1,18,2,14,8,10,4,1,4,2,3,7.113752955
34,No,Travel_Rarely,Research & Development,1,5,Medical,1,246,Male,1,Research Scientist,Married,53810,1,Y,12,8,0,10,0,10,8,8,2,4,2,3,3,7.438477452
45,Yes,Travel_Frequently,Research & Development,19,4,Life Sciences,1,247,Male,3,Research Director,Married,34410,2,Y,13,8,1,5,5,1,0,0,1,1,3,3,3,7.57411306
26,No,Travel_Rarely,Research & Development,7,2,Life Sciences,1,248,Male,1,Manufacturing Director,Married,54540,1,Y,13,8,1,3,5,3,0,2,3,4,3,4,3,9.963191029
37,No,Travel_Rarely,Research & Development,4,3,Medical,1,249,Male,1,Manager,Married,98840,1,Y,14,8,0,10,3,10,7,8,3,3,3,2,3,6.214981326
29,No,Travel_Rarely,Research & Development,2,3,Life Sciences,1,250,Female,1,Healthcare Representative,Married,41570,1,Y,17,8,3,6,2,6,1,2,2,3,2,3,3,6.810724122
35,No,Travel_Rarely,Research & Development,10,5,Medical,1,251,Female,4,Laboratory Technician,Single,134580,1,Y,11,8,0,17,3,17,11,8,2,4,3,3,3,6.655866151
33,No,Travel_Frequently,Research & Development,8,3,Technical Degree,1,252,Male,2,Laboratory Technician,Divorced,90690,3,Y,25,8,1,15,3,13,4,7,3,4,1,3,4,7.514910468
54,No,Travel_Rarely,Research & Development,5,2,Life Sciences,1,253,Female,2,Sales Executive,Married,40140,2,Y,19,8,1,16,4,9,7,1,3,2,4,2,3,6.408397904
36,No,Travel_Rarely,Research & Development,8,3,Life Sciences,1,254,Male,2,Research Scientist,Divorced,59150,2,Y,13,8,1,13,3,3,0,2,2,2,3,2,3,10.70296062
27,No,Travel_Rarely,Sales,9,3,Marketing,1,255,Male,5,Research Director,Single,59930,0,Y,14,8,1,5,3,4,1,1,1,4,3,1,3,7.003219807
20,Yes,Travel_Rarely,Research & Development,1,3,Life Sciences,1,256,Male,5,Sales Representative,Single,61620,1,Y,12,8,3,1,2,1,1,1,4,3,3,2,3,8.629089636
33,Yes,Travel_Frequently,Research & Development,15,4,Medical,1,257,Female,1,Laboratory Technician,Single,24060,1,Y,11,8,0,10,3,10,9,7,1,1,3,3,3,10.40263889
35,No,Non-Travel,Research & Development,2,1,Medical,1,258,Male,1,Research Scientist,Married,187400,1,Y,19,8,1,1,2,1,0,0,3,3,3,4,3,6.731132756
23,No,Travel_Rarely,Research & Development,2,3,Life Sciences,1,259,Male,1,Healthcare Representative,Married,76370,2,Y,11,8,1,5,3,3,0,2,1,1,4,3,3,7.089940646
25,No,Travel_Rarely,Research & Development,11,3,Medical,1,260,Male,2,Manufacturing Director,Married,100960,0,Y,11,8,1,4,3,3,1,2,4,2,3,3,3,7.680787229
38,No,Travel_Rarely,Research & Development,16,3,Life Sciences,1,261,Male,5,Research Scientist,Single,147560,0,Y,20,8,1,8,3,7,0,5,4,4,3,2,4,6.798771809
29,No,Travel_Frequently,Sales,2,4,Life Sciences,1,262,Male,4,Healthcare Representative,Divorced,64990,1,Y,18,8,3,10,3,10,2,8,2,4,3,2,3,7.805469432
48,No,Travel_Rarely,Research & Development,16,3,Technical Degree,1,263,Male,1,Sales Executive,Married,97240,3,Y,13,8,0,12,2,2,2,2,2,2,3,4,3,7.098403382
27,No,Travel_Frequently,Sales,4,3,Technical Degree,1,264,Male,5,Laboratory Technician,Divorced,21940,1,Y,12,8,0,6,5,6,0,4,4,4,3,3,3,8.886216762
37,No,Travel_Rarely,Research & Development,16,3,Life Sciences,1,265,Male,3,Manager,Single,33880,3,Y,11,8,0,4,2,1,0,0,4,4,3,4,3,7.604899321
50,No,Travel_Rarely,Sales,5,3,Medical,1,266,Male,1,Laboratory Technician,Married,54730,1,Y,19,8,1,20,2,20,3,8,4,3,3,4,3,9.119233288
34,No,Travel_Rarely,Research & Development,18,1,Medical,1,267,Male,1,Healthcare Representative,Single,27030,1,Y,21,8,1,9,2,8,7,7,4,2,4,3,4,6.820739943
24,Yes,Travel_Rarely,Research & Development,17,2,Life Sciences,1,268,Female,1,Healthcare Representative,Single,25010,9,Y,12,8,0,4,3,2,2,0,1,3,3,1,3,7.512698248
39,No,Travel_Rarely,Research & Development,12,5,Medical,1,269,Female,1,Sales Representative,Single,62200,1,Y,14,8,2,20,2,20,11,10,4,3,3,3,3,6.712491655
32,No,Travel_Rarely,Research & Development,2,3,Life Sciences,1,270,Male,5,Research Scientist,Single,30380,1,Y,11,8,0,10,5,10,0,8,4,4,2,1,3,7.89916548
50,Yes,Travel_Frequently,Research & Development,4,2,Medical,1,271,Male,4,Sales Representative,Married,44240,3,Y,14,8,1,18,2,4,1,3,2,3,3,2,3,8.205001129
38,No,Travel_Rarely,Research & Development,9,4,Life Sciences,1,272,Male,1,Sales Executive,Single,43120,0,Y,12,8,1,10,2,9,1,8,2,4,2,2,3,7.165214592
27,No,Travel_Rarely,Research & Development,10,3,Medical,1,273,Male,5,Research Scientist,Married,132450,1,Y,23,8,1,9,3,9,0,7,3,1,3,2,4,6.510595238
32,No,Travel_Rarely,Sales,1,3,Medical,1,274,Male,2,Sales Executive,Single,136640,3,Y,14,8,0,10,6,7,7,7,3,4,,3,3,7.932475845
47,No,Travel_Rarely,Research & Development,2,3,Medical,1,275,Female,5,Sales Executive,Single,50210,2,Y,17,8,0,20,3,7,1,7,4,1,3,3,3,6.717376142
40,No,Travel_Frequently,Research & Development,3,4,Medical,1,276,Female,3,Human Resources,Married,51260,5,Y,18,8,0,20,2,18,1,12,4,1,3,3,3,8.616050275
53,No,Travel_Rarely,Research & Development,7,1,Life Sciences,1,277,Male,2,Laboratory Technician,Married,28590,3,Y,18,8,1,32,2,5,1,3,3,3,3,3,3,6.75598913
41,No,Travel_Rarely,Sales,6,3,Medical,1,278,Male,1,Sales Executive,Divorced,102390,3,Y,24,8,3,23,3,21,12,6,2,4,2,3,4,7.710548213
60,No,Travel_Rarely,Research & Development,8,2,Life Sciences,1,279,Female,5,Laboratory Technician,Single,53290,8,Y,20,8,0,10,3,2,2,2,1,1,3,4,4,6.608694327
27,No,Travel_Frequently,Research & Development,29,1,Life Sciences,1,280,Male,2,Manufacturing Director,Divorced,43250,1,Y,14,8,0,9,2,9,1,7,4,1,2,2,3,7.345515706
41,No,Travel_Rarely,Research & Development,3,3,Medical,1,281,Male,1,Manufacturing Director,Married,72600,1,Y,16,8,0,22,2,22,2,10,4,3,3,3,3,6.168100858
50,No,Travel_Rarely,Sales,9,3,Life Sciences,1,282,Male,2,Research Scientist,Married,23220,7,Y,25,8,1,4,0,2,2,2,4,2,3,4,4,7.386711943
28,Yes,Travel_Rarely,Sales,2,4,Life Sciences,1,283,Male,3,Research Scientist,Single,20750,7,Y,18,8,3,10,0,7,3,7,1,2,3,2,3,8.098430374
36,No,Non-Travel,Research & Development,10,4,Technical Degree,1,284,Female,2,Research Scientist,Married,41520,9,Y,19,8,1,10,3,8,0,5,1,1,3,3,3,6.020169234
38,No,Travel_Rarely,Research & Development,1,3,Medical,1,285,Female,3,Manager,Single,96190,4,Y,13,8,1,10,2,1,0,0,3,3,4,3,3,9.813845221
44,No,Non-Travel,Research & Development,8,2,Life Sciences,1,286,Male,1,Research Scientist,Single,135030,2,Y,12,8,0,9,6,5,1,4,1,3,3,2,3,6.108189258
47,No,Travel_Frequently,Research & Development,27,3,Life Sciences,1,287,Male,1,Research Scientist,Divorced,54410,9,Y,22,8,1,28,6,22,11,13,4,3,2,2,4,8.305402717
30,No,Travel_Rarely,Research & Development,8,3,Life Sciences,1,288,Male,2,Sales Executive,Divorced,52090,7,Y,14,8,1,10,3,8,7,7,3,4,2,3,3,7.521103958
29,No,Travel_Rarely,Research & Development,1,2,Medical,1,289,Female,1,Sales Executive,Single,106730,1,Y,13,8,3,1,2,1,0,0,3,3,3,3,3,6.406720393
42,Yes,Travel_Frequently,Research & Development,10,1,Life Sciences,1,290,Female,1,Sales Executive,Divorced,50100,6,Y,21,8,3,7,3,2,2,2,3,3,3,3,4,10.0054556
43,No,Travel_Frequently,Research & Development,26,1,Life Sciences,1,291,Male,1,Laboratory Technician,Married,135490,3,Y,11,8,2,7,3,2,2,2,4,4,3,3,3,7.097786017
34,No,Travel_Rarely,Research & Development,2,5,Technical Degree,1,292,Male,2,Healthcare Representative,Single,49990,3,Y,12,8,2,10,2,5,4,3,2,3,3,4,3,6.40783722
23,No,Travel_Rarely,Sales,13,3,Marketing,1,293,Male,5,Sales Executive,Married,42210,1,Y,11,8,1,5,4,4,0,2,2,1,4,3,3,7.803427128
39,No,Travel_Rarely,Sales,2,4,Marketing,1,294,Female,4,Healthcare Representative,Married,138720,9,Y,12,8,3,12,3,8,3,6,3,2,1,2,3,6.295862148
56,No,Travel_Rarely,Research & Development,2,4,Medical,1,295,Male,1,Manager,Married,20420,7,Y,12,8,0,30,6,10,1,1,3,4,2,3,3,7.136065808
40,No,Travel_Rarely,Sales,9,3,Marketing,1,296,Male,2,Research Scientist,Single,20730,0,Y,14,8,0,5,3,4,2,3,4,4,2,3,3,8.798176638
27,No,Travel_Rarely,Research & Development,10,3,Life Sciences,1,297,Female,1,Laboratory Technician,Single,29560,8,Y,13,8,0,9,6,7,0,7,4,1,1,3,3,7.500663707
29,No,Travel_Rarely,Sales,20,3,Marketing,1,298,Female,2,Manager,Divorced,29260,1,Y,15,8,1,2,3,2,2,2,4,2,3,2,3,7.083401262
53,No,Travel_Rarely,Research & Development,9,3,Life Sciences,1,299,Female,3,Laboratory Technician,Single,48090,2,Y,18,8,0,19,2,2,2,2,4,4,3,3,3,6.276725404
35,No,Non-Travel,Research & Development,5,1,Medical,1,300,Male,1,Healthcare Representative,Divorced,51630,2,Y,18,8,2,16,4,1,0,0,4,1,4,3,3,7.098347763
32,No,Travel_Frequently,Sales,4,4,Life Sciences,1,301,Male,2,Sales Executive,Married,188440,1,Y,19,8,0,10,3,10,4,7,,4,3,1,3,7.805346304
38,No,Travel_Rarely,Sales,10,3,Medical,1,302,Male,4,Laboratory Technician,Married,181720,6,Y,12,8,2,6,5,1,0,1,4,3,1,3,3,10.90283052
34,No,Travel_Rarely,Research & Development,20,3,Medical,1,303,Female,3,Laboratory Technician,Divorced,57440,3,Y,19,8,1,7,4,0,0,0,2,1,3,2,3,6.192482493
52,No,Travel_Rarely,Sales,21,5,Technical Degree,1,304,Male,3,Manager,Married,28890,1,Y,11,8,1,34,2,34,1,16,3,1,4,3,3,5.994694444
33,Yes,Travel_Rarely,Research & Development,1,2,Medical,1,305,Male,3,Laboratory Technician,Single,28710,1,Y,17,8,3,10,2,10,7,8,4,4,2,3,3,10.05005486
25,No,Travel_Rarely,Research & Development,8,3,Life Sciences,1,306,Male,2,Research Scientist,Single,74840,1,Y,15,8,0,6,3,6,1,4,3,4,2,3,3,7.678097462
45,No,Travel_Rarely,Sales,2,3,Life Sciences,1,307,Male,3,Healthcare Representative,Single,60740,0,Y,14,8,0,9,2,8,3,1,2,3,3,3,3,5.978927896
23,No,Travel_Rarely,Research & Development,23,1,Life Sciences,1,308,Female,2,Research Scientist,Single,173280,1,Y,17,8,1,2,2,2,0,2,1,3,3,1,3,7.978443487
47,Yes,Travel_Frequently,Research & Development,4,3,Life Sciences,1,309,Male,1,Research Director,Single,27740,4,Y,13,8,1,,2,5,1,3,2,3,3,3,3,10.0083501
34,No,Travel_Rarely,Research & Development,12,3,Technical Degree,1,310,Male,1,Research Scientist,Single,45050,1,Y,12,8,0,6,3,6,1,4,4,4,3,3,3,7.783258197
55,Yes,Travel_Rarely,Human Resources,7,3,Human Resources,1,311,Male,4,Laboratory Technician,Married,74280,5,Y,12,8,0,24,2,5,1,4,4,1,3,3,3,7.978675035
36,No,Non-Travel,Research & Development,7,2,Life Sciences,1,312,Male,5,Sales Executive,Single,116310,1,Y,18,8,1,10,2,10,0,9,1,1,3,1,3,7.403508142
52,No,Non-Travel,Research & Development,1,4,Life Sciences,1,313,Male,5,Sales Executive,Married,97380,0,Y,18,8,2,5,2,4,1,2,4,4,3,3,3,7.212850092
26,No,Travel_Frequently,Research & Development,2,2,Life Sciences,1,314,Male,1,Manufacturing Director,Divorced,28350,3,Y,11,8,1,5,2,2,2,0,1,,3,3,3,7.081466715
29,No,Travel_Rarely,Research & Development,10,2,Medical,1,315,Male,3,Manufacturing Director,Married,169590,4,Y,14,8,3,11,5,8,1,1,2,3,2,3,3,6.293542824
26,Yes,Travel_Rarely,Research & Development,15,2,Life Sciences,1,316,Male,2,Laboratory Technician,Single,26130,6,Y,19,8,1,6,2,4,1,2,4,1,2,3,3,6.192324879
34,No,Travel_Rarely,Research & Development,14,4,Technical Degree,1,317,Male,2,Manufacturing Director,Single,61460,2,Y,12,8,0,10,3,4,1,3,2,4,3,3,3,6.202630172
54,No,Travel_Rarely,Research & Development,18,4,Medical,1,318,Female,2,Laboratory Technician,Divorced,49630,9,Y,15,8,1,9,2,5,1,4,4,1,3,3,3,8.909899818
27,No,Travel_Frequently,Research & Development,13,2,Life Sciences,1,319,Female,4,Research Scientist,Married,195370,0,Y,12,8,0,5,5,4,1,1,3,4,3,3,3,6.809992997
37,No,Travel_Rarely,Sales,2,4,Technical Degree,1,320,Male,2,Manufacturing Director,Divorced,61720,0,Y,11,8,0,6,1,5,4,3,4,1,2,3,3,9.455226337
38,No,Travel_Frequently,Sales,2,4,Life Sciences,1,321,Female,2,Research Scientist,Single,23680,6,Y,11,8,1,17,3,15,4,12,1,1,3,3,3,10.81049702
34,No,Travel_Rarely,Sales,2,3,Marketing,1,322,Male,1,Sales Representative,Single,103120,1,Y,12,8,0,6,2,6,1,3,3,1,3,3,3,6.924316979
35,No,Travel_Rarely,Research & Development,5,4,Medical,1,323,Male,3,Manager,Married,16750,1,Y,16,8,0,3,6,3,0,2,1,4,2,2,3,7.799306694
30,No,Travel_Rarely,Research & Development,20,3,Medical,1,324,Male,1,Laboratory Technician,Married,25230,3,Y,13,8,1,7,2,2,0,2,4,3,3,3,3,7.168747563
40,No,Travel_Frequently,Research & Development,10,4,Medical,1,325,Male,2,Manufacturing Director,Married,65670,1,Y,13,8,1,8,3,8,3,7,3,2,3,4,3,6.453228166
34,No,Travel_Rarely,Research & Development,10,3,Life Sciences,1,326,Male,3,Healthcare Representative,Married,47390,5,Y,24,8,2,6,2,3,1,2,3,1,3,3,4,7.936015284
42,No,Travel_Frequently,Research & Development,9,4,Medical,1,327,Male,1,Manufacturing Director,Divorced,92080,1,Y,15,8,1,24,2,24,14,9,2,4,2,4,3,7.822759412
23,Yes,Travel_Rarely,Sales,2,3,Medical,1,328,Female,4,Manufacturing Director,Married,45590,1,Y,18,8,1,1,2,0,0,0,3,1,3,2,3,7.975096109
24,No,Non-Travel,Sales,1,5,Marketing,1,329,Female,1,Manufacturing Director,Divorced,81890,1,Y,14,8,1,1,3,1,0,0,3,2,3,3,3,6.815337713
52,No,Travel_Rarely,Research & Development,29,3,Life Sciences,1,330,Male,2,Manufacturing Director,Married,29420,8,Y,11,8,1,9,1,5,1,4,4,3,3,2,3,6.073565401
50,No,Travel_Rarely,Research & Development,8,4,Life Sciences,1,331,Male,2,Sales Executive,Married,49410,5,Y,11,8,1,30,3,4,0,3,3,3,3,1,3,6.410002354
29,Yes,Travel_Rarely,Sales,2,4,Marketing,1,332,Female,4,Research Scientist,Married,106500,1,Y,13,8,2,1,2,1,0,0,2,1,3,4,3,10.69554323
33,No,Travel_Rarely,Research & Development,3,4,Life Sciences,1,333,Male,4,Manufacturing Director,Married,59020,0,Y,12,8,1,14,2,13,3,7,3,3,4,3,3,6.985387275
33,Yes,Travel_Rarely,Research & Development,23,5,Life Sciences,1,334,Male,1,Human Resources,Single,86390,5,Y,16,8,2,6,3,3,0,2,1,1,3,2,3,7.986834252
47,No,Travel_Rarely,Research & Development,6,4,Other,1,335,Male,2,Manager,Married,63470,1,Y,14,8,0,26,2,26,3,0,3,4,2,4,3,9.466814893
36,No,Travel_Rarely,Sales,6,3,Medical,1,336,Female,2,Sales Executive,Married,42000,0,Y,22,8,0,10,3,9,0,5,3,2,3,3,4,7.715425195
29,No,Travel_Rarely,Research & Development,10,3,Other,1,337,Male,1,Research Scientist,Married,34520,1,Y,11,8,0,10,3,10,0,7,3,3,3,2,3,7.725977587
58,Yes,Travel_Rarely,Research & Development,24,3,Other,1,338,Female,2,Research Scientist,Single,43170,7,Y,17,8,0,40,2,31,13,8,4,2,3,3,3,8.896329023
35,No,Travel_Rarely,Sales,10,4,Marketing,1,339,Female,1,Research Scientist,Single,26320,3,Y,13,8,3,7,3,2,2,2,4,3,3,4,3,7.781327942
42,No,Travel_Rarely,Sales,15,1,Marketing,1,340,Male,2,Laboratory Technician,Married,46680,9,Y,18,8,2,8,2,4,0,2,4,4,3,3,3,10.47217193
28,Yes,Travel_Rarely,Research & Development,19,4,Medical,1,341,Female,2,Sales Executive,Single,32040,6,Y,16,8,1,5,4,2,2,1,3,3,2,2,3,6.202743961
36,No,Travel_Rarely,Research & Development,2,3,Life Sciences,1,342,Male,2,Healthcare Representative,Married,27200,4,Y,14,8,1,8,3,5,0,4,3,2,3,3,3,6.620693226
32,No,Travel_Rarely,Research & Development,3,1,Medical,1,343,Male,2,Manufacturing Director,Married,171810,1,Y,14,8,0,14,2,14,6,8,3,3,3,2,3,7.992996633
40,No,Travel_Frequently,Sales,9,3,Marketing,1,344,Male,3,Manufacturing Director,Single,22380,,Y,14,8,0,10,3,1,0,0,1,3,3,3,3,6.885680077
30,No,Travel_Rarely,Research & Development,7,3,Technical Degree,1,345,Male,2,Research Director,Single,14830,5,Y,13,8,0,12,3,0,0,0,3,4,2,3,3,9.377876417
45,No,Travel_Rarely,Research & Development,10,4,Life Sciences,1,346,Male,1,Research Director,Single,56050,1,Y,12,8,2,1,2,1,0,0,2,3,3,3,3,6.619438432
42,No,Travel_Rarely,Research & Development,20,2,Medical,1,347,Male,2,Sales Representative,Married,72950,1,Y,15,8,0,10,3,9,7,8,2,2,2,3,3,7.581864426
38,No,Travel_Frequently,Sales,4,3,Medical,1,348,Male,2,Research Scientist,Divorced,23060,2,Y,19,8,1,13,5,4,1,2,1,1,2,3,3,7.59510101
34,No,Travel_Frequently,Research & Development,7,4,Life Sciences,1,349,Male,3,Laboratory Technician,Single,23480,1,Y,14,8,1,6,3,5,1,3,3,4,3,3,3,6.873507092
49,Yes,Travel_Rarely,Sales,7,2,Life Sciences,1,350,Female,2,Healthcare Representative,Married,89980,1,Y,14,8,2,9,2,9,7,7,3,4,4,4,3,6.287247475
55,Yes,Travel_Rarely,Human Resources,16,3,Technical Degree,1,351,Male,4,Manufacturing Director,Single,43190,4,Y,11,8,0,12,3,9,7,3,3,4,2,4,3,6.376486355
43,No,Travel_Rarely,Research & Development,25,2,Medical,1,352,Male,2,Healthcare Representative,Married,61320,6,Y,13,8,0,22,3,4,1,0,2,1,3,2,3,7.334411977
27,No,Travel_Rarely,Sales,2,4,Medical,1,353,Male,2,Manager,Divorced,33460,1,Y,21,8,1,9,2,9,0,8,3,4,3,2,4,10.49404084
35,No,Travel_Rarely,Research & Development,1,3,Medical,1,354,Male,1,Research Director,Single,108550,3,Y,13,8,1,17,2,8,1,6,3,3,4,3,3,6.994789916
28,No,Travel_Rarely,Sales,1,2,Technical Degree,1,355,Female,1,Sales Executive,Married,22310,1,Y,12,8,0,8,3,8,7,5,2,2,3,2,3,9.909392077
34,No,Travel_Rarely,Sales,2,5,Life Sciences,1,356,Male,4,Research Scientist,Married,23230,0,Y,17,8,0,4,2,3,0,2,3,4,1,3,3,6.892396694
26,Yes,Travel_Frequently,Research & Development,22,4,Other,1,357,Female,1,Sales Executive,Married,20240,1,Y,23,8,0,8,2,8,1,7,3,3,3,3,4,7.99831401
27,No,Non-Travel,Sales,1,3,Technical Degree,1,358,Female,1,Sales Executive,Married,27130,1,Y,11,8,0,0,2,0,0,0,4,4,2,3,3,7.311344671
51,No,Travel_Rarely,Sales,16,3,Medical,1,359,Male,3,Research Scientist,Married,94390,2,Y,15,8,3,29,0,20,4,17,1,3,2,3,3,6.114925445
44,No,Travel_Rarely,Sales,24,5,Medical,1,360,Female,1,Sales Executive,Single,25660,9,Y,11,8,1,10,3,5,2,3,4,2,2,3,3,6.318081125
25,No,Travel_Rarely,Research & Development,17,3,Medical,1,361,Male,1,Laboratory Technician,Single,199260,7,Y,11,8,3,6,5,4,0,1,1,1,2,4,3,6.41649043
33,No,Travel_Rarely,Research & Development,8,4,Life Sciences,1,362,Male,3,Laboratory Technician,Divorced,24510,1,Y,13,8,1,9,3,9,0,8,1,1,3,2,3,6.019625403
35,No,Travel_Rarely,Sales,6,4,Medical,1,363,Female,2,Manager,Single,94190,1,Y,24,8,1,6,5,6,1,1,3,1,2,2,4,6.903253968
36,No,Travel_Rarely,Sales,10,4,Marketing,1,364,Male,3,Manager,Married,86860,1,Y,13,8,0,18,2,18,4,11,2,4,2,3,3,9.704113475
32,No,Travel_Rarely,Research & Development,3,4,Medical,1,365,Female,4,Sales Executive,Divorced,30380,2,Y,20,8,0,8,3,5,0,3,2,4,2,3,4,7.7893566
30,No,Travel_Frequently,Research & Development,4,5,Medical,1,366,Male,5,Sales Representative,Divorced,30580,9,Y,14,8,1,10,2,5,0,3,2,4,2,3,3,6.412108696
53,No,Travel_Rarely,Sales,6,3,Marketing,1,367,Male,4,Sales Executive,Married,23250,7,Y,18,8,1,35,1,5,0,4,1,4,3,4,3,10.39112812
45,No,Travel_Rarely,Research & Development,1,5,Technical Degree,1,368,Male,2,Healthcare Representative,Divorced,20880,4,Y,15,8,3,18,2,5,0,2,4,1,3,3,3,8.524001406
32,No,Travel_Rarely,Sales,10,3,Marketing,1,369,Female,1,Human Resources,Married,30720,5,Y,12,8,0,9,4,5,1,3,3,3,2,1,3,6.586567952
52,No,Travel_Frequently,Research & Development,1,1,Life Sciences,1,370,Male,2,Laboratory Technician,Married,50060,3,Y,16,8,1,31,2,9,0,0,3,4,3,3,3,7.586581197
37,No,Travel_Rarely,Sales,24,2,Life Sciences,1,371,Female,4,Laboratory Technician,Divorced,42570,4,Y,15,8,0,9,2,1,0,0,4,3,3,3,3,6.104338405
28,No,Travel_Rarely,Research & Development,21,4,Life Sciences,1,372,Female,1,Healthcare Representative,Divorced,25000,1,Y,16,8,2,6,3,5,0,4,2,4,3,3,3,6.291572442
22,No,Travel_Rarely,Research & Development,2,2,Life Sciences,1,373,Male,1,Sales Representative,Married,11020,6,Y,19,8,0,4,3,2,2,2,4,4,1,2,3,6.482304837
44,No,Travel_Rarely,Research & Development,22,3,Medical,1,374,Female,1,Laboratory Technician,Married,104530,2,Y,11,8,1,10,2,3,0,2,1,4,2,3,3,10.98365491
42,No,Travel_Frequently,Sales,13,4,Life Sciences,1,375,Female,2,Laboratory Technician,Single,22880,5,Y,16,8,1,8,4,2,2,2,2,4,3,2,3,8.008833333
36,No,Travel_Rarely,Research & Development,14,3,Other,1,376,Male,2,Research Scientist,Married,39290,0,Y,24,8,0,6,6,5,0,3,1,1,3,2,4,7.591120294
25,No,Travel_Rarely,Sales,11,3,Life Sciences,1,377,Female,1,Laboratory Technician,Married,23110,1,Y,11,8,1,5,2,5,0,3,3,1,3,3,3,10.4096262
35,No,Travel_Rarely,Research & Development,9,2,Life Sciences,1,378,Female,1,Healthcare Representative,Married,31400,1,Y,13,8,1,17,2,17,5,15,4,3,3,2,3,8.795422125
35,Yes,Travel_Frequently,Sales,8,2,Marketing,1,379,Female,1,Laboratory Technician,Divorced,36900,1,Y,13,8,1,10,2,10,7,8,4,2,2,4,3,10.00046777
32,No,Non-Travel,Research & Development,21,3,Life Sciences,1,380,Male,1,Sales Executive,Divorced,44500,0,Y,13,8,0,4,3,3,0,2,4,4,3,3,3,7.885713246
25,No,Travel_Rarely,Sales,5,3,Marketing,1,381,Female,4,Research Scientist,Married,27560,1,Y,12,8,2,5,2,5,0,3,3,1,4,3,3,7.795277778
49,No,Travel_Rarely,Sales,9,3,Technical Degree,1,382,Female,2,Sales Representative,Married,190330,2,Y,18,8,1,7,5,4,0,2,3,1,3,3,3,7.469465191
24,No,Non-Travel,Research & Development,2,5,Technical Degree,1,383,Male,2,Healthcare Representative,Married,187220,0,Y,22,8,1,6,3,5,3,4,1,4,2,3,4,7.561153382
32,No,Travel_Frequently,Research & Development,12,5,Medical,1,384,Male,1,Research Scientist,Married,95470,1,Y,13,8,1,10,3,10,5,3,2,2,3,2,3,6.814644208
38,No,Travel_Rarely,Sales,22,2,Medical,1,385,Male,1,Sales Executive,Married,137340,0,Y,13,8,0,3,3,2,1,2,2,2,3,4,3,6.987524718
42,No,Travel_Rarely,Research & Development,18,1,Technical Degree,1,386,Female,2,Research Scientist,Married,199990,2,Y,23,8,1,17,6,5,1,3,3,4,2,3,4,9.614905858
31,No,Travel_Rarely,Research & Development,16,3,Life Sciences,1,387,Female,3,Sales Executive,Married,22790,3,Y,12,8,1,8,3,6,0,2,4,4,3,3,3,10.09835301
29,Yes,Travel_Rarely,Sales,3,3,Marketing,1,388,Male,3,Laboratory Technician,Divorced,59160,6,Y,12,8,0,5,2,3,0,2,2,3,3,3,3,9.394445592
53,No,Travel_Rarely,Research & Development,9,3,Life Sciences,1,389,Male,1,Sales Representative,Married,20890,5,Y,16,8,0,28,2,2,2,2,1,4,3,2,3,6.36606104
35,No,Travel_Rarely,Research & Development,1,3,Life Sciences,1,390,Male,3,Healthcare Representative,Married,167920,3,Y,12,8,1,16,3,13,4,8,4,2,3,4,3,7.105
37,No,Travel_Frequently,Research & Development,13,4,Life Sciences,1,391,Female,3,Human Resources,Married,35640,5,Y,11,8,0,10,1,5,0,0,3,4,3,1,3,7.4088026
53,No,Travel_Rarely,Research & Development,1,1,Medical,1,392,Male,1,Sales Executive,Single,44250,6,Y,22,8,1,33,2,12,3,8,4,4,3,4,4,6.66933857
43,No,Travel_Frequently,Research & Development,1,3,Medical,1,393,Male,1,Laboratory Technician,Married,52650,4,Y,11,8,1,12,4,5,2,2,4,4,2,3,3,7.585617284
47,No,Travel_Rarely,Sales,15,4,Marketing,1,394,Female,3,Research Director,Married,65530,0,Y,15,8,0,8,2,7,7,7,3,4,3,3,3,10.68291325
37,No,Non-Travel,Research & Development,1,5,Medical,1,395,Female,2,Research Scientist,Single,62610,1,Y,12,8,0,10,1,10,0,9,1,2,3,3,3,8.309069386
50,No,Non-Travel,Research & Development,17,3,Medical,1,396,Female,1,Laboratory Technician,Divorced,42980,1,Y,20,8,1,31,6,31,14,7,1,1,3,3,4,6.612721735
39,No,Travel_Rarely,Research & Development,1,3,Other,1,397,Female,3,Human Resources,Married,68040,8,Y,14,8,1,13,3,5,0,4,4,4,3,2,3,6.882712018
33,No,Travel_Rarely,Sales,7,3,Life Sciences,1,398,Male,2,Manufacturing Director,Divorced,38150,3,Y,11,8,1,7,3,4,0,3,4,2,4,3,3,9.41635461
32,Yes,Travel_Rarely,Research & Development,9,1,Medical,1,399,Female,1,Laboratory Technician,Single,27410,1,Y,15,8,1,1,5,1,0,1,1,4,1,2,3,10.02503374
29,No,Travel_Rarely,Research & Development,5,4,Life Sciences,1,400,Female,4,Healthcare Representative,Divorced,66730,6,Y,12,8,1,8,2,4,0,3,1,4,3,4,3,6.45234646
44,No,Travel_Rarely,Research & Development,26,2,Life Sciences,1,401,Male,2,Manufacturing Director,Married,76390,1,Y,14,8,0,8,6,8,7,1,2,1,3,3,3,9.774024872
28,No,Travel_Rarely,Sales,24,5,Life Sciences,1,402,Female,1,Research Scientist,Single,23280,1,Y,11,8,2,4,3,4,0,2,1,4,3,3,3,6.417041116
58,Yes,Travel_Frequently,Sales,9,2,Technical Degree,1,403,Male,1,Sales Executive,Divorced,21530,9,Y,11,8,0,3,3,1,0,0,4,4,2,3,3,10.50040756
43,No,Travel_Rarely,Sales,7,4,Marketing,1,404,Male,2,Sales Executive,Divorced,48760,4,Y,16,8,2,4,4,1,0,0,1,2,4,3,3,6.578010604
20,Yes,Travel_Rarely,Research & Development,11,3,Medical,1,405,Male,2,Sales Executive,Single,93960,1,Y,12,8,0,2,6,2,0,2,3,3,2,1,3,7.105422602
21,Yes,Travel_Rarely,Research & Development,1,3,Medical,1,406,Male,2,Sales Executive,Single,104000,1,Y,13,8,1,1,2,1,0,0,,4,2,3,3,7.877935374
36,No,Travel_Rarely,Research & Development,26,4,Medical,1,407,Male,1,Laboratory Technician,Married,84740,0,Y,14,8,0,17,3,16,4,11,3,4,2,3,3,10.29772655
47,No,Travel_Rarely,Research & Development,2,3,Life Sciences,1,408,Male,2,Manufacturing Director,Single,99810,1,Y,21,8,1,3,3,3,1,2,4,4,2,3,4,8.485591889
22,Yes,Travel_Rarely,Research & Development,15,4,Life Sciences,1,409,Female,1,Laboratory Technician,Married,124900,0,Y,13,8,0,4,3,3,0,2,2,3,4,3,3,9.80230982
41,Yes,Travel_Rarely,Research & Development,23,3,Life Sciences,1,410,Female,2,Sales Executive,Divorced,26570,4,Y,11,8,0,10,3,7,1,0,2,4,2,4,3,10.41046056
28,No,Travel_Rarely,Research & Development,10,3,Life Sciences,1,411,Female,3,Manager,Divorced,135910,5,Y,20,8,1,6,2,2,2,2,3,3,3,3,4,7.677303437
39,Yes,Travel_Rarely,Research & Development,10,4,Life Sciences,1,412,Female,4,Human Resources,Married,66960,7,Y,11,8,0,8,3,2,2,2,4,1,1,3,3,10.66626918
27,No,Travel_Rarely,Research & Development,1,3,Medical,1,413,Male,1,Research Scientist,Single,20580,1,Y,14,8,1,1,5,1,0,0,2,3,3,3,3,7.680679916
34,No,Travel_Rarely,Research & Development,12,2,Technical Degree,1,414,Male,2,Human Resources,Divorced,88650,1,Y,11,8,1,1,0,1,1,0,2,2,3,3,3,7.722572267
42,No,Travel_Rarely,Sales,11,1,Technical Degree,1,415,Male,2,Human Resources,Single,59400,7,Y,16,8,0,10,2,5,0,3,3,3,3,2,3,6.878238304
33,No,Travel_Rarely,Sales,2,3,Marketing,1,416,Female,1,Sales Executive,Single,59140,3,Y,16,8,1,6,4,3,0,2,3,1,3,3,3,10.54822596
58,No,Travel_Rarely,Research & Development,2,4,Life Sciences,1,417,Male,1,Research Scientist,Divorced,26220,2,Y,23,8,0,24,3,6,0,4,3,2,3,3,4,8.320311483
31,No,Travel_Rarely,Sales,1,3,Life Sciences,1,418,Female,1,Sales Representative,Married,121850,3,Y,14,8,0,13,2,7,5,2,2,3,4,3,3,6.081554641
35,No,Travel_Rarely,Research & Development,2,1,Life Sciences,1,419,Male,3,Healthcare Representative,Married,106090,1,Y,22,8,0,10,3,10,0,7,4,4,1,3,4,10.38047619
49,No,Travel_Rarely,Research & Development,25,2,Life Sciences,1,420,Female,2,Sales Executive,Married,43450,4,Y,15,8,0,29,3,26,1,7,1,2,2,2,3,6.991830699
48,No,Travel_Rarely,Research & Development,1,4,Medical,1,421,Male,1,Research Scientist,Married,21770,4,Y,18,8,0,13,4,0,0,0,4,3,2,3,3,6.698963273
31,No,Non-Travel,Research & Development,1,2,Technical Degree,1,422,Female,2,Sales Executive,Married,27930,1,Y,16,8,0,9,4,9,0,0,4,3,2,3,3,7.083433515
36,No,Travel_Rarely,Human Resources,2,4,Technical Degree,1,423,Male,1,Sales Executive,Single,79180,2,Y,12,8,2,8,3,6,0,1,2,4,3,2,3,6.503389121
38,No,Travel_Rarely,Sales,6,3,Other,1,424,Male,2,Sales Executive,Married,87890,1,Y,11,8,3,15,4,15,5,11,4,1,3,3,3,7.082066257
32,No,Non-Travel,Sales,18,3,Marketing,1,425,Male,1,Laboratory Technician,Married,23890,6,Y,12,8,1,5,4,3,0,2,3,2,3,2,3,7.082806474
25,Yes,Travel_Rarely,Research & Development,1,2,Life Sciences,1,426,Male,1,Sales Executive,Married,32120,1,Y,15,8,1,1,3,1,0,0,3,2,3,2,3,8.902678827
40,No,Travel_Rarely,Research & Development,1,4,Medical,1,427,Male,2,Research Scientist,Divorced,192320,2,Y,14,8,1,11,3,1,0,0,1,2,2,3,3,6.06614061
26,No,Travel_Frequently,Sales,11,3,Marketing,1,428,Male,2,Healthcare Representative,Single,22670,1,Y,19,8,3,7,2,7,0,7,3,1,3,2,3,7.643866989
41,No,Travel_Rarely,Research & Development,1,4,Medical,1,429,Male,1,Research Scientist,Single,195170,2,Y,13,8,0,20,5,18,2,17,4,1,3,3,3,10.71386862
36,No,Travel_Rarely,Research & Development,9,3,Life Sciences,1,430,Female,2,Healthcare Representative,Single,24360,4,Y,13,8,0,16,3,11,3,9,3,3,3,1,3,7.096325864
19,Yes,Travel_Rarely,Research & Development,15,3,Life Sciences,1,431,Male,2,Research Scientist,Single,160640,1,Y,15,8,1,1,3,1,0,0,4,2,4,3,3,10.61501614
20,Yes,Travel_Rarely,Research & Development,29,3,Life Sciences,1,432,Female,3,Laboratory Technician,Single,27070,1,Y,11,8,0,1,2,1,0,0,1,1,3,3,3,6.083652433
31,No,Travel_Rarely,Research & Development,1,4,Life Sciences,1,433,Male,4,Research Director,Married,190680,0,Y,12,8,0,10,1,9,8,5,4,4,1,3,3,8.32958634
40,No,Travel_Frequently,Sales,1,3,Marketing,1,434,Male,1,Research Scientist,Divorced,39310,8,Y,19,8,0,3,2,1,0,0,4,2,3,2,3,8.140834467
32,No,Travel_Rarely,Research & Development,24,3,Life Sciences,1,435,Male,4,Laboratory Technician,Married,37300,1,Y,25,8,1,8,4,8,6,3,3,1,4,3,4,7.893576832
36,Yes,Travel_Rarely,Research & Development,10,3,Medical,1,436,Male,3,Sales Executive,Married,22320,1,Y,12,8,1,16,2,16,3,7,3,4,3,3,3,9.805889592
33,No,Travel_Rarely,Research & Development,1,4,Medical,1,437,Female,4,Manufacturing Director,Single,44650,0,Y,13,8,0,6,3,5,1,4,2,4,3,3,3,6.017259791
37,Yes,Travel_Rarely,Sales,10,4,Marketing,1,438,Female,3,Human Resources,Married,30720,5,Y,14,8,0,17,3,14,11,7,1,3,1,2,3,6.274626352
45,No,Non-Travel,Research & Development,8,1,Life Sciences,1,439,Male,2,Sales Executive,Married,33190,1,Y,12,8,1,9,3,9,0,8,3,2,2,3,3,6.309092827
29,No,Travel_Frequently,Research & Development,29,1,Life Sciences,1,440,Male,1,Sales Representative,Married,192020,1,Y,12,8,0,3,5,3,0,2,3,4,3,3,3,7.619650655
35,No,Travel_Rarely,Human Resources,1,3,Human Resources,1,441,Male,3,Laboratory Technician,Married,136750,1,Y,15,8,3,5,5,5,1,0,3,3,3,2,3,6.370707923
52,No,Travel_Rarely,Research & Development,5,4,Other,1,442,Male,1,Laboratory Technician,Married,29110,2,Y,17,8,2,26,3,9,7,8,4,4,2,3,3,6.990128385
58,Yes,Travel_Rarely,Sales,9,2,Medical,1,443,Female,4,Sales Executive,Single,59570,4,Y,14,8,1,7,2,1,0,0,4,3,3,1,3,7.47584058
53,No,Travel_Rarely,Research & Development,9,3,Technical Degree,1,444,Male,1,Manager,Divorced,39200,6,Y,16,8,1,22,3,17,15,2,3,3,4,3,3,6.523184114
30,No,Travel_Rarely,Sales,3,4,Marketing,1,445,Male,1,Sales Executive,Divorced,64340,5,Y,14,8,1,10,3,8,7,7,3,3,4,2,3,8.003096798
38,No,Non-Travel,Sales,4,3,Life Sciences,1,446,Male,2,Research Director,Single,100480,1,Y,23,8,1,6,2,5,1,3,3,4,3,3,4,8.100102339
35,No,Travel_Rarely,Sales,1,2,Life Sciences,1,447,Female,2,Healthcare Representative,Divorced,109380,6,Y,14,8,2,12,2,10,0,8,4,4,3,1,3,7.318681435
39,No,Travel_Rarely,Sales,1,1,Marketing,1,448,Male,2,Research Scientist,Single,23400,0,Y,11,8,1,9,2,8,0,7,1,3,3,2,3,6.510007246
40,Yes,Non-Travel,Research & Development,2,4,Life Sciences,1,449,Male,1,Human Resources,Single,65450,4,Y,15,8,0,22,2,1,0,0,2,2,2,3,3,9.472787154
47,No,Travel_Frequently,Research & Development,7,4,Life Sciences,1,450,Male,3,Sales Executive,Divorced,69310,1,Y,11,8,0,20,3,19,2,7,3,3,4,3,3,10.09163239
36,No,Non-Travel,Sales,28,1,Life Sciences,1,451,Male,2,Research Scientist,Divorced,48980,4,Y,13,8,1,12,3,7,0,7,1,4,3,3,3,6.805802342
31,Yes,Non-Travel,Research & Development,28,4,Medical,1,452,Male,2,Research Scientist,Single,25930,0,Y,21,8,0,4,2,3,1,2,3,1,3,3,4,8.187664566
33,No,Non-Travel,Sales,15,3,Other,1,453,Male,4,Research Director,Single,194360,1,Y,19,8,2,10,4,10,6,0,4,3,3,3,3,7.934158285
29,Yes,Travel_Rarely,Human Resources,3,5,Life Sciences,1,454,Male,1,Sales Executive,Single,27230,6,Y,11,8,1,3,2,0,0,0,4,1,3,2,3,10.2809169
33,No,Travel_Rarely,Research & Development,2,2,Technical Degree,1,455,Male,2,Laboratory Technician,Single,34790,3,Y,12,8,0,5,3,3,0,2,2,4,3,3,3,7.515693306
45,No,Travel_Rarely,Research & Development,26,1,Medical,1,456,Female,3,Healthcare Representative,Divorced,27940,3,Y,19,8,1,8,2,5,0,2,4,4,3,3,3,7.010381512
50,No,Travel_Rarely,Sales,10,1,Life Sciences,1,457,Female,1,Manufacturing Director,Divorced,52490,9,Y,21,8,2,32,2,5,1,3,4,4,2,2,4,7.387595411
33,No,Travel_Frequently,Sales,1,3,Marketing,1,458,Male,2,Human Resources,Married,21760,1,Y,14,8,1,6,2,6,1,2,3,2,3,2,3,8.981857999
41,No,Travel_Frequently,Sales,11,3,Other,1,459,Male,1,Laboratory Technician,Divorced,168720,2,Y,15,8,1,21,2,18,0,11,1,3,4,3,3,7.905851371
27,No,Travel_Rarely,Research & Development,20,4,Other,1,460,Male,2,Manufacturing Director,Married,34850,9,Y,17,8,2,4,2,2,2,2,3,2,3,3,3,7.078493085
45,No,Non-Travel,Sales,2,3,Medical,1,461,Female,1,Sales Executive,Married,66440,1,Y,12,8,0,9,3,9,0,8,4,1,3,4,3,8.703335629
47,No,Travel_Rarely,Sales,18,4,Medical,1,462,Female,2,Research Scientist,Single,55820,1,Y,16,8,0,9,3,9,0,7,4,4,3,3,3,7.97212236
30,Yes,Travel_Rarely,Sales,2,3,Life Sciences,1,463,Male,2,Healthcare Representative,Married,40000,4,Y,12,8,0,7,5,5,0,1,1,3,3,2,3,10.50509574
50,No,Travel_Rarely,Research & Development,1,3,Technical Degree,1,464,Female,2,Sales Executive,Married,134960,3,Y,18,8,1,22,3,12,1,5,4,3,3,3,3,9.480353224
38,No,Travel_Frequently,Research & Development,13,3,Technical Degree,1,465,Male,1,Manufacturing Director,Married,32100,0,Y,17,8,2,3,5,2,0,2,3,3,2,2,3,7.704971539
46,No,Travel_Rarely,Research & Development,28,3,Medical,1,466,Female,3,Human Resources,Divorced,190450,6,Y,11,8,3,13,2,8,0,7,4,3,3,3,3,6.886907713
24,No,Travel_Rarely,Sales,28,3,Life Sciences,1,467,Female,1,Healthcare Representative,Divorced,118490,1,Y,16,8,1,5,3,4,3,2,4,3,3,3,3,6.593336749
35,Yes,Travel_Rarely,Sales,24,3,Medical,1,468,Male,3,Healthcare Representative,Divorced,20700,1,Y,13,8,3,5,1,4,0,2,3,2,1,2,3,9.320771073
31,No,Travel_Frequently,Research & Development,5,2,Technical Degree,1,469,Male,2,Sales Executive,Married,65020,1,Y,12,8,0,4,3,4,0,3,3,1,3,3,3,6.301517447
18,No,Non-Travel,Sales,5,4,Other,1,470,Male,2,Manager,Single,32300,1,Y,12,8,1,0,3,0,0,0,2,4,3,3,3,6.313124113
54,No,Travel_Rarely,Sales,23,3,Medical,1,471,Female,1,Laboratory Technician,Married,136030,8,Y,13,8,1,22,2,10,0,8,3,3,3,3,3,6.600198068
35,No,Travel_Rarely,Research & Development,6,4,Medical,1,472,Female,1,Manufacturing Director,Divorced,119960,1,Y,19,8,2,16,3,16,10,1,3,3,2,3,3,9.589834491
30,No,Travel_Rarely,Research & Development,4,3,Life Sciences,1,473,Female,5,Healthcare Representative,Married,56050,0,Y,12,8,1,9,0,8,1,7,2,1,2,2,3,10.11788269
20,Yes,Travel_Rarely,Research & Development,2,2,Life Sciences,1,474,Female,2,Research Scientist,Single,63970,1,Y,17,8,1,1,3,1,0,0,4,1,3,3,3,8.314766021
30,Yes,Travel_Frequently,Research & Development,8,4,Medical,1,475,Male,1,Sales Executive,Single,191440,0,Y,11,8,0,4,3,3,1,2,2,2,3,3,3,7.60563962
26,No,Travel_Rarely,Sales,1,3,Marketing,1,476,Female,2,Research Scientist,Married,175840,1,Y,20,8,0,8,2,8,1,3,4,4,3,3,4,7.928281401
22,No,Travel_Rarely,Research & Development,8,3,Other,1,477,Male,2,Sales Representative,Married,49070,,Y,21,8,1,4,2,4,1,1,2,1,2,3,4,7.332729045
48,No,Travel_Rarely,Human Resources,2,4,Medical,1,478,Male,2,Sales Executive,Single,45540,2,Y,11,8,2,19,3,2,2,2,1,3,3,3,3,7.980580704
48,No,Travel_Rarely,Sales,3,3,Medical,1,479,Male,1,Research Director,Single,54150,7,Y,11,8,1,27,1,15,4,8,3,3,3,3,3,6.542558923
41,No,Travel_Rarely,Research & Development,2,3,Life Sciences,1,480,Male,2,Research Scientist,Single,47410,6,Y,16,8,0,8,3,2,2,1,4,3,3,3,3,6.894249533
39,No,Travel_Rarely,Sales,2,3,Life Sciences,1,481,Male,3,Human Resources,Married,21150,1,Y,18,8,0,21,3,21,11,8,4,4,3,4,3,7.099682372
27,No,Travel_Rarely,Research & Development,3,3,Life Sciences,1,482,Male,2,Human Resources,Married,31610,0,Y,13,8,2,4,0,3,2,2,1,4,3,3,3,7.294853681
35,No,Travel_Rarely,Sales,24,3,Medical,1,483,Male,5,Sales Executive,Divorced,57450,1,Y,17,8,3,3,4,3,1,2,2,4,2,3,3,6.933727824
42,No,Travel_Rarely,Research & Development,23,4,Other,1,484,Male,1,Research Scientist,Married,23730,6,Y,14,8,1,21,3,1,0,0,4,3,,4,3,8.030177875
50,No,Travel_Rarely,Sales,27,3,Medical,1,485,Male,2,Sales Executive,Married,33100,4,Y,22,8,1,8,3,1,0,0,1,4,3,4,4,6.191245292
59,No,Travel_Rarely,Research & Development,16,4,Medical,1,486,Female,5,Laboratory Technician,Single,186650,3,Y,12,8,0,30,3,5,4,3,3,4,3,2,3,10.10566553
37,Yes,Travel_Rarely,Sales,15,3,Marketing,1,487,Male,2,Laboratory Technician,Married,44850,5,Y,11,8,1,15,2,1,0,0,1,2,1,4,3,6.590548433
55,No,Travel_Frequently,Research & Development,26,2,Life Sciences,1,488,Female,2,Sales Executive,Married,27890,3,Y,13,8,1,17,2,8,6,7,3,2,3,2,3,8.626039313
41,No,Non-Travel,Research & Development,19,1,Life Sciences,1,489,Male,2,Research Scientist,Divorced,58280,1,Y,13,8,0,21,0,21,5,10,2,3,3,3,3,6.27364048
38,No,Travel_Rarely,Research & Development,24,2,Other,1,490,Female,1,Laboratory Technician,Single,23260,8,Y,14,8,0,19,3,1,0,0,,4,3,4,3,8.381559454
26,Yes,Non-Travel,Research & Development,21,1,Life Sciences,1,491,Female,1,Manufacturing Director,Single,135250,8,Y,17,8,1,7,4,2,2,2,2,1,3,2,3,7.659834287
52,Yes,Travel_Rarely,Research & Development,5,4,Medical,1,492,Female,4,Human Resources,Married,14200,1,Y,13,8,1,33,2,32,6,9,1,4,3,4,3,6.014918785
44,No,Travel_Rarely,Research & Development,16,3,Life Sciences,1,493,Female,1,Healthcare Representative,Married,80200,3,Y,11,8,1,23,2,12,11,11,4,4,3,3,3,10.89794399
50,No,Non-Travel,Human Resources,2,2,Life Sciences,1,494,Male,1,Laboratory Technician,Married,36880,0,Y,11,8,0,19,3,18,0,13,4,3,3,2,3,6.443813353
36,Yes,Travel_Rarely,Sales,2,4,Technical Degree,1,495,Male,4,Sales Executive,Single,54820,1,Y,18,8,0,18,3,17,15,14,3,1,3,3,3,7.827982941
39,No,Travel_Frequently,Sales,11,3,Marketing,1,496,Male,1,Sales Executive,Single,160150,1,Y,11,8,0,21,3,21,2,8,4,1,3,4,3,10.81973727
33,No,Non-Travel,Sales,9,2,Technical Degree,1,497,Male,5,Sales Representative,Single,12000,0,Y,11,8,1,3,3,2,2,2,2,4,2,3,3,7.626725768
45,No,Travel_Rarely,Research & Development,7,2,Other,1,498,Male,1,Human Resources,Married,56610,3,Y,12,8,0,26,2,9,1,1,4,4,4,2,3,7.399487883
32,No,Non-Travel,Research & Development,15,3,Medical,1,499,Male,2,Manager,Single,69290,9,Y,20,8,0,10,6,8,7,7,4,3,3,1,4,7.197954015
34,No,Travel_Rarely,Sales,6,4,Marketing,1,500,Male,2,Research Director,Divorced,96130,0,Y,12,8,1,16,5,15,0,9,2,4,2,2,3,7.06441358
59,No,Travel_Rarely,Research & Development,5,3,Life Sciences,1,501,Male,2,Research Scientist,Married,56740,3,Y,12,8,0,14,6,6,0,4,2,4,1,3,3,8.10601775
45,No,Travel_Rarely,Research & Development,16,1,Medical,1,502,Male,2,Sales Executive,Single,54840,1,Y,20,8,3,6,6,6,0,4,2,2,3,3,4,6.671499317
53,No,Travel_Frequently,Sales,8,2,Medical,1,503,Male,2,Research Scientist,Married,120610,2,Y,20,8,1,30,2,15,6,12,3,2,3,4,4,7.780307622
36,Yes,Travel_Rarely,Research & Development,7,2,Life Sciences,1,504,Female,1,Research Scientist,Divorced,56600,7,Y,12,8,0,9,3,1,0,0,1,3,2,3,3,6.082619896
26,Yes,Travel_Frequently,Sales,2,3,Life Sciences,1,505,Male,2,Research Scientist,Married,48210,6,Y,14,8,2,6,2,3,1,2,1,1,3,3,3,8.209500962
34,No,Travel_Rarely,Research & Development,2,2,Life Sciences,1,506,Male,1,Sales Representative,Married,64100,1,Y,13,8,1,1,5,1,0,0,3,3,3,2,3,9.218184199
28,No,Travel_Rarely,Research & Development,10,3,Other,1,507,Male,2,Sales Representative,Married,52100,1,Y,15,8,0,1,1,1,0,0,4,2,3,4,3,7.768436639
38,No,Travel_Frequently,Sales,9,4,Medical,1,508,Male,2,Research Scientist,Married,26950,3,Y,14,8,1,8,4,2,2,2,3,3,3,1,3,7.590477358
50,No,Travel_Rarely,Research & Development,5,4,Life Sciences,1,509,Male,1,Sales Executive,Married,118780,2,Y,13,8,1,29,2,8,7,7,2,3,2,3,3,9.595219611
37,No,Travel_Rarely,Research & Development,1,3,Life Sciences,1,510,Male,1,Laboratory Technician,Single,170680,3,Y,23,8,0,8,6,4,0,1,4,2,2,3,4,7.263275362
40,No,Travel_Rarely,Human Resources,2,3,Medical,1,511,Male,5,Sales Executive,Married,24550,1,Y,15,8,1,8,2,7,7,5,3,1,2,3,3,6.117728614
26,No,Travel_Frequently,Research & Development,3,3,Medical,1,512,Male,2,Laboratory Technician,Divorced,139640,1,Y,11,8,2,5,1,5,1,3,1,3,3,2,3,7.708791383
46,No,Travel_Rarely,Research & Development,2,1,Medical,1,513,Female,3,Research Scientist,Divorced,49410,9,Y,13,8,2,23,2,2,2,2,4,4,3,2,3,7.396068376
54,No,Travel_Rarely,Research & Development,5,3,Medical,1,514,Female,2,Manufacturing Director,Married,24780,6,Y,11,8,0,13,0,9,7,0,3,3,3,3,3,7.571803797
56,No,Travel_Frequently,Research & Development,1,2,Life Sciences,1,515,Female,2,Manufacturing Director,Married,52280,2,Y,11,8,0,18,4,5,0,3,1,3,3,3,3,6.912598951
36,No,Travel_Rarely,Research & Development,4,2,Life Sciences,1,516,Female,2,Human Resources,Single,44780,0,Y,18,8,1,15,3,14,7,8,4,4,2,3,3,6.608065134
55,No,Non-Travel,Research & Development,2,3,Medical,1,517,Female,2,Manager,Single,75470,7,Y,16,8,0,31,2,9,6,2,3,1,4,2,3,6.108080029
43,No,Travel_Rarely,Sales,25,2,Life Sciences,1,518,Male,3,Research Scientist,Divorced,50550,5,Y,22,8,0,18,2,1,0,0,3,4,3,2,4,7.925064546
20,Yes,Travel_Frequently,Sales,8,3,Marketing,1,519,Male,3,Sales Executive,Single,34640,1,Y,20,8,0,2,3,2,0,2,4,4,3,2,4,9.111901006
21,Yes,Travel_Rarely,Research & Development,1,4,Life Sciences,1,520,Male,1,Manager,Single,57750,1,Y,18,8,0,1,2,1,1,0,3,1,2,3,3,6.621757642
46,No,Travel_Rarely,Sales,12,3,Marketing,1,521,Female,3,Healthcare Representative,Divorced,89430,8,Y,12,8,1,19,6,16,1,7,4,1,3,3,3,10.98887146
51,Yes,Travel_Rarely,Sales,23,3,Medical,1,522,Female,2,Research Scientist,Married,192720,9,Y,20,8,0,18,2,10,2,7,1,3,4,3,4,8.716918044
28,Yes,Non-Travel,Research & Development,19,4,Life Sciences,1,523,Female,4,Laboratory Technician,Single,52380,1,Y,17,8,1,10,4,10,1,9,2,1,2,2,3,7.419935622
26,No,Travel_Rarely,Research & Development,5,4,Medical,1,524,Female,2,Sales Executive,Married,46820,1,Y,11,8,1,6,3,5,1,3,1,1,3,1,3,7.517420635
30,No,Travel_Rarely,Research & Development,8,3,Medical,1,525,Female,1,Sales Executive,Married,183000,0,Y,14,8,0,7,6,6,0,2,3,1,2,3,3,6.251273434
41,No,Travel_Rarely,Sales,1,4,Life Sciences,1,526,Female,1,Research Director,Married,52570,1,Y,14,8,0,10,2,10,0,8,2,3,3,4,3,7.878476324
38,No,Travel_Rarely,Research & Development,5,3,Technical Degree,1,527,Male,1,Sales Executive,Married,63490,0,Y,11,8,0,20,3,19,1,9,3,3,2,3,3,7.29359058
40,No,Travel_Rarely,Sales,1,4,Marketing,1,528,Male,1,Sales Executive,Married,48690,4,Y,12,8,0,14,2,11,11,1,1,4,3,3,3,7.923936741
27,No,Non-Travel,Sales,11,3,Technical Degree,1,529,Female,2,Laboratory Technician,Married,99850,1,Y,14,8,1,3,3,3,1,2,1,3,3,2,3,8.007610882
55,No,Travel_Frequently,Research & Development,23,5,Life Sciences,1,530,Male,3,Laboratory Technician,Married,36970,3,Y,13,8,1,23,1,3,1,2,4,2,3,3,3,6.733892496
28,No,Travel_Rarely,Research & Development,1,3,Life Sciences,1,531,Male,2,Healthcare Representative,Single,74570,3,Y,11,8,2,10,1,8,1,7,3,3,4,4,3,6.612759488
44,Yes,Travel_Rarely,Research & Development,18,4,Life Sciences,1,532,Female,2,Sales Executive,Married,21190,9,Y,15,8,0,24,3,20,3,6,2,1,3,3,3,6.190119871
33,No,Travel_Rarely,Sales,23,4,Marketing,1,533,Female,4,Sales Executive,Divorced,39830,4,Y,12,8,0,9,3,3,1,2,4,4,3,3,3,6.412309251
35,Yes,Travel_Rarely,Sales,7,4,Life Sciences,1,534,Male,3,Sales Representative,Single,61180,0,Y,21,8,1,9,3,8,4,7,4,1,3,2,4,9.812394349
33,Yes,Travel_Frequently,Research & Development,1,2,Life Sciences,1,535,Female,1,Sales Executive,Single,62140,1,Y,19,8,2,14,3,13,3,8,1,3,3,3,3,7.795180738
28,No,Travel_Rarely,Human Resources,1,1,Human Resources,1,536,Male,2,Research Scientist,Divorced,63470,1,Y,15,8,1,4,2,4,2,2,1,3,2,3,3,6.665248419
34,No,Travel_Frequently,Sales,29,4,Marketing,1,537,Male,1,Research Scientist,Single,115100,0,Y,14,8,1,7,5,6,0,4,1,4,2,3,3,6.688168329
37,No,Travel_Rarely,Research & Development,7,4,Life Sciences,1,538,Male,4,Sales Executive,Divorced,71430,2,Y,21,8,0,8,6,1,0,0,4,4,3,2,4,10.58243991
25,Yes,Travel_Rarely,Human Resources,25,4,Human Resources,1,539,Female,2,Research Scientist,Married,82680,1,Y,12,8,0,7,3,7,5,6,4,4,4,2,3,10.89997454
26,Yes,Travel_Rarely,Sales,8,2,Marketing,1,540,Male,2,Sales Executive,Divorced,80950,1,Y,15,8,0,1,3,1,0,0,1,3,2,4,3,7.810643777
33,Yes,Travel_Rarely,Research & Development,8,2,Life Sciences,1,541,Male,4,Manufacturing Director,Single,29040,4,Y,13,8,0,5,2,2,2,2,1,2,3,3,3,10.21138533
42,No,Travel_Rarely,Research & Development,11,1,Life Sciences,1,542,Male,4,Research Scientist,Married,60320,0,Y,14,8,0,23,2,22,13,7,4,1,3,2,3,6.781549408
28,Yes,Travel_Frequently,Research & Development,7,3,Life Sciences,1,543,Male,2,Manager,Divorced,29760,1,Y,14,8,0,1,3,1,0,0,1,2,3,3,3,6.29693617
50,Yes,Travel_Frequently,Research & Development,1,4,Medical,1,544,Male,2,Research Scientist,Single,159920,3,Y,14,8,0,5,3,0,0,0,4,3,3,3,3,10.46320799
33,No,Travel_Frequently,Sales,9,3,Medical,1,545,Female,2,Research Scientist,Married,46490,0,Y,12,8,0,4,2,3,0,2,4,2,3,2,3,8.041233425
34,No,Non-Travel,Sales,1,1,Marketing,1,546,Female,2,Research Director,Married,26960,3,Y,23,8,0,6,3,0,0,0,3,4,3,3,4,7.120342067
48,No,Non-Travel,Sales,2,1,Life Sciences,1,547,Male,2,Sales Executive,Single,23700,2,Y,11,8,0,27,3,5,2,1,1,4,2,3,3,6.210528752
45,No,Non-Travel,Research & Development,1,3,Medical,1,548,Female,2,Human Resources,Married,125040,1,Y,12,8,1,15,2,15,4,12,2,3,3,3,3,6.015613027
52,No,Travel_Rarely,Sales,1,3,Life Sciences,1,549,Male,1,Sales Executive,Single,59740,7,Y,18,8,1,18,6,8,4,0,2,2,3,3,3,7.982319789
38,No,Travel_Rarely,Research & Development,6,2,Medical,1,550,Male,1,Research Scientist,Divorced,47360,0,Y,11,8,1,9,3,8,2,7,3,3,3,2,3,10.69782839
29,No,Travel_Rarely,Research & Development,8,3,Medical,1,551,Female,4,Research Scientist,Divorced,52960,4,Y,14,8,0,11,3,7,1,7,3,4,3,4,3,6.323727053
28,No,Travel_Rarely,Human Resources,1,3,Human Resources,1,552,Female,4,Laboratory Technician,Divorced,67810,0,Y,15,8,1,10,2,9,1,7,4,2,2,3,3,6.896527192
46,No,Travel_Rarely,Research & Development,6,4,Medical,1,553,Male,3,Sales Executive,Married,21740,3,Y,11,8,1,23,3,12,4,9,1,3,3,3,3,6.39909197
38,No,Travel_Rarely,Research & Development,7,4,Medical,1,554,Male,1,Sales Executive,Single,66530,7,Y,20,8,1,10,2,1,0,0,4,2,3,3,4,7.38981681
43,No,Travel_Frequently,Research & Development,5,3,Medical,1,555,Female,2,Laboratory Technician,Married,96990,8,Y,19,8,1,18,3,8,0,1,3,1,3,3,3,7.119895264
39,Yes,Travel_Frequently,Sales,1,3,Marketing,1,556,Male,2,Healthcare Representative,Divorced,67550,7,Y,14,8,1,21,2,18,11,5,1,4,3,3,3,7.199784216
40,No,Travel_Rarely,Research & Development,1,1,Life Sciences,1,557,Male,1,Healthcare Representative,Single,22130,1,Y,17,8,0,21,4,20,4,9,3,3,4,3,3,5.983684271
21,No,Travel_Rarely,Research & Development,1,4,Life Sciences,1,558,Female,1,Research Scientist,Single,26100,1,Y,11,8,1,2,3,2,2,2,4,2,4,2,3,10.51871351
39,No,Non-Travel,Research & Development,6,3,Life Sciences,1,559,Male,1,Laboratory Technician,Single,28510,9,Y,15,8,0,9,2,5,0,3,3,2,2,3,3,6.195073915
36,No,Non-Travel,Research & Development,1,3,Medical,1,560,Male,3,Sales Representative,Single,34520,2,Y,13,8,3,18,4,11,0,9,1,4,3,4,3,7.195747585
31,No,Travel_Frequently,Research & Development,7,3,Life Sciences,1,561,Male,1,Sales Executive,Married,52580,0,Y,14,8,3,3,5,2,2,2,3,4,3,3,3,6.606262183
28,No,Travel_Rarely,Sales,2,4,Marketing,1,562,Male,1,Sales Executive,Married,93550,0,Y,11,8,0,6,4,5,0,4,1,2,1,3,3,7.483979045
35,No,Travel_Frequently,Research & Development,9,2,Other,1,563,Female,1,Manufacturing Director,Divorced,104960,1,Y,13,8,1,5,2,5,0,2,4,4,3,3,3,6.59638525
49,No,Travel_Rarely,Sales,2,2,Medical,1,564,Female,1,Sales Executive,Married,63800,6,Y,23,8,1,22,1,9,2,3,4,2,3,2,4,7.172206522
34,No,Travel_Frequently,Sales,9,1,Technical Degree,1,565,Male,2,Sales Executive,Single,26570,2,Y,13,8,1,5,3,3,0,2,4,3,2,2,3,8.026111111
29,No,Travel_Frequently,Research & Development,1,4,Medical,1,566,Male,3,Research Scientist,Divorced,27160,0,Y,18,8,0,8,2,7,1,1,4,2,2,1,3,7.102371887
42,No,Travel_Rarely,Sales,21,2,Life Sciences,1,567,Female,1,Healthcare Representative,Single,22010,4,Y,12,8,1,16,3,1,0,0,2,4,3,4,3,7.202196251
29,No,Travel_Rarely,Sales,4,2,Other,1,568,Female,2,Healthcare Representative,Married,65400,1,Y,22,8,0,10,2,10,1,2,2,4,2,1,4,10.89855896
38,No,Travel_Rarely,Research & Development,1,3,Medical,1,569,Female,1,Human Resources,Married,38160,1,Y,13,8,2,7,2,7,5,0,3,3,4,2,3,6.523463618
28,No,Travel_Frequently,Sales,6,4,Life Sciences,1,570,Male,1,Manager,Divorced,52530,1,Y,15,8,0,3,2,3,0,2,3,3,3,3,3,10.68474223
18,Yes,Non-Travel,Research & Development,2,4,Medical,1,571,Male,3,Laboratory Technician,Single,109650,1,Y,18,8,0,0,5,0,0,0,3,3,3,4,3,6.9933915
33,Yes,Travel_Rarely,Research & Development,3,2,Life Sciences,1,572,Male,1,Sales Executive,Single,49360,0,Y,14,8,0,6,2,5,0,3,1,1,3,2,3,8.983830722
41,No,Travel_Rarely,Research & Development,4,2,Medical,1,573,Male,2,Research Scientist,Married,25430,3,Y,12,8,0,6,3,1,0,0,2,4,3,3,3,8.124268207
31,Yes,Travel_Frequently,Sales,10,3,Technical Degree,1,574,Female,1,Research Director,Married,53040,1,Y,17,8,0,2,3,2,2,2,3,3,2,4,3,7.1295671
37,No,Travel_Rarely,Research & Development,23,3,Life Sciences,1,575,Male,3,Manufacturing Director,Divorced,166590,7,Y,16,8,1,,2,6,1,3,3,4,3,3,3,8.002030965
27,No,Travel_Rarely,Research & Development,6,2,Medical,1,576,Female,1,Healthcare Representative,Married,42600,1,Y,11,8,2,4,2,4,2,2,4,3,3,3,3,7.41502742
34,No,Travel_Rarely,Sales,1,1,Marketing,1,577,Female,2,Laboratory Technician,Married,24760,1,Y,19,8,0,6,2,6,1,3,2,3,2,3,3,7.086783816
35,No,Travel_Rarely,Research & Development,6,3,Life Sciences,1,578,Female,3,Laboratory Technician,Single,31020,1,Y,13,8,1,6,3,5,1,4,3,3,1,2,3,6.80212236
29,Yes,Travel_Rarely,Research & Development,6,3,Life Sciences,1,579,Male,1,Sales Executive,Married,22440,1,Y,12,8,3,11,5,11,3,10,4,1,1,1,3,6.792666202
40,No,Travel_Frequently,Research & Development,2,4,Medical,1,580,Male,4,Human Resources,Single,75960,9,Y,11,8,0,20,0,18,2,13,2,3,2,1,3,6.714373219
42,Yes,Travel_Frequently,Sales,2,4,Life Sciences,1,581,Male,1,Laboratory Technician,Single,22850,0,Y,16,8,0,22,3,21,13,14,3,1,2,1,3,8.018587061
42,No,Travel_Rarely,Research & Development,1,2,Life Sciences,1,582,Male,4,Laboratory Technician,Single,30340,7,Y,21,8,1,9,3,6,1,5,2,1,4,2,4,7.694989177
35,No,Travel_Rarely,Research & Development,5,3,Medical,1,583,Male,1,Healthcare Representative,Married,57150,6,Y,24,8,2,10,0,8,1,7,4,3,3,3,4,7.065130935
24,No,Travel_Rarely,Sales,7,4,Life Sciences,1,584,Female,1,Laboratory Technician,Single,25760,8,Y,17,8,3,6,3,4,1,2,4,2,3,3,3,7.908282164
28,Yes,Travel_Rarely,Research & Development,15,4,Life Sciences,1,585,Male,2,Sales Executive,Married,41970,1,Y,13,8,0,1,3,1,0,0,3,4,2,1,3,10.29105742
26,No,Travel_Rarely,Research & Development,1,4,Life Sciences,1,586,Male,2,Sales Representative,Married,143360,1,Y,21,8,1,8,3,8,0,7,1,4,3,3,4,7.521268861
30,No,Travel_Rarely,Research & Development,7,2,Life Sciences,1,587,Female,1,Manufacturing Director,Married,34480,1,Y,11,8,0,10,3,10,1,4,3,,3,3,3,7.689250807
40,No,Travel_Frequently,Research & Development,26,4,Life Sciences,1,588,Male,2,Research Scientist,Married,194060,3,Y,20,8,3,16,2,1,0,0,3,4,1,3,4,10.51566851
35,No,Travel_Rarely,Research & Development,18,5,Medical,1,589,Female,2,Research Scientist,Divorced,65380,2,Y,16,8,1,15,3,7,6,4,3,2,4,3,3,6.898151664
34,No,Travel_Frequently,Research & Development,6,2,Life Sciences,1,590,Male,1,Research Director,Single,43060,0,Y,11,8,0,14,2,13,4,9,4,1,3,3,3,7.492503429
35,No,Travel_Frequently,Research & Development,3,3,Medical,1,591,Female,2,Laboratory Technician,Married,22580,1,Y,11,8,1,2,2,2,2,2,4,4,4,3,3,7.986484954
43,Yes,Travel_Rarely,Sales,5,3,Marketing,1,592,Female,3,Research Scientist,Single,45220,8,Y,15,8,1,7,3,4,1,3,1,3,2,3,3,7.510137741
32,No,Non-Travel,Research & Development,11,2,Other,1,593,Female,2,Research Scientist,Divorced,44870,1,Y,11,8,0,1,5,1,0,0,3,1,3,2,3,6.594826998
56,No,Travel_Rarely,Research & Development,3,2,Other,1,594,Male,2,Healthcare Representative,Divorced,44490,4,Y,15,8,0,28,3,5,4,2,4,1,3,1,3,6.282283677
29,No,Travel_Rarely,Research & Development,26,1,Life Sciences,1,595,Male,1,Laboratory Technician,Married,22180,1,Y,24,8,1,10,1,10,0,8,2,4,3,3,4,7.468521242
19,No,Travel_Rarely,Research & Development,23,4,Life Sciences,1,596,Male,2,Laboratory Technician,Single,191970,1,Y,12,8,0,1,2,1,0,0,3,1,3,3,3,7.285244073
45,No,Travel_Rarely,Research & Development,22,3,Life Sciences,1,597,Female,2,Sales Representative,Married,132120,4,Y,13,8,0,7,4,3,0,2,1,3,2,3,3,8.797695811
37,No,Travel_Rarely,Research & Development,14,4,Life Sciences,1,598,Male,3,Research Scientist,Married,65770,1,Y,13,8,0,14,1,14,3,11,4,4,2,1,3,6.775005716
20,No,Travel_Rarely,Research & Development,6,3,Medical,1,599,Male,5,Research Director,Single,83920,1,Y,17,8,0,2,5,2,1,2,1,3,2,3,3,6.699550095
44,Yes,Travel_Rarely,Human Resources,6,2,Human Resources,1,600,Male,3,Sales Executive,Single,45580,1,Y,13,8,1,6,2,6,0,2,3,3,3,1,3,10.40247835
53,No,Travel_Rarely,Research & Development,6,4,Life Sciences,1,601,Male,1,Research Director,Divorced,40310,3,Y,12,8,1,26,3,7,4,7,4,3,3,2,3,5.996221994
29,No,Travel_Rarely,Research & Development,23,3,Medical,1,602,Male,1,Sales Executive,Married,79690,0,Y,14,8,0,6,3,5,1,3,2,4,2,3,3,8.894559306
22,Yes,Travel_Frequently,Research & Development,22,4,Medical,1,603,Male,1,Sales Representative,Married,26540,0,Y,24,8,0,1,5,0,0,0,3,4,3,2,4,9.878622832
46,No,Travel_Rarely,Research & Development,2,3,Life Sciences,1,604,Male,2,Research Scientist,Married,165550,8,Y,14,8,2,28,4,26,15,9,3,1,3,3,3,5.993167373
44,No,Non-Travel,Research & Development,20,3,Life Sciences,1,605,Male,1,Sales Representative,Single,45560,2,Y,13,8,0,6,4,0,0,0,4,3,3,3,3,6.170865661
33,No,Travel_Rarely,Research & Development,28,4,Life Sciences,1,606,Female,1,Manager,Married,60910,1,Y,15,8,0,5,6,5,1,4,2,3,3,1,3,7.820513361
41,Yes,Non-Travel,Research & Development,12,3,Life Sciences,1,607,Male,2,Sales Representative,Divorced,195660,6,Y,16,8,0,5,2,1,0,0,1,1,1,4,3,7.181788194
30,No,Travel_Rarely,Sales,20,3,Marketing,1,608,Male,3,Sales Executive,Divorced,48100,8,Y,18,8,0,8,3,4,0,3,3,1,3,2,3,7.494121557
40,No,Travel_Frequently,Sales,9,3,Medical,1,609,Male,1,Manufacturing Director,Married,45230,5,Y,16,8,1,5,5,0,0,0,2,2,3,4,3,6.791671583
50,No,Travel_Frequently,Research & Development,25,4,Life Sciences,1,610,Female,2,Healthcare Representative,Married,32020,2,Y,24,8,1,32,2,2,2,2,4,1,,3,4,7.228327522
28,No,Travel_Rarely,Research & Development,6,3,Technical Degree,1,611,Male,2,Research Scientist,Married,23510,1,Y,16,8,0,6,4,6,3,3,4,1,3,3,3,7.196454031
46,No,Travel_Rarely,Research & Development,8,4,Other,1,612,Male,3,Manager,Married,17020,5,Y,21,8,0,25,2,4,0,3,4,2,3,3,4,7.289913268
35,No,Travel_Rarely,Sales,4,4,Marketing,1,613,Male,1,Laboratory Technician,Married,180410,3,Y,20,8,1,15,3,7,1,7,3,1,3,2,4,8.498400424
24,Yes,Travel_Rarely,Human Resources,28,4,Human Resources,1,614,Male,3,Manufacturing Director,Married,28860,1,Y,19,8,1,1,5,1,0,0,4,2,1,3,3,6.562475526
33,No,Travel_Frequently,Research & Development,9,2,Medical,1,615,Female,1,Sales Executive,Married,20970,1,Y,14,8,2,10,5,10,0,1,2,3,2,2,3,6.017825713
36,No,Travel_Rarely,Research & Development,9,2,Medical,1,616,Male,2,Sales Executive,Divorced,119350,1,Y,11,8,3,7,6,7,1,7,3,3,3,4,3,6.583521349
30,No,Travel_Rarely,Sales,29,3,Marketing,1,617,Male,1,Sales Executive,Divorced,25460,1,Y,14,8,1,10,2,10,8,9,3,3,2,3,3,6.008942837
44,No,Travel_Rarely,Research & Development,3,4,Medical,1,618,Male,2,Research Scientist,Single,25640,1,Y,12,8,3,20,3,20,13,17,4,4,3,1,3,7.590850914
20,No,Travel_Rarely,Research & Development,18,4,Medical,1,619,Male,1,Human Resources,Single,84120,1,Y,13,8,0,2,2,2,2,2,3,4,3,2,3,6.281038749
46,No,Travel_Rarely,Sales,9,1,Medical,1,620,Female,1,Sales Executive,Divorced,141180,2,Y,22,8,0,12,3,6,1,4,4,4,2,3,4,6.215752415
42,No,Non-Travel,Research & Development,5,4,Medical,1,621,Male,5,Sales Executive,Married,170460,7,Y,11,8,0,10,3,4,0,3,4,1,4,2,3,7.501866898
60,No,Travel_Rarely,Sales,2,2,Life Sciences,1,622,Male,2,Sales Executive,Divorced,25640,0,Y,14,8,1,12,3,11,1,9,2,4,3,3,3,8.617627848
32,No,Travel_Frequently,Sales,10,3,Life Sciences,1,623,Female,1,Sales Executive,Married,102660,1,Y,11,8,0,2,3,2,2,2,3,2,3,3,3,7.265763593
32,No,Travel_Frequently,Research & Development,9,3,Life Sciences,1,624,Female,2,Research Scientist,Single,50700,4,Y,12,8,1,10,6,8,0,7,4,3,3,3,3,8.392867996
36,No,Travel_Rarely,Sales,3,2,Marketing,1,625,Male,4,Healthcare Representative,Divorced,178610,2,Y,18,8,0,17,2,7,7,7,3,1,3,2,3,8.036303688
33,No,Travel_Rarely,Sales,26,2,Marketing,1,626,Male,1,Research Scientist,Married,42300,0,Y,12,8,0,15,0,14,4,10,1,4,3,3,3,6.055536562
40,No,Travel_Rarely,Research & Development,1,3,Medical,1,627,Female,2,Research Scientist,Divorced,37800,7,Y,12,8,0,7,2,5,1,3,2,2,4,1,3,7.291101449
25,No,Travel_Rarely,Research & Development,6,2,Medical,1,628,Female,1,Laboratory Technician,Single,27680,0,Y,22,8,1,5,0,4,1,1,3,4,3,3,4,8.014339709
30,No,Travel_Rarely,Sales,9,3,Marketing,1,629,Female,1,Research Scientist,Married,90710,0,Y,19,8,1,12,2,11,5,7,4,2,3,2,3,9.183357843
42,No,Travel_Frequently,Human Resources,8,2,Medical,1,630,Male,1,Sales Executive,Married,106480,3,Y,13,8,1,20,1,1,0,0,1,1,3,3,3,9.528811791
35,No,Non-Travel,Research & Development,1,1,Life Sciences,1,631,Male,2,Sales Executive,Married,136100,4,Y,22,8,2,16,4,13,4,12,3,4,2,2,4,9.807640027
27,No,Travel_Rarely,Research & Development,7,3,Life Sciences,1,632,Male,3,Manufacturing Director,Married,34080,1,Y,24,8,0,9,2,9,6,8,1,1,2,3,4,9.176214831
54,No,Travel_Frequently,Research & Development,9,2,Medical,1,633,Male,2,Sales Representative,Divorced,29830,7,Y,14,8,1,33,2,5,1,4,4,3,1,2,3,6.318405393
44,No,Travel_Rarely,Human Resources,4,4,Life Sciences,1,634,Male,5,Laboratory Technician,Married,76320,1,Y,21,8,0,10,3,10,7,7,1,4,3,3,4,6.00580603
19,Yes,Non-Travel,Sales,2,2,Other,1,635,Male,3,Healthcare Representative,Single,98240,1,Y,18,8,0,1,2,1,0,0,1,2,4,3,3,8.388885358
29,No,Travel_Rarely,Research & Development,19,4,Life Sciences,1,636,Male,1,Manufacturing Director,Divorced,99500,1,Y,20,8,0,3,3,3,1,2,1,4,3,3,4,7.376378019
54,No,Travel_Rarely,Research & Development,9,4,Life Sciences,1,637,Male,2,Sales Executive,Married,20930,3,Y,19,8,0,36,2,10,0,9,4,4,3,3,3,7.671983151
31,No,Travel_Rarely,Research & Development,21,3,Life Sciences,1,638,Male,2,Laboratory Technician,Married,99800,1,Y,12,8,0,6,1,6,0,1,3,1,2,3,3,8.591818287
31,No,Travel_Rarely,Sales,24,1,Marketing,1,639,Female,1,Sales Executive,Single,38940,1,Y,12,8,0,10,3,10,1,8,3,1,3,4,3,7.27139242
59,No,Travel_Rarely,Research & Development,3,4,Technical Degree,1,640,Male,1,Research Scientist,Single,40510,5,Y,16,8,3,13,3,6,0,5,3,4,3,3,3,7.370457176
43,No,Travel_Rarely,Research & Development,11,2,Life Sciences,1,641,Male,3,Laboratory Technician,Married,168350,3,Y,17,8,1,25,3,8,0,7,3,4,3,3,3,6.593010037
49,No,Travel_Rarely,Sales,14,4,Life Sciences,1,642,Male,2,Research Scientist,Married,62300,2,Y,14,8,0,23,2,1,0,0,1,3,4,2,3,6.701772198
36,No,Travel_Frequently,Sales,5,2,Marketing,1,643,Female,1,Laboratory Technician,Married,47170,1,Y,19,8,1,12,3,11,0,7,3,2,2,3,3,6.086726109
48,No,Travel_Rarely,Research & Development,1,4,Life Sciences,1,644,Female,2,Laboratory Technician,Single,132370,5,Y,13,8,1,7,2,1,0,0,4,2,2,4,3,6.085262856
27,No,Travel_Rarely,Research & Development,6,4,Life Sciences,1,645,Male,2,Laboratory Technician,Divorced,37550,1,Y,19,8,0,5,2,5,0,3,1,3,3,3,3,7.984060847
29,No,Travel_Rarely,Sales,17,4,Medical,1,646,Male,1,Laboratory Technician,Divorced,65820,1,Y,19,8,1,6,3,6,1,0,3,4,3,3,3,8.795437642
48,No,Travel_Rarely,Sales,1,1,Marketing,1,647,Male,2,Manufacturing Director,Single,74060,6,Y,14,8,2,25,2,1,0,0,4,4,4,3,3,6.180496773
29,No,Travel_Rarely,Research & Development,3,3,Technical Degree,1,648,Female,2,Healthcare Representative,Divorced,48050,,Y,16,8,1,9,2,7,1,7,4,4,2,3,3,6.917482493
34,No,Travel_Rarely,Sales,9,4,Medical,1,649,Female,2,Laboratory Technician,Married,27410,0,Y,15,8,1,2,3,1,0,0,3,3,2,3,3,5.984335901
44,No,Travel_Rarely,Research & Development,4,3,Life Sciences,1,650,Female,1,Laboratory Technician,Married,42620,7,Y,18,8,0,26,2,22,3,10,2,2,3,3,3,7.022967334
33,No,Travel_Rarely,Research & Development,8,2,Life Sciences,1,651,Female,2,Research Scientist,Divorced,161840,0,Y,13,8,1,10,2,9,0,8,4,3,3,4,3,11.03096035
19,No,Travel_Rarely,Sales,2,4,Marketing,1,652,Male,3,Laboratory Technician,Single,115570,1,Y,22,8,0,1,0,1,0,1,2,4,3,3,4,10.7837804
23,No,Travel_Rarely,Sales,2,3,Medical,1,653,Male,3,Laboratory Technician,Married,18780,1,Y,13,8,1,1,2,1,0,1,4,3,3,3,3,7.485170093
25,Yes,Travel_Frequently,Research & Development,1,1,Life Sciences,1,654,Male,1,Manufacturing Director,Single,109320,1,Y,11,8,1,1,3,1,1,0,3,4,3,3,3,9.204768898
26,No,Travel_Rarely,Human Resources,9,3,Life Sciences,1,655,Male,2,Research Scientist,Single,68110,1,Y,11,8,1,8,4,8,2,2,3,4,2,3,3,8.687972789
45,Yes,Travel_Rarely,Human Resources,12,3,Human Resources,1,656,Male,2,Laboratory Technician,Single,43060,2,Y,11,8,2,26,3,24,1,11,1,2,3,3,3,9.878690476
55,No,Non-Travel,Research & Development,27,3,Life Sciences,1,657,Female,2,Manager,Divorced,48590,1,Y,24,8,1,34,3,33,15,0,4,2,3,4,4,9.622883102
21,Yes,Travel_Frequently,Research & Development,20,2,Medical,1,658,Female,4,Research Scientist,Single,53370,1,Y,14,8,1,2,2,2,2,2,1,3,1,3,3,7.594680728
46,No,Travel_Rarely,Research & Development,1,4,Life Sciences,1,659,Male,1,Manufacturing Director,Married,23400,2,Y,13,8,1,26,2,11,0,8,4,2,3,1,3,6.901101774
34,No,Travel_Rarely,Sales,13,4,Medical,1,660,Male,3,Sales Representative,Single,74910,0,Y,14,8,1,4,3,3,0,2,3,1,3,2,3,8.918751157
51,No,Travel_Frequently,Research & Development,14,3,Life Sciences,1,661,Male,2,Research Director,Divorced,105270,4,Y,14,8,0,31,3,29,11,10,4,2,2,3,3,10.98617886
59,No,Travel_Rarely,Research & Development,4,2,Life Sciences,1,662,Male,2,Research Scientist,Single,165950,6,Y,21,8,1,25,2,9,5,4,4,4,2,3,4,6.592285138
34,No,Travel_Frequently,Sales,14,4,Medical,1,663,Female,3,Research Scientist,Divorced,88340,4,Y,13,8,1,15,1,11,5,10,3,2,4,3,3,6.795719907
28,No,Travel_Frequently,Research & Development,2,3,Other,1,664,Female,1,Manager,Single,55770,0,Y,19,8,0,5,3,4,0,2,4,3,2,3,3,10.37441063
44,No,Travel_Rarely,Research & Development,3,4,Life Sciences,1,665,Male,2,Research Scientist,Divorced,47070,1,Y,17,8,0,26,4,25,14,13,3,1,2,1,3,7.808195035
34,No,Travel_Frequently,Sales,1,3,Life Sciences,1,666,Male,2,Sales Executive,Married,24000,4,Y,18,8,1,14,3,10,1,8,3,2,4,3,3,7.497001182
35,No,Travel_Rarely,Research & Development,9,3,Life Sciences,1,667,Male,4,Healthcare Representative,Married,98240,0,Y,19,8,0,4,2,3,2,2,3,3,3,3,3,10.48208672
42,No,Travel_Rarely,Research & Development,23,4,Life Sciences,1,668,Female,1,Manager,Married,64470,6,Y,13,8,0,18,3,1,0,0,2,2,3,3,3,9.421422127
43,No,Travel_Rarely,Research & Development,7,2,Medical,1,669,Female,1,Laboratory Technician,Single,195020,3,Y,18,8,2,23,3,21,15,17,4,4,4,4,3,6.413299663
36,No,Travel_Rarely,Research & Development,2,4,Medical,1,670,Male,1,Healthcare Representative,Single,27250,9,Y,21,8,1,18,4,16,5,12,3,2,3,2,4,10.60831084
44,Yes,Travel_Rarely,Research & Development,21,4,Life Sciences,1,671,Female,2,Laboratory Technician,Married,62720,1,Y,19,8,1,10,3,10,0,5,1,4,3,3,3,5.981031411
28,No,Travel_Frequently,Research & Development,2,3,Life Sciences,1,672,Female,2,Sales Representative,Married,21270,1,Y,14,8,0,2,3,2,2,2,4,4,3,3,3,9.709561782
51,No,Travel_Frequently,Sales,21,4,Medical,1,673,Male,2,Research Scientist,Single,182000,0,Y,17,8,0,8,3,7,7,7,2,3,2,3,3,6.988324842
30,No,Non-Travel,Research & Development,2,4,Other,1,674,Male,1,Research Scientist,Single,20960,7,Y,11,8,3,10,2,8,1,7,3,3,3,3,3,9.513817168
29,Yes,Travel_Rarely,Research & Development,29,4,Technical Degree,1,675,Female,1,Sales Representative,Divorced,28860,3,Y,13,8,0,10,4,7,7,7,2,3,3,3,3,8.406775878
28,No,Travel_Rarely,Sales,1,4,Life Sciences,1,676,Female,2,Sales Representative,Single,20330,2,Y,15,8,1,5,5,3,1,2,4,1,2,3,3,6.799669766
25,No,Travel_Rarely,Research & Development,18,2,Life Sciences,1,677,Male,1,Research Scientist,Single,36220,1,Y,25,8,0,2,0,2,2,1,4,2,2,3,4,7.983291427
32,No,Travel_Rarely,Research & Development,10,4,Other,1,678,Female,1,Sales Executive,Married,42330,1,Y,11,8,0,10,5,10,0,8,3,4,4,3,3,6.805245962
45,No,Travel_Frequently,Research & Development,19,3,Medical,1,679,Male,3,Laboratory Technician,Single,36810,3,Y,17,8,1,22,2,0,0,0,,2,3,3,3,6.023483172
39,No,Travel_Rarely,Sales,29,1,Marketing,1,680,Female,1,Laboratory Technician,Divorced,54600,6,Y,13,8,2,21,3,19,15,2,3,2,3,3,3,8.390134335
58,No,Travel_Rarely,Research & Development,27,3,Other,1,681,Male,2,Laboratory Technician,Divorced,21870,1,Y,18,8,1,2,1,2,2,2,1,3,3,1,3,6.035505604
32,Yes,Travel_Rarely,Research & Development,5,3,Technical Degree,1,682,Female,1,Sales Executive,Married,96020,1,Y,13,8,1,10,3,10,1,1,4,3,3,3,3,6.491232493
39,Yes,Travel_Rarely,Research & Development,18,2,Life Sciences,1,683,Male,2,Laboratory Technician,Single,28360,0,Y,20,8,0,6,3,5,0,3,3,1,3,2,4,7.722481635
30,No,Travel_Rarely,Sales,9,1,Marketing,1,684,Male,4,Research Director,Married,40890,0,Y,18,8,0,10,2,9,6,7,1,4,3,4,3,6.226381857
36,No,Travel_Rarely,Sales,1,3,Marketing,1,685,Male,2,Sales Executive,Married,166270,3,Y,12,8,0,10,5,7,1,7,4,3,3,2,3,6.722831019
46,No,Travel_Rarely,Sales,4,3,Medical,1,686,Male,1,Research Scientist,Single,26190,6,Y,12,8,1,10,3,7,5,7,4,1,4,2,3,7.708216808
28,No,Non-Travel,Research & Development,1,3,Medical,1,687,Male,5,Sales Executive,Married,56790,0,Y,13,8,0,10,2,9,7,5,3,4,3,2,3,8.013723629
50,No,Travel_Rarely,Research & Development,20,2,Medical,1,688,Female,5,Laboratory Technician,Married,154020,4,Y,21,8,0,25,3,3,1,2,4,1,3,2,4,10.4047413
40,Yes,Travel_Rarely,Sales,8,1,Other,1,689,Male,1,Laboratory Technician,Single,59850,2,Y,13,8,3,9,1,5,1,0,4,2,3,2,3,9.801315667
52,Yes,Travel_Rarely,Research & Development,3,2,Technical Degree,1,690,Male,3,Laboratory Technician,Single,25790,9,Y,19,8,1,10,1,8,7,7,2,2,2,3,3,9.974500467
30,No,Travel_Rarely,Research & Development,6,4,Medical,1,691,Female,1,Sales Executive,Married,30410,1,Y,11,8,1,9,2,9,0,8,2,1,3,2,3,10.40651184
39,No,Travel_Rarely,Research & Development,26,1,Medical,1,692,Male,2,Healthcare Representative,Single,34470,0,Y,14,8,0,9,5,8,1,7,1,3,3,3,3,6.005927823
31,No,Non-Travel,Research & Development,1,2,Medical,1,693,Male,1,Sales Executive,Divorced,195130,1,Y,12,8,1,10,1,10,9,6,4,3,2,2,3,10.09873792
41,No,Non-Travel,Sales,6,3,Life Sciences,1,694,Female,1,Research Director,Single,27730,1,Y,11,8,0,19,3,19,11,9,3,2,3,3,3,7.825096983
31,Yes,Travel_Frequently,Research & Development,3,1,Life Sciences,1,695,Male,1,Sales Executive,Single,71040,1,Y,14,8,1,3,3,3,2,2,4,2,4,3,3,9.078821513
44,Yes,Travel_Rarely,Sales,5,3,Life Sciences,1,696,Male,1,Laboratory Technician,Married,63220,4,Y,11,8,1,10,2,3,1,2,1,1,4,3,3,5.984569384
42,No,Non-Travel,Research & Development,4,3,Life Sciences,1,697,Male,2,Laboratory Technician,Married,20830,0,Y,12,8,2,21,3,20,2,10,3,3,2,2,3,9.682367503
55,No,Travel_Rarely,Sales,11,3,Technical Degree,1,698,Male,2,Manufacturing Director,Married,83810,4,Y,15,8,1,23,3,19,9,11,4,3,3,3,3,6.600917398
56,No,Travel_Rarely,Sales,3,2,Medical,1,699,Female,3,Manufacturing Director,Single,26910,6,Y,16,8,1,36,6,7,7,7,4,2,3,3,3,8.00470546
40,No,Non-Travel,Research & Development,1,1,Life Sciences,1,700,Male,1,Laboratory Technician,Divorced,42860,9,Y,15,8,0,6,6,4,0,0,3,3,3,3,3,7.306210648
34,No,Travel_Rarely,Research & Development,3,2,Technical Degree,1,701,Male,2,Research Director,Divorced,26590,0,Y,24,8,3,10,2,9,1,6,4,4,2,3,4,7.37762901
40,No,Travel_Rarely,Sales,4,3,Medical,1,702,Male,2,Sales Executive,Single,94340,1,Y,13,8,1,9,3,9,8,8,3,4,3,2,3,5.978105647
41,No,Travel_Frequently,Sales,1,4,Other,1,703,Female,2,Healthcare Representative,Divorced,55610,0,Y,11,8,0,10,2,9,1,7,3,1,3,2,3,7.670687943
35,No,Travel_Frequently,Sales,1,2,Technical Degree,1,704,Male,2,Manager,Single,66460,1,Y,13,8,1,9,2,9,1,1,3,3,3,2,3,9.504919278
51,No,Travel_Rarely,Sales,18,2,Life Sciences,1,705,Male,4,Manufacturing Director,Divorced,77250,1,Y,13,8,1,33,2,33,0,10,3,2,3,3,3,9.523341503
38,No,Travel_Rarely,Sales,2,4,Life Sciences,1,706,Female,1,Research Scientist,Divorced,107250,3,Y,18,8,0,11,5,7,1,7,2,1,3,2,3,6.590448898
34,No,Travel_Rarely,Sales,4,3,Life Sciences,1,707,Male,2,Research Scientist,Single,88470,1,Y,16,8,0,10,3,10,9,6,3,1,4,4,3,7.251989326
25,No,Travel_Rarely,Research & Development,6,2,Medical,1,708,Female,4,Research Scientist,Married,20450,3,Y,19,8,0,7,3,3,1,2,4,4,2,3,3,6.313608664
58,Yes,Travel_Rarely,Sales,1,4,Technical Degree,1,709,Male,2,Sales Executive,Married,10090,7,Y,13,8,2,31,3,10,5,9,3,1,2,4,3,8.509759825
40,No,Travel_Rarely,Research & Development,14,4,Medical,1,710,Female,1,Research Scientist,Married,33480,3,Y,22,8,0,7,2,4,0,3,2,2,3,1,4,6.106740984
36,No,Travel_Frequently,Sales,16,2,Life Sciences,1,711,Male,1,Research Scientist,Married,12810,2,Y,11,8,0,17,2,15,6,13,1,1,2,3,3,6.106379392
48,No,Travel_Rarely,Research & Development,2,1,Life Sciences,1,712,Male,2,Research Scientist,Single,28190,1,Y,20,8,0,11,2,10,0,8,4,4,3,2,4,7.624390496
27,No,Travel_Rarely,Research & Development,2,3,Life Sciences,1,713,Female,2,Laboratory Technician,Married,48510,8,Y,18,8,0,5,2,1,0,0,3,4,3,3,3,7.117143189
51,No,Travel_Rarely,Research & Development,4,1,Medical,1,714,Female,3,Manufacturing Director,Single,40280,3,Y,14,8,0,29,3,5,0,3,4,2,2,3,3,7.469346549
18,No,Non-Travel,Research & Development,1,4,Medical,1,715,Male,2,Sales Executive,Single,27200,1,Y,22,8,1,0,2,0,0,0,4,4,4,3,4,7.890327869
35,No,Travel_Rarely,Research & Development,1,4,Other,1,716,Female,2,Research Director,Married,81200,0,Y,13,8,0,10,2,9,0,0,4,4,3,2,3,7.175936439
27,No,Travel_Frequently,Research & Development,26,4,Medical,1,717,Female,1,Research Director,Single,46470,3,Y,17,8,0,8,3,6,0,0,4,4,3,4,3,7.35895804
55,Yes,Travel_Rarely,Research & Development,19,3,Technical Degree,1,718,Male,1,Human Resources,Single,46800,6,Y,14,8,3,24,0,19,3,8,1,3,2,4,3,8.709841107
56,No,Travel_Rarely,Research & Development,24,4,Life Sciences,1,719,Male,2,Laboratory Technician,Married,32210,4,Y,15,8,2,33,2,19,15,9,4,2,3,3,3,10.39650946
34,No,Non-Travel,Sales,1,2,Life Sciences,1,720,Male,2,Research Scientist,Divorced,86210,1,Y,17,8,1,5,1,5,0,0,1,3,3,3,3,6.400724122
40,No,Travel_Rarely,Research & Development,3,3,Life Sciences,1,721,Male,2,Sales Executive,Divorced,45770,5,Y,11,8,1,15,3,12,11,8,2,3,3,2,3,6.503203861
34,No,Travel_Rarely,Research & Development,5,3,Life Sciences,1,722,Male,1,Research Scientist,Married,45530,4,Y,18,8,1,10,2,8,7,7,2,3,3,4,3,7.22785019
31,Yes,Travel_Frequently,Research & Development,2,2,Medical,1,723,Female,2,Manufacturing Director,Single,53960,7,Y,17,8,1,3,2,1,0,0,3,4,4,1,3,7.686837068
35,Yes,Travel_Frequently,Research & Development,1,2,Medical,1,724,Male,1,Manufacturing Director,Married,67960,0,Y,13,8,0,5,2,4,3,2,4,3,2,3,3,9.136408483
38,No,Travel_Frequently,Research & Development,7,3,Medical,1,725,Female,2,Sales Representative,Divorced,76250,1,Y,15,8,0,4,2,4,0,3,4,3,3,2,3,6.392946165
34,No,Travel_Rarely,Research & Development,10,4,Other,1,726,Female,2,Laboratory Technician,Single,74120,1,Y,24,8,0,14,4,14,4,11,3,4,4,3,4,7.911889604
28,No,Travel_Rarely,Research & Development,2,3,Life Sciences,1,727,Female,2,Healthcare Representative,Married,111590,1,Y,12,8,0,5,2,5,0,4,3,1,3,3,3,6.722281576
31,Yes,Travel_Rarely,Research & Development,15,2,Life Sciences,1,728,Male,2,Sales Executive,Married,49600,1,Y,15,8,0,10,3,10,6,7,4,3,2,2,3,10.89554277
39,No,Travel_Rarely,Research & Development,17,4,Technical Degree,1,729,Female,2,Healthcare Representative,Married,104750,3,Y,11,8,1,8,3,5,1,4,1,4,4,3,3,10.25220085
51,No,Travel_Frequently,Research & Development,20,3,Medical,1,730,Male,2,Sales Executive,Married,148140,2,Y,11,8,1,14,2,4,3,2,2,2,3,2,3,7.11184983
41,No,Travel_Frequently,Research & Development,1,3,Life Sciences,1,731,Male,4,Sales Executive,Divorced,191410,3,Y,12,8,1,12,2,6,3,3,4,4,2,3,3,10.68077731
37,No,Travel_Rarely,Research & Development,2,2,Medical,1,732,Female,1,Healthcare Representative,Married,54050,7,Y,15,8,0,8,3,6,1,3,3,3,3,4,3,10.39707983
33,No,Travel_Frequently,Research & Development,2,3,Medical,1,733,Female,1,Sales Executive,Married,87930,6,Y,17,8,0,8,2,5,1,2,2,4,4,3,3,7.779559028
32,No,Travel_Rarely,Research & Development,1,4,Medical,1,734,Male,5,Research Director,Married,191890,0,Y,12,8,1,4,3,3,1,2,3,2,2,3,3,10.40615182
39,No,Non-Travel,Research & Development,29,2,Life Sciences,1,735,Male,2,Sales Executive,Married,38750,3,Y,15,8,0,13,3,6,0,5,3,3,3,3,3,6.613607624
25,No,Travel_Rarely,Research & Development,7,4,Life Sciences,1,736,Male,1,Sales Executive,Married,22160,2,Y,13,8,3,6,2,3,1,2,1,3,,2,3,7.226058091
52,No,Travel_Frequently,Research & Development,2,1,Life Sciences,1,737,Male,2,Sales Executive,Married,117130,2,Y,14,8,0,24,2,5,0,2,4,3,2,3,3,9.105581341
43,No,Travel_Rarely,Research & Development,2,2,Medical,1,738,Male,1,Laboratory Technician,Single,78610,1,Y,14,8,2,20,1,20,1,8,1,3,1,3,3,9.720646592
27,No,Travel_Rarely,Research & Development,2,4,Life Sciences,1,739,Male,1,Human Resources,Married,37080,1,Y,16,8,2,6,2,6,4,4,4,4,3,3,3,10.32448653
27,Yes,Travel_Rarely,Research & Development,2,5,Life Sciences,1,740,Female,1,Research Scientist,Single,137700,1,Y,18,8,1,8,3,8,7,7,4,3,3,4,3,9.99771669
26,No,Travel_Rarely,Research & Development,2,2,Other,1,741,Male,3,Laboratory Technician,Single,53040,0,Y,20,8,1,5,2,4,1,1,1,4,3,3,4,6.296890123
42,No,Travel_Rarely,Sales,23,3,Marketing,1,742,Female,3,Research Scientist,Married,26420,0,Y,13,8,1,21,3,20,0,9,3,1,3,3,3,6.075256681
52,No,Travel_Rarely,Research & Development,5,2,Life Sciences,1,743,Female,1,Healthcare Representative,Married,27590,9,Y,18,8,1,12,6,5,0,4,3,1,1,3,3,6.478247045
37,No,Travel_Rarely,Research & Development,20,5,Life Sciences,1,744,Male,2,Manager,Single,68040,4,Y,13,8,1,8,1,3,0,2,1,3,3,3,3,7.522206522
35,No,Travel_Frequently,Research & Development,6,4,Medical,1,745,Female,2,Research Director,Single,61420,2,Y,15,8,1,10,2,2,2,2,3,4,3,3,3,7.686039855
25,No,Travel_Rarely,Research & Development,1,4,Medical,1,746,Male,2,Sales Executive,Married,25000,4,Y,14,8,2,7,2,3,0,2,1,4,2,1,3,7.972668129
26,No,Travel_Rarely,Research & Development,29,4,Life Sciences,1,747,Male,1,Research Scientist,Single,63890,0,Y,22,8,0,8,2,7,0,7,3,1,3,2,4,6.805875788
29,No,Travel_Rarely,Sales,9,3,Life Sciences,1,748,Male,1,Laboratory Technician,Single,111030,1,Y,12,8,0,10,5,10,0,9,2,1,2,2,3,6.217927616
49,Yes,Travel_Frequently,Sales,6,5,Medical,1,749,Female,2,Healthcare Representative,Single,23420,3,Y,18,8,0,20,2,4,1,3,1,1,3,3,3,7.083067227
29,Yes,Travel_Frequently,Sales,3,2,Marketing,1,750,Female,2,Laboratory Technician,Single,68110,0,Y,15,8,1,9,2,8,7,7,3,4,3,3,3,8.584576662
54,No,Travel_Rarely,Sales,1,3,Medical,1,751,Female,2,Manager,Single,22970,6,Y,18,8,2,29,2,20,12,7,4,4,2,2,3,6.198137681
58,No,Travel_Rarely,Sales,22,3,Life Sciences,1,752,Female,2,Laboratory Technician,Married,24500,3,Y,12,8,1,32,2,9,1,5,4,1,3,3,3,10.6123995
55,No,Travel_Rarely,Research & Development,7,3,Life Sciences,1,753,Female,3,Research Scientist,Divorced,50930,2,Y,16,8,1,31,3,7,0,0,2,4,4,3,3,7.48330949
36,No,Travel_Rarely,Research & Development,1,3,Medical,1,754,Male,2,Sales Executive,Single,53090,3,Y,13,8,0,15,5,5,0,1,1,2,3,3,3,9.401894587
31,Yes,Travel_Frequently,Sales,4,3,Life Sciences,1,755,Male,2,Manager,Single,30570,1,Y,19,8,0,1,3,1,0,0,2,3,3,3,3,7.30347338
30,No,Travel_Rarely,Sales,3,3,Life Sciences,1,756,Male,3,Sales Executive,Divorced,51210,7,Y,13,8,0,8,4,3,0,2,4,1,3,3,3,7.53879932
31,No,Travel_Rarely,Research & Development,1,3,Medical,1,757,Male,1,Laboratory Technician,Single,168560,3,Y,12,8,1,9,3,3,1,0,1,2,4,3,3,7.291433616
34,No,Travel_Frequently,Sales,2,1,Marketing,1,758,Female,5,Manager,Divorced,26860,5,Y,11,8,0,10,3,4,1,3,4,1,3,4,3,7.603156676
31,Yes,Travel_Rarely,Sales,20,3,Technical Degree,1,759,Male,1,Research Scientist,Single,61800,1,Y,14,8,1,1,2,1,0,0,1,2,4,1,3,8.038707265
27,No,Travel_Rarely,Human Resources,11,4,Medical,1,760,Male,4,Sales Executive,Married,66320,0,Y,16,8,0,6,3,5,1,4,2,1,4,3,3,7.18969936
36,No,Travel_Rarely,Sales,1,3,Marketing,1,761,Male,2,Research Scientist,Single,35050,1,Y,12,8,2,10,2,10,1,8,1,4,2,2,3,6.329309057
36,No,Travel_Rarely,Research & Development,24,3,Other,1,762,Female,3,Research Director,Married,63970,4,Y,14,8,1,11,3,3,0,2,3,1,2,3,3,7.316132653
47,No,Travel_Rarely,Research & Development,23,4,Life Sciences,1,763,Female,2,Sales Executive,Married,62740,7,Y,14,8,2,17,0,6,1,2,1,4,2,3,3,7.789321378
25,Yes,Travel_Rarely,Sales,16,4,Life Sciences,1,764,Male,2,Research Scientist,Married,198590,3,Y,19,8,0,6,3,3,2,2,1,1,3,2,3,7.221421707
37,No,Non-Travel,Sales,8,4,Medical,1,765,Male,1,Healthcare Representative,Single,75870,0,Y,22,8,1,7,5,6,1,3,3,3,1,3,4,7.603537196
56,No,Travel_Rarely,Research & Development,10,4,Other,1,766,Male,2,Sales Representative,Married,42580,2,Y,16,8,0,5,2,3,1,0,1,1,4,3,3,6.62340637
47,No,Travel_Rarely,Research & Development,3,2,Medical,1,767,Male,2,Laboratory Technician,Married,43640,3,Y,11,8,1,26,3,20,5,6,1,3,4,3,3,6.299673813
24,No,Travel_Rarely,Research & Development,5,1,Other,1,768,Male,1,Manufacturing Director,Married,43350,1,Y,15,8,1,5,5,5,0,3,4,3,3,3,3,9.675379002
32,No,Travel_Rarely,Sales,4,3,Marketing,1,769,Male,1,Research Scientist,Married,53260,4,Y,14,8,1,7,2,4,0,3,4,4,2,3,3,7.48516526
34,No,Travel_Rarely,Research & Development,9,2,Medical,1,770,Male,1,Sales Executive,Married,32800,5,Y,13,8,0,7,3,5,0,2,4,2,2,3,3,6.101879589
41,No,Travel_Rarely,Research & Development,26,3,Medical,1,771,Female,3,Sales Executive,Married,54850,2,Y,17,8,2,7,2,4,0,3,2,3,2,3,3,10.49918153
40,No,Non-Travel,Sales,3,2,Life Sciences,1,772,Male,1,Sales Executive,Divorced,43420,3,Y,11,8,1,11,6,8,0,7,3,3,4,2,3,6.390747585
31,No,Travel_Rarely,Research & Development,16,3,Medical,1,773,Male,2,Human Resources,Divorced,27820,1,Y,19,8,1,13,5,13,9,9,1,4,3,3,3,6.676340479
46,Yes,Travel_Rarely,Research & Development,18,1,Medical,1,774,Male,1,Manufacturing Director,Divorced,59800,4,Y,11,8,1,28,2,7,4,3,1,4,4,3,3,6.667140523
39,Yes,Non-Travel,Research & Development,2,4,Medical,1,775,Male,2,Manufacturing Director,Single,43810,2,Y,15,8,2,11,1,1,0,0,1,1,4,2,3,9.412597165
31,Yes,Travel_Frequently,Sales,2,3,Medical,1,776,Male,2,Sales Executive,Single,25720,1,Y,13,8,3,10,3,10,4,7,3,2,3,3,3,6.8077705
45,No,Travel_Rarely,Sales,10,2,Marketing,1,777,Male,1,Sales Executive,Divorced,38330,2,Y,14,8,0,24,1,7,0,7,2,1,3,3,3,10.50107329
31,No,Travel_Rarely,Research & Development,16,4,Life Sciences,1,778,Male,3,Human Resources,Single,42440,9,Y,13,8,0,8,3,3,0,2,4,2,3,3,3,6.649557522
31,Yes,Travel_Frequently,Research & Development,7,4,Life Sciences,1,779,Male,1,Laboratory Technician,Married,65000,6,Y,23,8,1,7,5,2,2,2,2,4,1,3,4,10.30844422
45,No,Travel_Rarely,Research & Development,1,2,Life Sciences,1,780,Female,1,Research Scientist,Married,184300,4,Y,12,8,1,10,5,3,1,2,2,4,4,3,3,10.61155033
48,No,Travel_Rarely,Research & Development,24,3,Technical Degree,1,781,Male,2,Research Scientist,Divorced,16010,4,Y,12,8,0,15,3,2,2,2,3,1,3,3,3,7.119044917
34,Yes,Travel_Rarely,Research & Development,7,4,Medical,1,782,Male,2,Research Scientist,Married,26940,1,Y,16,8,1,2,3,2,2,2,1,3,3,3,3,7.405662393
40,No,Non-Travel,Research & Development,25,4,Other,1,783,Female,1,Sales Executive,Divorced,31490,2,Y,15,8,1,16,1,9,4,8,4,2,3,2,3,8.033875115
28,No,Travel_Rarely,Research & Development,1,2,Technical Degree,1,784,Female,1,Research Scientist,Single,176390,0,Y,13,8,1,6,0,5,1,3,4,1,3,3,3,6.488941345
44,No,Non-Travel,Research & Development,5,3,Life Sciences,1,785,Male,1,Laboratory Technician,Single,23190,3,Y,18,8,0,7,4,5,0,3,3,3,3,2,3,6.603619565
53,No,Travel_Rarely,Research & Development,2,4,Technical Degree,1,786,Male,2,Manager,Single,116910,4,Y,20,8,0,35,2,9,8,8,4,2,2,3,4,6.909737654
49,No,Travel_Rarely,Research & Development,7,3,Life Sciences,1,787,Male,3,Laboratory Technician,Married,53240,2,Y,19,8,0,20,2,3,1,2,1,3,2,1,3,6.783873905
40,No,Travel_Rarely,Research & Development,2,4,Life Sciences,1,788,Male,3,Laboratory Technician,Divorced,167520,2,Y,18,8,1,8,3,3,1,2,3,3,4,3,3,6.513810185
44,No,Travel_Rarely,Research & Development,5,1,Other,1,789,Male,3,Research Scientist,Single,52280,1,Y,13,8,0,6,2,5,1,3,4,2,2,4,3,6.923727231
33,No,Travel_Frequently,Human Resources,10,3,Medical,1,790,Female,2,Sales Executive,Married,27000,0,Y,14,8,3,5,2,4,0,3,4,1,3,3,3,7.288434874
34,No,Travel_Rarely,Research & Development,10,4,Life Sciences,1,791,Female,1,Sales Representative,Single,192460,3,Y,15,8,1,15,5,13,3,12,4,1,3,3,3,6.88024129
30,No,Travel_Rarely,Sales,1,2,Technical Degree,1,792,Male,1,Laboratory Technician,Married,25060,8,Y,22,8,0,4,3,2,2,2,4,3,2,3,4,6.058786611
42,No,Travel_Frequently,Research & Development,8,4,Medical,1,793,Female,1,Sales Executive,Single,60620,1,Y,22,8,2,12,2,12,5,8,1,4,3,3,4,7.300039158
44,No,Travel_Frequently,Research & Development,5,3,Life Sciences,1,794,Female,5,Manufacturing Director,Married,43820,7,Y,16,8,2,11,2,1,0,0,1,3,2,3,3,7.579750712
30,No,Non-Travel,Research & Development,8,3,Life Sciences,1,795,Male,1,Manufacturing Director,Divorced,21430,1,Y,17,8,1,1,2,1,0,0,3,3,2,3,3,6.094781401
57,No,Travel_Rarely,Sales,2,1,Life Sciences,1,796,Male,3,Research Scientist,Married,61620,0,Y,14,8,0,13,5,12,2,8,2,3,2,2,3,7.580286232
49,No,Travel_Rarely,Research & Development,7,3,Technical Degree,1,797,Female,2,Sales Executive,Divorced,50940,3,Y,15,8,0,29,5,8,0,7,3,2,3,3,3,6.893671139
34,No,Travel_Frequently,Research & Development,2,4,Medical,1,798,Female,2,Sales Representative,Divorced,68770,7,Y,20,8,0,16,3,14,6,9,2,1,2,3,4,6.305397865
28,Yes,Travel_Frequently,Research & Development,2,3,Medical,1,799,Male,1,Research Scientist,Married,22740,3,Y,20,8,1,5,5,3,1,2,1,3,4,3,4,6.538028233
29,Yes,Travel_Frequently,Research & Development,28,3,Medical,1,800,Female,5,Research Scientist,Single,44340,,Y,17,8,3,7,1,5,0,0,1,2,1,3,3,7.796020805
34,Yes,Travel_Rarely,Research & Development,7,1,Medical,1,801,Male,1,Research Scientist,Single,62880,0,Y,15,8,1,16,2,15,10,10,1,2,4,3,3,8.512823691
35,No,Travel_Rarely,Sales,7,4,Other,1,802,Female,4,Healthcare Representative,Married,25530,1,Y,14,8,1,1,4,1,0,0,4,3,3,2,3,6.602291973
24,Yes,Travel_Frequently,Sales,3,3,Life Sciences,1,803,Male,2,Research Scientist,Single,76540,2,Y,17,8,1,4,3,0,0,0,2,1,2,2,3,8.52181092
24,No,Non-Travel,Research & Development,10,3,Life Sciences,1,804,Female,2,Manager,Married,51600,1,Y,17,8,1,1,3,1,0,0,4,2,3,1,3,7.350506741
44,No,Travel_Frequently,Research & Development,5,2,Medical,1,805,Female,2,Research Scientist,Single,171590,5,Y,22,8,1,16,1,2,2,2,2,3,2,2,4,10.29264175
29,No,Travel_Rarely,Sales,10,2,Life Sciences,1,806,Female,1,Sales Executive,Divorced,128080,1,Y,13,8,0,10,6,10,0,4,3,3,3,3,3,7.030190901
30,No,Travel_Rarely,Research & Development,1,2,Life Sciences,1,807,Male,3,Sales Executive,Divorced,102210,0,Y,19,8,1,6,2,5,1,3,3,3,4,3,3,6.101496786
55,No,Travel_Rarely,Sales,20,3,Marketing,1,808,Male,2,Research Scientist,Married,47790,0,Y,14,8,1,4,6,3,1,2,4,3,3,3,3,10.69115721
33,No,Travel_Rarely,Research & Development,7,2,Life Sciences,1,809,Male,2,Research Scientist,Married,37370,8,Y,22,8,2,8,2,5,0,2,1,2,3,3,4,7.89853939
47,No,Travel_Rarely,Research & Development,8,4,Medical,1,810,Female,2,Sales Representative,Married,23660,3,Y,17,8,0,11,5,5,1,2,3,3,2,2,3,10.84971296
28,Yes,Travel_Frequently,Sales,1,3,Marketing,1,811,Male,2,Laboratory Technician,Single,17060,7,Y,12,8,0,8,3,0,0,0,3,1,2,3,3,7.588862705
28,No,Travel_Rarely,Sales,8,4,Marketing,1,812,Male,1,Laboratory Technician,Divorced,163070,1,Y,16,8,0,1,3,1,0,0,1,3,1,2,3,6.122644676
28,No,Travel_Frequently,Research & Development,9,3,Life Sciences,1,813,Female,2,Sales Executive,Single,59330,0,Y,11,8,0,5,3,4,1,3,3,1,3,3,3,6.962416789
49,No,Travel_Rarely,Research & Development,5,4,Life Sciences,1,814,Female,1,Research Scientist,Married,34240,4,Y,11,8,0,10,3,3,1,2,3,1,3,3,3,6.400011922
29,No,Travel_Frequently,Research & Development,8,1,Medical,1,815,Male,1,Research Scientist,Married,40370,0,Y,14,8,0,4,2,3,0,2,4,2,3,1,3,7.121506148
28,No,Travel_Rarely,Research & Development,5,1,Technical Degree,1,816,Male,2,Laboratory Technician,Married,25590,1,Y,11,8,0,8,3,8,1,7,3,2,2,2,3,5.973506039
33,No,Travel_Rarely,Research & Development,15,4,Life Sciences,1,817,Female,1,Sales Executive,Single,62010,2,Y,15,8,3,14,2,0,0,0,4,3,3,2,3,8.459304954
32,No,Travel_Rarely,Research & Development,7,3,Life Sciences,1,818,Female,3,Laboratory Technician,Single,44030,2,Y,20,8,0,10,3,5,0,0,3,4,4,2,4,7.424210832
54,No,Travel_Frequently,Sales,10,3,Life Sciences,1,819,Female,4,Research Scientist,Divorced,37610,3,Y,12,8,0,26,3,14,1,12,2,4,3,2,3,7.000416667
29,Yes,Travel_Rarely,Research & Development,5,3,Life Sciences,1,820,Female,2,Research Scientist,Single,109340,6,Y,17,8,2,11,2,9,0,7,1,1,1,3,3,6.523200784
44,No,Travel_Rarely,Sales,26,1,Marketing,1,821,Male,1,Sales Representative,Married,107610,3,Y,11,8,1,24,5,20,14,17,4,1,4,2,3,7.881761281
39,No,Travel_Rarely,Sales,6,1,Technical Degree,1,822,Female,2,Laboratory Technician,Single,51750,4,Y,17,8,1,9,2,2,2,2,2,2,3,4,3,7.125110867
46,No,Travel_Rarely,Research & Development,4,2,Life Sciences,1,823,Male,3,Manufacturing Director,Married,138260,8,Y,11,8,0,23,1,13,5,1,3,2,4,2,3,7.02354426
35,No,Travel_Rarely,Research & Development,23,4,Life Sciences,1,824,Male,2,Research Scientist,Single,63340,1,Y,14,8,0,11,2,11,3,3,4,2,1,4,3,6.203768802
23,No,Travel_Rarely,Research & Development,2,4,Medical,1,825,Female,2,Manager,Single,49360,0,Y,19,8,1,5,2,4,1,2,1,3,3,2,3,7.709598765
40,Yes,Travel_Rarely,Research & Development,2,3,Medical,1,826,Male,2,Research Director,Single,47750,3,Y,15,8,1,15,3,5,1,0,4,1,1,4,3,7.620850242
34,No,Travel_Rarely,Human Resources,2,3,Human Resources,1,827,Male,2,Manufacturing Director,Married,28180,1,Y,13,8,1,10,2,10,8,6,4,3,3,3,3,10.28996676
31,Yes,Travel_Frequently,Research & Development,29,3,Life Sciences,1,828,Female,2,Healthcare Representative,Single,25150,1,Y,14,8,0,7,3,7,7,7,4,3,1,2,3,6.364603865
50,No,Travel_Frequently,Research & Development,6,3,Medical,1,829,Male,1,Manager,Single,23420,1,Y,12,8,1,32,2,32,13,9,3,4,3,2,3,9.983714689
34,No,Travel_Rarely,Sales,25,5,Marketing,1,830,Female,1,Research Scientist,Married,41940,0,Y,17,8,2,12,3,11,5,7,2,3,3,3,3,10.49425168
42,No,Travel_Rarely,Research & Development,1,3,Life Sciences,1,831,Female,1,Manufacturing Director,Married,106850,4,Y,11,8,3,4,2,1,0,0,3,2,3,3,3,6.595753472
37,No,Travel_Rarely,Research & Development,2,2,Medical,1,832,Male,1,Research Scientist,Married,20220,1,Y,12,8,0,10,1,10,3,7,1,4,3,3,3,8.006495911
29,No,Travel_Rarely,Research & Development,1,3,Medical,1,833,Female,1,Manager,Married,23140,3,Y,13,8,0,9,5,7,0,7,3,1,3,4,3,6.202246732
33,No,Travel_Rarely,Research & Development,1,1,Life Sciences,1,834,Male,1,Research Scientist,Single,42560,1,Y,13,8,3,5,1,5,0,2,4,2,3,3,3,7.20855031
45,No,Travel_Rarely,Sales,3,3,Life Sciences,1,835,Male,3,Laboratory Technician,Married,35800,4,Y,20,8,1,8,1,5,0,3,4,4,3,2,4,6.044753603
42,No,Travel_Frequently,Human Resources,1,4,Technical Degree,1,836,Male,2,Manufacturing Director,Married,31620,2,Y,17,8,2,24,1,20,13,9,4,4,1,3,3,8.067896175
40,No,Travel_Rarely,Sales,10,1,Life Sciences,1,837,Female,1,Manufacturing Director,Married,65240,0,Y,13,8,1,9,2,8,7,1,1,1,4,4,3,6.323114998
33,No,Travel_Rarely,Research & Development,9,3,Medical,1,838,Female,2,Manufacturing Director,Married,28990,1,Y,17,8,0,15,3,15,5,7,2,3,3,2,3,10.61728765
40,No,Travel_Rarely,Sales,5,5,Life Sciences,1,839,Male,1,Manufacturing Director,Single,52310,1,Y,12,8,2,21,4,21,7,7,3,4,3,3,3,8.432153916
24,No,Travel_Rarely,Sales,10,2,Marketing,1,840,Male,1,Manufacturing Director,Divorced,23560,0,Y,13,8,0,2,5,1,0,0,3,1,3,3,3,6.096182277
40,No,Non-Travel,Research & Development,7,3,Medical,1,841,Male,1,Research Scientist,Divorced,28000,3,Y,12,8,2,8,0,2,2,2,4,4,3,2,3,8.382793848
45,No,Travel_Rarely,Research & Development,4,3,Medical,1,842,Female,3,Laboratory Technician,Divorced,118360,1,Y,22,8,0,10,2,10,7,7,1,2,3,4,4,6.594626113
35,No,Travel_Rarely,Research & Development,10,1,Life Sciences,1,843,Male,1,Healthcare Representative,Married,109030,0,Y,11,8,0,6,3,5,4,2,2,3,3,4,3,7.772340757
32,No,Travel_Rarely,Research & Development,22,4,Medical,1,844,Male,1,Sales Executive,Married,29730,3,Y,22,8,0,12,0,7,2,5,4,2,3,4,4,7.274289995
36,No,Travel_Rarely,Sales,9,3,Marketing,1,845,Female,4,Research Scientist,Single,142750,3,Y,18,8,1,7,5,3,1,2,3,4,2,2,3,9.089532104
48,No,Travel_Rarely,Research & Development,12,4,Medical,1,846,Male,1,Laboratory Technician,Divorced,55620,8,Y,13,8,1,18,2,8,7,7,3,3,3,3,3,7.859650727
29,No,Travel_Rarely,Research & Development,23,4,Life Sciences,1,847,Female,2,Healthcare Representative,Married,45370,6,Y,18,8,1,5,5,1,0,0,,3,2,4,3,7.75909751
33,No,Travel_Rarely,Research & Development,9,1,Medical,1,848,Male,1,Healthcare Representative,Married,76420,2,Y,20,8,1,8,2,2,2,2,1,1,1,2,4,7.108776116
30,Yes,Travel_Rarely,Research & Development,1,3,Other,1,849,Male,3,Sales Executive,Married,179240,1,Y,13,8,2,10,2,10,6,7,2,1,3,3,3,7.376322174
38,No,Travel_Frequently,Sales,9,3,Marketing,1,850,Male,1,Manufacturing Director,Married,52040,3,Y,13,8,1,10,2,6,1,2,3,3,3,3,3,6.928822641
35,No,Travel_Rarely,Sales,7,2,Life Sciences,1,851,Male,1,Sales Executive,Single,22770,1,Y,12,8,1,3,2,3,1,2,4,1,3,3,3,6.808158015
30,No,Travel_Rarely,Research & Development,14,3,Technical Degree,1,852,Male,5,Research Director,Married,27950,3,Y,13,8,0,9,4,4,1,3,3,2,3,3,3,6.500898903
35,Yes,Travel_Rarely,Research & Development,2,3,Medical,1,853,Female,1,Research Scientist,Divorced,25320,1,Y,13,8,0,1,2,1,0,0,1,1,3,1,3,9.684859914
53,Yes,Travel_Rarely,Research & Development,19,3,Life Sciences,1,854,Male,2,Manager,Married,25590,0,Y,25,8,0,34,2,33,1,9,3,4,3,3,4,6.50808174
38,Yes,Travel_Rarely,Research & Development,2,3,Medical,1,855,Female,3,Sales Executive,Married,49080,4,Y,19,8,1,7,3,5,1,4,3,2,3,2,3,7.600153178
32,No,Non-Travel,Research & Development,10,4,Life Sciences,1,856,Female,5,Research Scientist,Married,23800,4,Y,13,8,0,9,5,6,1,2,4,1,2,3,3,7.381282051
48,No,Travel_Rarely,Research & Development,2,5,Life Sciences,1,857,Male,1,Sales Executive,Married,47650,8,Y,12,8,1,10,4,8,7,6,3,1,2,3,3,7.112005508
34,No,Travel_Rarely,Research & Development,3,3,Life Sciences,1,858,Male,2,Sales Executive,Single,20440,1,Y,11,8,0,1,2,1,0,0,1,4,1,3,3,7.42216411
55,No,Travel_Rarely,Research & Development,11,1,Medical,1,859,Female,1,Laboratory Technician,Married,26930,1,Y,18,8,0,36,6,36,2,13,3,4,3,2,3,6.372202042
34,No,Travel_Rarely,Research & Development,2,2,Life Sciences,1,860,Male,2,Research Scientist,Married,65860,9,Y,18,8,1,9,3,2,2,1,2,,2,3,3,6.133991228
26,No,Travel_Rarely,Research & Development,4,3,Life Sciences,1,861,Male,1,Research Director,Married,32940,1,Y,11,8,0,1,6,1,0,0,1,4,3,3,3,7.3015702
38,No,Travel_Rarely,Sales,14,2,Marketing,1,862,Female,1,Sales Executive,Married,41710,0,Y,23,8,0,10,4,9,7,7,3,2,,4,4,7.006115819
38,No,Travel_Rarely,Research & Development,2,3,Life Sciences,1,863,Female,1,Manufacturing Director,Single,27780,2,Y,13,8,0,8,5,3,1,2,2,2,4,2,3,7.245010776
36,No,Travel_Rarely,Human Resources,1,3,Human Resources,1,864,Male,1,Research Scientist,Single,23770,6,Y,13,8,2,15,3,1,0,0,2,3,3,3,3,7.4275481
29,No,Travel_Rarely,Research & Development,10,3,Life Sciences,1,865,Male,1,Sales Representative,Single,24040,1,Y,17,8,0,10,3,10,1,5,2,1,3,2,3,8.108851383
35,No,Travel_Rarely,Sales,12,2,Life Sciences,1,866,Female,2,Sales Executive,Single,23180,3,Y,19,8,0,10,4,5,0,4,1,3,3,4,3,9.299442008
39,No,Travel_Rarely,Sales,2,2,Medical,1,867,Female,1,Sales Executive,Married,20080,2,Y,12,8,0,11,3,7,7,6,4,3,3,3,3,7.768857143
29,No,Travel_Frequently,Research & Development,5,1,Medical,1,868,Female,1,Research Scientist,Divorced,62440,1,Y,22,8,0,6,3,6,1,3,1,4,4,3,4,6.832889123
50,No,Travel_Rarely,Research & Development,4,2,Medical,1,869,Female,1,Laboratory Technician,Married,27990,4,Y,12,8,1,27,0,1,0,0,3,3,3,1,3,9.387326389
23,No,Travel_Rarely,Research & Development,7,2,Life Sciences,1,870,Female,3,Manager,Married,105520,2,Y,11,8,0,4,2,2,2,2,4,3,3,3,3,6.664042824
36,No,Travel_Frequently,Sales,21,3,Life Sciences,1,871,Male,2,Human Resources,Married,23290,3,Y,15,8,0,9,2,3,0,2,1,1,3,3,3,9.216660757
42,No,Travel_Rarely,Research & Development,8,2,Life Sciences,1,872,Female,5,Manager,Single,40140,8,Y,13,8,1,24,3,1,0,1,4,4,3,3,3,5.99689872
35,No,Travel_Rarely,Sales,4,3,Medical,1,873,Female,2,Laboratory Technician,Married,74030,1,Y,12,8,1,10,4,10,6,8,2,3,2,3,3,6.391757741
34,No,Travel_Frequently,Research & Development,25,1,Life Sciences,1,874,Female,1,Manager,Married,22590,1,Y,14,8,0,8,2,8,7,7,4,3,2,3,3,5.995439416
40,No,Travel_Rarely,Research & Development,1,4,Life Sciences,1,875,Male,2,Laboratory Technician,Married,69320,1,Y,13,8,0,5,5,5,1,2,4,1,3,3,3,6.491637116
43,No,Travel_Rarely,Research & Development,1,1,Other,1,876,Male,1,Manager,Divorced,46780,5,Y,25,8,1,8,0,6,0,2,4,2,3,4,4,7.030567739
35,No,Travel_Rarely,Sales,6,3,Marketing,1,877,Female,3,Sales Representative,Married,135820,1,Y,17,8,1,1,3,1,0,1,3,4,2,2,3,7.320544826
46,No,Travel_Rarely,Research & Development,12,4,Technical Degree,1,878,Male,1,Laboratory Technician,Single,23320,1,Y,11,8,0,27,2,26,0,12,4,1,1,3,3,6.599134394
28,Yes,Travel_Rarely,Human Resources,1,3,Medical,1,879,Female,2,Laboratory Technician,Married,24130,1,Y,16,8,1,1,2,1,0,0,3,2,3,3,3,8.417341772
22,No,Non-Travel,Sales,17,2,Marketing,1,880,Male,3,Sales Executive,Married,97050,1,Y,18,8,2,4,3,4,1,3,2,3,2,2,3,8.882230427
50,No,Travel_Frequently,Research & Development,3,3,Other,1,881,Male,2,Research Scientist,Married,42940,2,Y,20,8,0,32,2,30,12,13,2,3,3,2,4,9.425232053
32,No,Travel_Rarely,Research & Development,3,2,Life Sciences,1,882,Male,3,Research Scientist,Married,47210,3,Y,14,8,1,6,3,3,0,2,2,4,3,3,3,6.344614464
44,No,Travel_Rarely,Research & Development,10,3,Technical Degree,1,883,Male,3,Manager,Divorced,25190,0,Y,21,8,2,23,2,22,1,10,2,4,2,3,4,8.780374943
30,No,Travel_Rarely,Research & Development,4,3,Medical,1,884,Female,1,Research Director,Married,21210,1,Y,13,8,1,6,2,6,1,1,2,2,2,3,3,6.562242489
45,No,Travel_Rarely,Sales,29,2,Technical Degree,1,885,Female,2,Research Scientist,Single,29730,1,Y,12,8,0,10,2,10,1,4,3,1,3,3,3,8.875014679
45,No,Non-Travel,Sales,2,4,Life Sciences,1,886,Male,2,Manufacturing Director,Married,58550,1,Y,14,8,1,10,3,10,4,5,1,1,3,2,3,7.908878159
31,No,Travel_Frequently,Research & Development,7,3,Medical,1,887,Male,2,Research Scientist,Single,36170,7,Y,21,8,1,10,5,5,0,3,4,1,3,3,4,7.144681688
36,No,Travel_Rarely,Research & Development,18,1,Medical,1,888,Male,2,Manufacturing Director,Married,67250,9,Y,17,8,1,7,3,3,1,1,3,3,3,3,3,10.91689342
34,No,Travel_Frequently,Sales,28,4,Marketing,1,889,Male,5,Manufacturing Director,Divorced,103250,1,Y,11,8,1,9,3,9,7,2,3,4,3,2,3,6.102161785
49,No,Travel_Rarely,Research & Development,1,4,Life Sciences,1,890,Male,3,Healthcare Representative,Married,69490,1,Y,14,8,1,10,2,9,1,4,3,1,2,3,3,7.295703161
39,No,Travel_Rarely,Research & Development,6,2,Life Sciences,1,891,Male,3,Research Scientist,Married,106090,2,Y,17,8,1,10,2,7,7,7,2,1,3,3,3,6.567342995
27,No,Travel_Rarely,Research & Development,2,1,Life Sciences,1,892,Male,4,Research Scientist,Divorced,44470,1,Y,13,8,0,7,4,7,0,7,4,1,3,3,3,6.090469822
35,No,Travel_Rarely,Research & Development,2,3,Medical,1,893,Female,2,Sales Executive,Married,21570,1,Y,25,8,0,16,1,16,1,10,2,1,3,2,4,7.603104019
28,No,Travel_Rarely,Research & Development,23,3,Life Sciences,1,894,Male,3,Manufacturing Director,Divorced,46010,0,Y,15,8,2,6,2,5,0,0,2,1,2,3,3,7.38428125
21,No,Travel_Rarely,Research & Development,3,1,Life Sciences,1,895,Female,1,Laboratory Technician,Single,170990,1,Y,14,8,1,3,2,2,2,2,3,4,3,3,3,7.880823877
18,Yes,Travel_Frequently,Research & Development,3,5,Medical,1,896,Male,1,Research Director,Single,24790,1,Y,12,8,1,0,2,0,0,0,2,4,4,2,3,8.397640604
47,No,Travel_Rarely,Research & Development,25,4,Medical,1,897,Male,2,Research Scientist,Married,148520,3,Y,19,8,3,27,3,5,1,0,4,3,3,2,3,6.039741736
39,No,Travel_Rarely,Sales,2,4,Life Sciences,1,898,Male,1,Laboratory Technician,Divorced,72640,0,Y,17,8,0,11,5,10,0,7,3,3,3,3,3,6.870003687
40,No,Travel_Rarely,Research & Development,22,1,Life Sciences,1,899,Male,1,Laboratory Technician,Married,56660,1,Y,14,8,1,18,2,18,14,12,1,3,3,3,3,7.58694686
35,No,Non-Travel,Research & Development,29,3,Medical,1,900,Female,2,Sales Executive,Married,78230,1,Y,13,8,1,15,3,14,2,9,3,3,3,3,3,6.191809179
37,No,Travel_Rarely,Research & Development,29,4,Technical Degree,1,901,Male,1,Laboratory Technician,Married,78800,3,Y,12,8,1,9,2,4,0,2,3,3,2,4,3,7.993996978
39,No,Travel_Frequently,Research & Development,2,3,Technical Degree,1,902,Female,2,Manager,Single,131940,0,Y,11,8,0,10,2,9,3,8,1,3,1,3,3,6.660409483
45,No,Travel_Rarely,Research & Development,28,3,Life Sciences,1,903,Female,2,Laboratory Technician,Divorced,50670,1,Y,11,8,2,10,3,10,3,9,4,4,3,2,3,7.317151056
38,No,Travel_Rarely,Research & Development,2,4,Life Sciences,1,904,Female,3,Sales Executive,Married,50790,3,Y,11,8,0,10,3,5,0,2,4,3,4,3,3,9.588505007
35,Yes,Travel_Rarely,Research & Development,2,3,Life Sciences,1,905,Male,3,Healthcare Representative,Married,23210,9,Y,12,8,1,15,0,13,6,0,4,1,3,3,3,5.966612269
37,No,Travel_Rarely,Research & Development,22,3,Life Sciences,1,906,Female,2,Healthcare Representative,Married,174440,1,Y,14,8,0,8,4,8,7,7,2,2,1,3,3,7.942092352
40,No,Travel_Rarely,Research & Development,8,3,Technical Degree,1,907,Female,2,Healthcare Representative,Single,24040,6,Y,17,8,0,18,2,4,3,3,3,4,2,2,3,9.179383102
44,No,Travel_Frequently,Sales,2,2,Marketing,1,908,Male,1,Laboratory Technician,Married,34520,4,Y,11,8,1,14,2,10,0,2,1,4,3,2,3,8.593498563
48,No,Travel_Frequently,Sales,10,4,Marketing,1,909,Female,3,Manager,Married,22700,2,Y,14,8,3,23,2,2,2,2,3,4,3,3,3,7.111725146
35,Yes,Travel_Rarely,Research & Development,9,3,Life Sciences,1,910,Male,2,Manager,Divorced,173990,6,Y,12,8,0,7,3,2,2,2,,4,2,1,3,10.69871587
24,No,Travel_Frequently,Research & Development,15,3,Life Sciences,1,911,Male,2,Research Scientist,Single,54880,1,Y,22,8,1,6,6,6,1,3,1,4,3,3,4,8.687724314
27,No,Travel_Rarely,Sales,10,4,Life Sciences,1,912,Male,3,Sales Executive,Married,194190,7,Y,14,8,1,5,2,3,0,2,2,3,3,1,3,7.170411836
27,No,Travel_Frequently,Research & Development,7,3,Life Sciences,1,913,Male,1,Research Scientist,Single,28110,2,Y,20,8,0,6,3,4,1,2,4,4,2,3,4,6.410121171
40,Yes,Travel_Rarely,Sales,16,4,Marketing,1,914,Male,1,Research Director,Single,36330,3,Y,16,8,2,10,0,4,0,3,1,1,1,3,3,10.48674863
29,No,Travel_Rarely,Research & Development,20,1,Medical,1,915,Female,2,Manager,Single,41630,9,Y,15,8,1,8,4,5,1,4,3,3,3,2,3,7.294751773
36,No,Travel_Rarely,Research & Development,23,3,Life Sciences,1,916,Female,3,Sales Executive,Married,21320,4,Y,20,8,0,9,1,3,0,2,2,1,3,2,4,7.881702432
25,No,Travel_Frequently,Sales,5,1,Marketing,1,917,Male,4,Manufacturing Director,Divorced,139730,1,Y,14,8,0,7,3,7,0,7,4,3,3,2,3,6.098032904
39,No,Travel_Rarely,Sales,10,3,Marketing,1,918,Female,2,Research Director,Married,26840,4,Y,12,8,0,7,2,5,1,0,4,2,3,3,3,6.773751788
49,No,Travel_Rarely,Sales,4,2,Life Sciences,1,919,Male,2,Research Director,Married,108450,3,Y,24,8,0,27,4,4,1,2,1,2,3,2,4,7.800969317
50,No,Travel_Rarely,Research & Development,2,2,Medical,1,920,Male,3,Sales Executive,Divorced,43770,5,Y,12,8,1,19,2,14,1,11,4,1,3,2,3,7.78853125
20,No,Travel_Rarely,Research & Development,18,4,Medical,1,921,Female,2,Sales Executive,Single,37430,1,Y,13,8,1,2,2,2,2,2,3,3,3,3,3,6.625714115
34,No,Travel_Rarely,Research & Development,10,3,Medical,1,922,Male,3,Laboratory Technician,Divorced,41480,1,Y,11,8,0,11,3,11,7,9,4,2,3,3,3,7.706878875
36,No,Travel_Rarely,Research & Development,1,3,Life Sciences,1,923,Female,2,Healthcare Representative,Single,10510,2,Y,14,8,0,15,2,4,1,3,1,2,3,3,3,5.986487573
49,No,Travel_Rarely,Human Resources,6,2,Life Sciences,1,924,Female,2,Research Scientist,Married,107390,2,Y,11,8,3,30,3,15,2,12,3,3,3,3,3,8.499204545
36,No,Non-Travel,Research & Development,8,4,Life Sciences,1,925,Male,4,Laboratory Technician,Married,103880,0,Y,14,8,0,4,2,3,1,2,4,3,3,3,3,7.954062932
36,No,Travel_Rarely,Research & Development,2,2,Medical,1,926,Female,2,Healthcare Representative,Divorced,114160,6,Y,16,8,0,13,2,5,0,4,4,1,3,3,3,6.310086368
54,No,Travel_Rarely,Sales,24,3,Marketing,1,927,Male,1,Laboratory Technician,Married,26000,3,Y,14,8,0,36,5,10,4,7,2,3,3,3,3,7.584176329
43,No,Travel_Rarely,Research & Development,2,4,Life Sciences,1,928,Female,1,Research Scientist,Married,24220,1,Y,11,8,1,14,2,14,6,11,3,3,3,3,3,7.632412764
35,Yes,Travel_Frequently,Research & Development,17,4,Medical,1,929,Male,1,Research Director,Single,54720,3,Y,11,8,1,13,3,11,6,7,4,4,4,2,3,8.416370773
38,No,Travel_Frequently,Research & Development,19,2,Life Sciences,1,930,Male,2,Research Scientist,Married,24510,7,Y,12,8,1,19,3,13,2,9,4,4,4,3,3,7.198089991
29,No,Travel_Rarely,Research & Development,1,2,Medical,1,931,Male,2,Sales Representative,Divorced,42400,1,Y,14,8,0,10,2,10,0,9,1,2,2,2,3,10.70474851
33,No,Travel_Rarely,Research & Development,7,3,Medical,1,932,Male,5,Sales Executive,Divorced,109990,1,Y,18,8,3,6,3,6,0,4,4,4,3,2,3,6.412126774
32,No,Travel_Rarely,Research & Development,5,4,Technical Degree,1,933,Male,5,Research Scientist,Divorced,50030,,Y,13,8,0,10,5,9,1,6,4,2,2,3,3,6.599085039
31,No,Travel_Rarely,Research & Development,28,4,Technical Degree,1,934,Female,2,Sales Executive,Married,127420,1,Y,11,8,0,10,4,10,0,2,1,4,3,2,3,7.390623278
49,No,Travel_Rarely,Research & Development,2,4,Medical,1,935,Male,1,Laboratory Technician,Divorced,42270,4,Y,18,8,0,17,3,2,2,2,4,1,2,2,3,9.695243499
38,No,Travel_Frequently,Sales,29,2,Medical,1,936,Female,1,Sales Executive,Single,39170,1,Y,15,8,3,4,2,4,3,3,4,2,3,3,3,7.806726602
47,No,Travel_Rarely,Research & Development,1,4,Medical,1,937,Male,3,Laboratory Technician,Divorced,183030,6,Y,22,8,1,29,2,3,1,2,2,2,3,2,4,6.711067189
49,No,Travel_Rarely,Research & Development,21,3,Medical,1,938,Male,2,Manufacturing Director,Single,23800,4,Y,13,8,0,23,3,8,0,0,3,3,3,1,3,6.387058824
41,No,Travel_Rarely,Research & Development,24,4,Life Sciences,1,939,Female,4,Manager,Single,137260,3,Y,12,8,0,21,6,2,0,2,4,3,3,4,3,10.95911595
20,No,Travel_Rarely,Research & Development,1,3,Life Sciences,1,940,Male,1,Sales Representative,Single,47770,1,Y,18,8,1,2,3,2,0,2,4,1,3,3,3,7.703551176
33,No,Non-Travel,Research & Development,18,2,Medical,1,941,Female,2,Healthcare Representative,Divorced,63850,1,Y,13,8,0,7,6,6,1,2,3,4,3,2,3,9.487822316
36,No,Travel_Rarely,Research & Development,2,2,Technical Degree,1,942,Male,3,Sales Executive,Married,199730,6,Y,12,8,0,10,2,3,0,2,1,3,2,3,3,5.95873538
44,No,Travel_Rarely,Research & Development,9,3,Technical Degree,1,943,Female,3,Healthcare Representative,Divorced,68610,4,Y,12,8,0,8,2,2,2,2,3,4,3,2,3,8.526459227
23,Yes,Travel_Rarely,Human Resources,6,3,Life Sciences,1,944,Female,3,Laboratory Technician,Single,49690,1,Y,12,8,0,5,3,5,1,2,4,3,3,3,3,8.093856481
38,No,Travel_Rarely,Research & Development,11,2,Life Sciences,1,945,Male,1,Sales Executive,Married,198450,7,Y,11,8,1,7,3,0,0,0,4,3,2,3,3,7.388344956
53,No,Travel_Rarely,Research & Development,24,3,Life Sciences,1,946,Male,4,Research Director,Married,133200,3,Y,11,8,0,11,2,4,1,2,2,4,3,3,3,8.024024217
48,Yes,Travel_Frequently,Sales,10,2,Marketing,1,947,Male,1,Healthcare Representative,Married,63470,2,Y,12,8,1,19,3,9,7,7,4,3,3,1,3,9.882666432
32,Yes,Travel_Rarely,Sales,1,3,Life Sciences,1,948,Male,2,Research Scientist,Single,27430,1,Y,19,8,1,1,2,1,0,0,4,2,3,3,3,7.527459659
26,No,Non-Travel,Research & Development,18,2,Medical,1,949,Male,1,Human Resources,Single,108800,1,Y,23,8,1,7,5,7,5,7,4,4,3,3,4,7.190238095
55,No,Travel_Rarely,Research & Development,23,1,Life Sciences,1,950,Male,5,Laboratory Technician,Divorced,23420,5,Y,11,8,2,8,2,4,1,2,1,2,3,3,3,7.700374887
34,No,Travel_Rarely,Sales,28,3,Life Sciences,1,951,Female,2,Research Scientist,Married,176500,1,Y,19,8,1,15,6,15,4,13,2,4,4,1,3,7.968867337
60,No,Travel_Rarely,Sales,17,4,Medical,1,952,Male,1,Manager,Divorced,40250,3,Y,13,8,1,19,5,1,0,0,3,4,4,2,3,6.235646161
33,No,Travel_Rarely,Sales,3,3,Life Sciences,1,953,Male,3,Manager,Married,97250,1,Y,11,8,0,14,0,14,2,13,2,2,3,3,3,7.787044252
37,No,Travel_Frequently,Research & Development,13,3,Life Sciences,1,954,Male,1,Laboratory Technician,Divorced,119040,1,Y,12,8,1,6,4,6,1,3,3,4,2,3,3,6.513645405
34,No,Travel_Rarely,Research & Development,7,2,Life Sciences,1,955,Male,1,Healthcare Representative,Married,21770,1,Y,13,8,0,10,5,10,8,7,2,4,3,3,3,7.057042625
23,Yes,Travel_Rarely,Research & Development,12,2,Medical,1,956,Male,2,Research Scientist,Divorced,75250,1,Y,14,8,2,3,2,3,0,2,3,4,3,3,3,9.220522676
44,No,Travel_Rarely,Human Resources,1,3,Life Sciences,1,957,Male,1,Research Scientist,Married,48340,1,Y,14,8,0,9,1,8,6,7,3,4,3,4,3,8.505449791
35,No,Travel_Frequently,Research & Development,13,3,Life Sciences,1,958,Male,3,Sales Executive,Single,20420,0,Y,16,8,0,6,2,5,1,4,1,4,4,3,3,8.161027659
43,No,Travel_Rarely,Research & Development,25,4,Life Sciences,1,959,Male,2,Sales Executive,Married,22200,1,Y,11,8,0,10,2,10,8,8,4,4,3,1,3,8.093515046
24,No,Travel_Rarely,Research & Development,6,3,Life Sciences,1,960,Male,3,Sales Executive,Married,10520,1,Y,13,8,0,5,3,5,0,4,3,3,3,3,3,6.711200604
41,No,Travel_Rarely,Sales,6,4,Marketing,1,961,Male,1,Research Scientist,Single,28210,1,Y,17,8,0,10,3,10,8,7,4,3,3,3,3,7.034598365
29,No,Travel_Rarely,Research & Development,2,2,Life Sciences,1,962,Male,2,Research Scientist,Married,192370,9,Y,11,8,1,9,2,5,1,2,4,3,3,3,3,7.925632516
36,No,Travel_Rarely,Human Resources,1,4,Life Sciences,1,963,Female,3,Research Scientist,Single,41070,3,Y,11,8,1,17,2,13,6,7,3,4,2,1,3,6.286331169
45,No,Non-Travel,Sales,2,3,Life Sciences,1,964,Female,2,Manufacturing Director,Married,83960,3,Y,15,8,2,25,3,23,14,4,3,3,2,2,3,6.297184716
24,Yes,Travel_Rarely,Sales,6,2,Medical,1,965,Female,2,Manager,Married,20070,1,Y,12,8,0,1,2,1,0,0,4,3,3,2,3,6.382531646
47,Yes,Travel_Frequently,Research & Development,1,3,Medical,1,966,Female,2,Sales Executive,Married,196270,7,Y,11,8,2,25,1,23,14,10,3,3,1,3,3,6.786419362
26,No,Travel_Rarely,Research & Development,9,1,Medical,1,967,Male,1,Sales Executive,Married,106860,1,Y,14,8,1,3,2,3,0,2,4,3,4,3,3,7.719782313
45,No,Travel_Rarely,Research & Development,1,4,Life Sciences,1,968,Male,1,Research Director,Single,29420,1,Y,22,8,1,21,4,21,8,6,4,2,3,3,4,6.578455702
32,No,Travel_Frequently,Sales,1,1,Marketing,1,969,Male,2,Laboratory Technician,Married,88580,6,Y,16,8,1,10,2,5,1,3,1,3,2,3,3,6.908069076
31,No,Travel_Rarely,Research & Development,14,2,Life Sciences,1,970,Male,1,Sales Executive,Married,167560,1,Y,11,8,2,6,5,5,0,3,2,3,4,3,3,7.190400828
41,No,Non-Travel,Sales,2,2,Medical,1,971,Male,2,Research Scientist,Married,107980,6,Y,14,8,2,10,5,3,1,2,3,2,3,1,3,7.72273088
40,No,Travel_Rarely,Research & Development,22,2,Technical Degree,1,972,Male,1,Healthcare Representative,Married,23230,2,Y,16,8,1,18,2,1,0,0,2,1,3,3,3,9.783942804
24,No,Travel_Rarely,Research & Development,3,3,Life Sciences,1,973,Female,1,Research Scientist,Divorced,14160,1,Y,15,8,1,6,3,6,1,2,2,1,4,2,3,5.991006944
46,No,Travel_Rarely,Research & Development,6,3,Medical,1,974,Male,4,Sales Executive,Single,46150,6,Y,12,8,0,19,3,10,0,9,3,2,3,2,3,7.575745674
35,No,Travel_Rarely,Sales,8,4,Life Sciences,1,975,Male,1,Laboratory Technician,Married,24610,2,Y,20,8,1,17,4,7,0,7,4,3,3,3,4,7.379968043
30,No,Travel_Rarely,Sales,9,4,Marketing,1,976,Male,1,Laboratory Technician,Married,87220,1,Y,17,8,1,10,3,10,0,8,2,4,2,3,3,7.276453178
47,No,Non-Travel,Research & Development,3,2,Life Sciences,1,977,Female,2,Sales Executive,Married,39550,7,Y,12,8,1,4,5,1,0,0,3,2,1,3,3,7.688438534
46,No,Travel_Rarely,Research & Development,1,4,Technical Degree,1,978,Female,3,Sales Executive,Divorced,99570,4,Y,20,8,0,13,1,10,0,3,3,4,2,3,4,9.799356662
36,Yes,Travel_Rarely,Research & Development,1,3,Medical,1,979,Male,2,Manufacturing Director,Divorced,33760,5,Y,20,8,0,16,3,2,2,2,2,1,3,3,4,10.37702115
32,Yes,Travel_Rarely,Research & Development,26,3,Medical,1,980,Female,2,Research Director,Single,88230,6,Y,13,8,2,10,3,0,0,0,1,2,3,3,3,7.014081726
23,No,Travel_Rarely,Sales,6,4,Life Sciences,1,981,Male,3,Manufacturing Director,Single,103220,1,Y,14,8,2,3,2,3,1,2,3,2,1,3,3,6.02629669
31,No,Travel_Frequently,Sales,3,3,Marketing,1,982,Male,2,Sales Executive,Single,46210,2,Y,18,8,1,9,3,5,1,4,4,4,2,3,3,6.461306022
39,No,Non-Travel,Research & Development,3,3,Life Sciences,1,983,Female,2,Manufacturing Director,Married,109760,1,Y,11,8,0,9,3,9,5,8,4,4,3,2,3,10.19846491
32,No,Travel_Rarely,Research & Development,6,3,Technical Degree,1,984,Male,1,Research Scientist,Married,36600,3,Y,11,8,2,10,0,4,0,2,4,3,1,2,3,7.598678005
40,No,Travel_Rarely,Sales,6,3,Life Sciences,1,985,Male,3,Manufacturing Director,Single,104820,1,Y,11,8,1,21,6,21,12,8,2,2,2,2,3,7.906652949
45,No,Travel_Rarely,Research & Development,19,4,Medical,1,986,Male,1,Sales Representative,Married,71190,4,Y,15,8,0,9,2,5,0,3,3,3,4,3,3,7.786297454
30,No,Travel_Frequently,Sales,9,3,Life Sciences,1,987,Male,1,Research Director,Single,95820,0,Y,12,8,1,10,2,9,0,7,4,1,3,3,3,6.223947492
24,No,Travel_Frequently,Sales,3,4,Marketing,1,988,Male,1,Sales Executive,Married,45080,0,Y,11,8,1,3,5,2,2,1,1,4,,3,3,5.950861702
30,Yes,Travel_Frequently,Research & Development,10,3,Life Sciences,1,989,Female,1,Human Resources,Divorced,22070,6,Y,14,8,0,6,4,4,1,2,3,4,2,3,3,6.717698068
31,No,Travel_Rarely,Research & Development,3,2,Life Sciences,1,990,Male,3,Laboratory Technician,Married,77560,1,Y,15,8,2,6,3,5,0,2,1,3,3,4,3,7.609416667
27,No,Travel_Rarely,Sales,3,3,Life Sciences,1,991,Male,1,Manager,Single,66940,1,Y,13,8,1,6,2,6,1,4,3,4,2,2,3,6.303799127
29,Yes,Travel_Rarely,Sales,4,3,Marketing,1,992,Male,5,Research Scientist,Single,36910,1,Y,13,8,0,2,3,2,2,2,2,2,3,3,3,6.805719311
29,No,Travel_Frequently,Research & Development,8,4,Life Sciences,1,993,Female,1,Sales Executive,Single,23770,8,Y,21,8,1,10,2,3,0,2,4,3,4,3,4,8.804921296
30,No,Travel_Rarely,Sales,7,3,Life Sciences,1,994,Male,3,Sales Executive,Divorced,23130,2,Y,11,8,0,12,5,7,1,7,3,1,3,3,3,8.030652958
34,No,Travel_Rarely,Research & Development,1,2,Medical,1,995,Female,2,Healthcare Representative,Married,176650,0,Y,11,8,0,6,5,5,1,2,4,4,3,2,3,9.935644632
33,No,Non-Travel,Research & Development,2,4,Medical,1,996,Male,1,Sales Representative,Single,25960,8,Y,14,8,1,13,4,11,1,7,4,2,2,3,3,7.386259747
49,No,Travel_Rarely,Sales,3,4,Marketing,1,997,Male,1,Sales Executive,Single,47280,3,Y,11,8,1,8,4,5,0,4,4,4,4,3,3,7.697562105
33,Yes,Travel_Rarely,Research & Development,10,3,Life Sciences,1,998,Male,1,Sales Executive,Single,43020,2,Y,13,8,0,11,3,0,0,0,1,1,2,1,3,8.278268762
38,No,Travel_Frequently,Research & Development,28,3,Medical,1,999,Male,1,Healthcare Representative,Married,29790,4,Y,12,8,1,9,3,6,0,5,3,2,2,3,3,7.878654195
31,Yes,Travel_Rarely,Human Resources,9,4,Human Resources,1,1000,Male,2,Laboratory Technician,Married,168850,2,Y,14,8,2,10,2,1,0,0,1,3,3,3,3,6.192529844
29,No,Travel_Rarely,Research & Development,3,4,Other,1,1001,Female,2,Sales Representative,Divorced,55930,1,Y,13,8,1,1,3,1,0,0,4,1,3,3,3,6.292075959
30,No,Travel_Rarely,Research & Development,2,1,Medical,1,1002,Male,1,Sales Representative,Married,104450,3,Y,18,8,1,10,3,7,1,7,3,3,3,3,3,6.826139005
32,No,Non-Travel,Research & Development,10,4,Life Sciences,1,1003,Female,1,Laboratory Technician,Single,87400,2,Y,11,8,1,12,2,7,0,7,2,2,3,3,3,6.016168372
38,No,Travel_Rarely,Research & Development,8,2,Technical Degree,1,1004,Female,1,Manufacturing Director,Married,25140,3,Y,11,8,0,15,2,1,1,0,2,4,3,2,3,9.019432624
43,Yes,Travel_Frequently,Research & Development,1,4,Other,1,1005,Male,3,Sales Executive,Married,76550,9,Y,12,8,1,6,3,1,0,0,3,3,3,3,3,8.407244213
42,No,Travel_Rarely,Human Resources,1,3,Other,1,1006,Female,1,Healthcare Representative,Divorced,174650,8,Y,13,8,1,7,3,5,0,4,2,2,2,3,3,6.683682336
55,No,Travel_Rarely,Research & Development,3,2,Life Sciences,1,1007,Female,1,Sales Executive,Married,73510,8,Y,20,8,1,34,3,1,0,0,3,1,3,3,4,7.606161398
33,No,Non-Travel,Research & Development,14,3,Other,1,1008,Male,1,Research Scientist,Divorced,108200,5,Y,12,8,0,11,2,9,1,7,4,2,2,3,3,6.713771552
41,No,Travel_Rarely,Research & Development,5,3,Medical,1,1009,Male,1,Sales Representative,Divorced,121690,1,Y,19,8,0,5,2,5,0,4,3,1,3,3,3,6.261173873
34,No,Non-Travel,Research & Development,7,4,Medical,1,1010,Female,1,Research Scientist,Divorced,196260,1,Y,21,8,0,15,5,15,0,7,4,3,3,2,4,8.174600186
53,No,Non-Travel,Research & Development,10,4,Medical,1,1011,Male,2,Healthcare Representative,Married,20700,4,Y,13,8,2,27,2,3,0,2,1,3,2,4,3,8.107574234
43,No,Travel_Rarely,Sales,16,2,Marketing,1,1012,Female,1,Laboratory Technician,Single,67820,0,Y,16,8,1,10,2,9,1,8,2,4,3,3,3,6.088437797
34,No,Travel_Rarely,Sales,10,2,Life Sciences,1,1013,Female,5,Sales Executive,Single,77790,5,Y,12,8,1,6,2,2,2,2,4,4,3,3,3,7.7034301
21,Yes,Travel_Rarely,Sales,1,2,Marketing,1,1014,Male,5,Healthcare Representative,Single,27910,1,Y,14,8,0,1,3,1,1,0,2,2,3,4,3,7.487674941
38,No,Travel_Rarely,Research & Development,8,2,Life Sciences,1,1015,Female,2,Sales Executive,Married,32010,1,Y,11,8,1,5,3,5,0,4,4,3,3,2,3,6.379568032
22,Yes,Travel_Rarely,Research & Development,1,3,Other,1,1016,Male,4,Research Scientist,Married,49680,1,Y,14,8,0,1,3,1,0,0,3,1,3,3,3,8.877802926
31,No,Travel_Rarely,Research & Development,8,5,Life Sciences,1,1017,Male,5,Sales Executive,Married,131200,1,Y,12,8,2,13,6,12,5,7,1,4,3,2,3,7.294315134
51,No,Travel_Rarely,Research & Development,1,4,Life Sciences,1,1018,Female,1,Manager,Married,40330,2,Y,14,8,0,15,2,2,2,2,1,3,3,3,3,6.720105485
37,No,Travel_Rarely,Research & Development,24,1,Life Sciences,1,1019,Male,2,Sales Executive,Married,32910,1,Y,16,8,3,5,2,5,0,3,2,2,3,2,3,7.974443297
46,No,Travel_Rarely,Sales,3,4,Marketing,1,1020,Female,1,Sales Representative,Divorced,42720,7,Y,13,8,0,24,3,2,2,2,3,4,3,4,3,10.01920748
36,No,Travel_Rarely,Research & Development,27,3,Technical Degree,1,1021,Female,4,Research Scientist,Married,50560,7,Y,12,8,0,15,2,12,5,7,4,1,3,2,3,9.546405093
44,Yes,Travel_Frequently,Sales,10,4,Life Sciences,1,1022,Male,1,Research Scientist,Divorced,28440,1,Y,12,8,0,6,2,5,2,3,3,2,2,4,3,9.284885266
37,No,Travel_Rarely,Research & Development,19,2,Technical Degree,1,1023,Male,2,Sales Executive,Divorced,27030,2,Y,14,8,0,19,2,10,4,7,3,2,2,3,3,6.111245127
35,Yes,Travel_Rarely,Research & Development,15,4,Life Sciences,1,1024,Male,2,Research Scientist,Single,19040,1,Y,22,8,1,10,4,10,7,7,3,4,3,3,4,8.59096919
33,No,Travel_Rarely,Research & Development,8,5,Medical,1,1025,Male,2,Laboratory Technician,Married,82240,6,Y,19,8,0,14,3,10,7,6,4,1,3,3,3,8.001345805
28,No,Travel_Rarely,Sales,9,3,Medical,1,1026,Female,2,Sales Executive,Married,47660,1,Y,12,8,0,5,3,5,0,3,3,4,4,3,3,7.398159874
39,No,Travel_Rarely,Sales,3,4,Marketing,1,1027,Female,2,Laboratory Technician,Single,26100,7,Y,12,8,0,9,2,4,2,2,3,3,3,2,3,6.896431892
46,No,Non-Travel,Research & Development,9,2,Life Sciences,1,1028,Male,2,Manufacturing Director,Single,57310,8,Y,17,8,0,6,2,2,2,2,2,2,3,3,3,6.693008688
40,No,Travel_Rarely,Research & Development,2,2,Medical,1,1029,Male,1,Research Director,Married,25390,4,Y,12,8,1,7,3,4,0,2,3,1,2,3,3,6.599432367
42,No,Travel_Rarely,Research & Development,7,4,Other,1,1030,Female,2,Laboratory Technician,Married,57140,5,Y,11,8,0,10,2,0,0,0,2,1,2,3,3,6.59779822
35,No,Non-Travel,Sales,10,1,Life Sciences,1,1031,Female,2,Research Director,Divorced,43230,2,Y,18,8,3,15,3,7,1,7,2,4,3,3,3,6.677146038
38,No,Non-Travel,Sales,6,4,Marketing,1,1032,Male,3,Sales Executive,Divorced,73360,5,Y,11,8,0,13,3,11,3,8,1,2,3,3,3,7.802694672
34,Yes,Travel_Frequently,Research & Development,2,1,Life Sciences,1,1033,Male,1,Manufacturing Director,Married,134990,4,Y,23,8,2,11,2,7,0,7,4,1,2,4,4,7.893937198
37,Yes,Travel_Rarely,Research & Development,24,3,Life Sciences,1,1034,Male,1,Laboratory Technician,Single,137580,1,Y,11,8,1,10,5,10,0,8,4,1,1,3,3,6.208432785
39,No,Travel_Frequently,Research & Development,2,1,Medical,1,1035,Male,2,Healthcare Representative,Divorced,51550,2,Y,18,8,1,7,3,2,2,2,3,4,3,2,3,6.198692469
43,No,Non-Travel,Human Resources,8,5,Medical,1,1036,Female,3,Sales Executive,Single,22580,4,Y,18,8,0,7,2,3,1,2,1,3,2,3,3,7.418051868
41,No,Travel_Rarely,Research & Development,3,3,Life Sciences,1,1037,Male,3,Research Scientist,Single,35970,3,Y,13,8,1,11,2,3,1,2,2,2,1,1,3,7.800170213
41,No,Travel_Rarely,Research & Development,1,1,Technical Degree,1,1038,Male,3,Laboratory Technician,Divorced,25150,0,Y,18,8,0,23,2,22,13,5,3,3,4,2,3,10.32341872
30,No,Travel_Rarely,Sales,26,3,Marketing,1,1039,Female,2,Manager,Single,44200,9,Y,11,8,0,9,3,7,0,2,1,3,3,3,3,7.069740664
26,Yes,Travel_Rarely,Human Resources,2,1,Technical Degree,1,1040,Female,3,Sales Executive,Married,65780,0,Y,15,8,2,6,3,5,1,4,4,2,3,2,3,8.694336957
46,Yes,Travel_Rarely,Research & Development,10,3,Medical,1,1041,Male,1,Sales Executive,Married,44220,4,Y,11,8,1,13,2,9,3,7,4,2,4,3,3,7.967791383
40,No,Travel_Rarely,Sales,27,2,Medical,1,1042,Female,3,Sales Executive,Divorced,102740,4,Y,18,8,0,12,3,5,0,3,3,4,3,3,3,6.591388889
34,No,Travel_Rarely,Research & Development,2,3,Life Sciences,1,1043,Male,2,Laboratory Technician,Married,53430,1,Y,14,8,0,10,5,10,4,8,2,3,3,2,3,7.373935584
58,No,Non-Travel,Research & Development,2,4,Medical,1,1044,Male,1,Laboratory Technician,Divorced,23760,4,Y,12,8,1,37,3,16,14,14,2,2,2,3,3,6.604357567
35,No,Travel_Rarely,Research & Development,8,1,Technical Degree,1,1045,Female,3,Manufacturing Director,Married,53460,0,Y,14,8,0,6,3,5,0,3,2,3,4,2,3,7.404206871
47,No,Travel_Rarely,Research & Development,19,5,Medical,1,1046,Female,2,Research Scientist,Divorced,28270,8,Y,14,8,1,28,3,22,14,10,3,2,3,3,3,10.70971158
40,No,Travel_Rarely,Research & Development,1,4,Life Sciences,1,1047,Male,2,Manager,Divorced,199430,2,Y,13,8,1,15,3,7,7,7,2,1,3,3,3,7.227238631
54,No,Travel_Rarely,Sales,27,4,Medical,1,1048,Male,1,Research Scientist,Married,31310,4,Y,14,8,0,14,3,7,1,7,4,4,2,2,3,7.084196992
31,No,Travel_Frequently,Sales,8,4,Other,1,1049,Female,3,Manufacturing Director,Married,25520,2,Y,18,8,0,9,2,3,2,2,1,1,3,3,3,7.490906619
28,No,Travel_Rarely,Sales,1,2,Life Sciences,1,1050,Male,3,Manager,Married,44770,1,Y,15,8,0,3,6,3,1,2,3,1,3,3,3,7.552442029
38,No,Travel_Rarely,Research & Development,19,3,Medical,1,1051,Female,2,Manufacturing Director,Married,64740,2,Y,13,8,2,20,3,4,0,3,2,4,2,1,3,9.511932773
26,No,Travel_Rarely,Sales,8,3,Marketing,1,1052,Female,1,Healthcare Representative,Single,30330,1,Y,12,8,0,5,2,5,1,2,3,4,3,2,3,6.121894468
58,No,Travel_Frequently,Research & Development,10,4,Technical Degree,1,1053,Female,1,Sales Representative,Married,29360,2,Y,13,8,1,23,3,2,2,2,1,3,3,3,3,9.588722222
18,No,Non-Travel,Research & Development,2,3,Life Sciences,1,1054,Male,3,Sales Representative,Single,186060,1,Y,24,8,2,0,4,0,0,0,2,3,1,3,4,7.652531915
31,Yes,Travel_Rarely,Research & Development,2,3,Life Sciences,1,1055,Male,3,Laboratory Technician,Married,21680,0,Y,14,8,1,2,2,1,0,0,4,1,3,3,3,6.11072104
29,Yes,Travel_Rarely,Research & Development,8,2,Medical,1,1056,Male,1,Manager,Divorced,28530,4,Y,14,8,1,4,5,2,2,0,1,1,3,2,3,8.695968221
45,No,Non-Travel,Sales,1,4,Technical Degree,1,1057,Male,1,Research Scientist,Married,170480,4,Y,15,8,0,10,3,8,5,7,3,3,4,2,3,7.203180077
36,No,Travel_Rarely,Sales,2,3,Technical Degree,1,1058,Female,5,Laboratory Technician,Married,22900,4,Y,11,8,0,15,5,1,0,0,4,2,3,3,3,10.65882033
43,No,Travel_Frequently,Sales,8,3,Medical,1,1059,Male,1,Research Director,Married,36000,1,Y,23,8,0,7,2,7,7,7,1,4,3,3,4,6.996897343
27,No,Travel_Frequently,Sales,8,4,Life Sciences,1,1060,Male,5,Research Scientist,Single,21070,0,Y,13,8,0,6,2,5,0,2,4,4,2,3,3,10.20604109
29,No,Travel_Frequently,Research & Development,6,2,Medical,1,1061,Male,1,Human Resources,Married,41150,1,Y,11,8,0,11,1,11,3,10,4,4,4,3,3,7.693395452
32,No,Travel_Frequently,Sales,9,4,Life Sciences,1,1062,Male,4,Sales Executive,Single,43270,8,Y,13,8,0,4,4,0,0,0,4,4,4,3,3,7.601602657
42,No,Non-Travel,Research & Development,11,3,Medical,1,1063,Male,1,Manager,Married,178560,3,Y,18,8,0,10,2,6,3,3,3,3,2,3,3,6.490872011
47,No,Travel_Rarely,Sales,2,2,Life Sciences,1,1064,Female,5,Manager,Single,31960,4,Y,14,8,1,7,3,2,2,0,2,3,3,2,3,6.100282694
46,No,Travel_Rarely,Human Resources,1,3,Life Sciences,1,1065,Female,1,Laboratory Technician,Divorced,190810,3,Y,21,8,0,12,2,9,4,7,4,4,2,3,4,7.237116013
28,No,Non-Travel,Research & Development,7,3,Life Sciences,1,1066,Male,1,Sales Executive,Divorced,89660,1,Y,16,8,1,3,3,3,2,2,3,4,3,2,3,7.694691226
29,No,Travel_Rarely,Research & Development,16,3,Medical,1,1067,Female,1,Manufacturing Director,Divorced,22100,8,Y,11,8,1,11,4,7,1,6,4,3,3,3,3,7.998587061
42,No,Travel_Rarely,Sales,2,4,Medical,1,1068,Female,2,Research Director,Single,45390,4,Y,17,8,1,8,5,0,0,0,4,3,3,3,3,6.593369064
32,Yes,Travel_Rarely,Research & Development,1,1,Medical,1,1069,Male,2,Laboratory Technician,Single,27410,7,Y,11,8,0,7,3,2,2,2,3,2,2,3,3,10.41163971
46,No,Travel_Rarely,Research & Development,23,1,Life Sciences,1,1070,Male,2,Laboratory Technician,Divorced,34910,2,Y,14,8,0,25,0,19,2,8,1,1,3,3,3,7.8707493
27,No,Travel_Rarely,Sales,2,3,Life Sciences,1,1071,Female,5,Research Scientist,Married,45410,1,Y,14,8,2,9,4,9,5,8,2,3,3,4,3,7.082472101
29,No,Travel_Rarely,Research & Development,1,2,Medical,1,1072,Male,3,Sales Executive,Married,26780,1,Y,25,8,1,1,3,1,0,0,4,2,3,3,4,7.980670213
43,No,Travel_Rarely,Research & Development,1,3,Life Sciences,1,1073,Male,1,Manufacturing Director,Married,73790,7,Y,13,8,2,21,3,16,6,14,1,3,3,2,3,6.301853765
48,No,Travel_Rarely,Research & Development,2,3,Life Sciences,1,1074,Female,2,Manager,Married,62720,4,Y,14,8,0,29,3,22,12,9,4,2,3,2,3,6.104008439
29,Yes,Travel_Frequently,Research & Development,13,2,Life Sciences,1,1075,Female,1,Laboratory Technician,Single,52200,1,Y,17,8,0,1,3,1,1,0,4,4,2,2,3,8.589410019
46,Yes,Travel_Rarely,Research & Development,4,4,Medical,1,1076,Female,2,Sales Representative,Married,27430,5,Y,25,8,1,14,1,8,0,7,3,2,3,4,4,7.884351449
27,No,Travel_Frequently,Research & Development,16,4,Medical,1,1077,Male,3,Healthcare Representative,Married,49980,0,Y,20,8,2,8,3,7,7,3,4,1,2,3,4,7.683338002
39,No,Travel_Rarely,Research & Development,2,3,Technical Degree,1,1078,Male,3,Healthcare Representative,Divorced,102520,8,Y,13,8,1,7,3,2,2,2,,4,3,3,3,6.520391204
55,No,Travel_Rarely,Research & Development,2,3,Life Sciences,1,1079,Female,1,Human Resources,Married,27810,8,Y,13,8,1,19,2,5,0,4,2,4,4,3,3,6.234294962
28,No,Travel_Rarely,Research & Development,29,2,Life Sciences,1,1080,Male,2,Laboratory Technician,Married,68520,1,Y,18,8,1,1,2,1,0,0,2,2,3,4,3,7.032183064
30,Yes,Travel_Rarely,Sales,12,4,Life Sciences,1,1081,Female,2,Sales Executive,Single,49500,1,Y,12,8,2,1,3,1,0,0,2,4,2,3,3,7.69290692
22,Yes,Travel_Rarely,Research & Development,16,2,Life Sciences,1,1082,Female,2,Laboratory Technician,Single,35790,1,Y,19,8,3,1,3,1,0,0,4,2,3,3,3,10.50380773
36,No,Travel_Rarely,Research & Development,11,3,Life Sciences,1,1083,Male,1,Sales Executive,Married,131910,1,Y,14,8,1,10,2,10,1,7,2,3,3,2,3,9.495159243
31,No,Travel_Rarely,Research & Development,2,4,Life Sciences,1,1084,Female,5,Manager,Divorced,103770,1,Y,14,8,0,10,2,10,0,2,2,3,3,3,3,7.479487994
34,No,Travel_Rarely,Sales,14,2,Technical Degree,1,1085,Female,1,Sales Executive,Married,22350,2,Y,14,8,1,9,2,5,1,0,3,4,3,3,3,8.122622655
29,No,Travel_Rarely,Research & Development,5,5,Life Sciences,1,1086,Female,1,Sales Executive,Single,105020,3,Y,12,8,0,11,4,3,1,2,4,1,3,2,3,7.120189934
37,No,Travel_Rarely,Research & Development,7,2,Medical,1,1087,Male,1,Manufacturing Director,Married,20110,5,Y,13,8,0,16,4,5,0,4,4,1,3,4,3,8.666963519
35,No,Travel_Rarely,Sales,2,1,Technical Degree,1,1088,Male,2,Laboratory Technician,Married,18590,0,Y,25,8,1,4,2,3,0,2,4,2,3,2,4,10.47049611
45,No,Travel_Rarely,Research & Development,3,3,Medical,1,1089,Female,2,Sales Executive,Married,37600,0,Y,14,8,1,10,2,9,3,8,2,4,2,2,3,7.10664371
36,No,Travel_Frequently,Research & Development,5,3,Medical,1,1090,Female,4,Manufacturing Director,Single,177790,1,Y,17,8,1,10,5,10,0,8,2,4,2,1,3,6.496840431
40,No,Travel_Rarely,Research & Development,3,3,Other,1,1091,Male,1,Sales Executive,Divorced,68330,2,Y,13,8,0,22,3,19,11,16,1,1,3,3,3,6.775284608
26,No,Travel_Rarely,Research & Development,26,2,Life Sciences,1,1092,Male,2,Human Resources,Married,68120,1,Y,13,8,0,1,2,1,1,0,2,3,2,2,3,9.301751867
27,No,Travel_Rarely,Research & Development,4,3,Technical Degree,1,1093,Male,2,Manufacturing Director,Single,51710,0,Y,20,8,1,9,1,8,0,7,1,3,,2,4,7.590319865
48,No,Travel_Frequently,Research & Development,2,3,Life Sciences,1,1094,Male,2,Research Director,Divorced,197400,3,Y,14,8,0,24,2,22,4,7,4,4,3,4,3,7.232274806
44,No,Travel_Rarely,Sales,1,2,Medical,1,1095,Male,4,Manager,Married,187110,2,Y,12,8,1,10,0,2,2,2,2,1,3,3,3,7.077287921
34,Yes,Non-Travel,Research & Development,27,2,Life Sciences,1,1096,Female,1,Sales Representative,Married,36920,1,Y,12,8,1,5,5,5,3,0,4,1,3,3,3,10.18785106
56,Yes,Travel_Rarely,Human Resources,1,2,Medical,1,1097,Female,5,Sales Executive,Single,25590,1,Y,21,8,0,5,3,4,1,0,1,4,3,3,4,6.864824435
36,No,Travel_Rarely,Research & Development,13,3,Technical Degree,1,1098,Female,3,Healthcare Representative,Married,25170,2,Y,14,8,0,12,3,4,1,3,3,2,1,3,3,7.289100877
41,No,Travel_Rarely,Research & Development,5,3,Life Sciences,1,1099,Female,1,Sales Executive,Married,66230,5,Y,18,8,0,14,3,5,1,4,3,2,3,3,3,6.413640223
42,No,Travel_Rarely,Research & Development,7,3,Technical Degree,1,1100,Female,2,Sales Executive,Married,182650,9,Y,12,8,1,18,4,13,5,7,3,1,4,3,3,7.383247126
31,No,Travel_Rarely,Sales,9,4,Life Sciences,1,1101,Female,1,Sales Executive,Divorced,161240,2,Y,23,8,1,8,2,5,1,4,3,4,3,2,4,8.327236652
34,No,Travel_Rarely,Research & Development,8,1,Life Sciences,1,1102,Female,3,Laboratory Technician,Married,25850,3,Y,12,8,0,9,5,4,0,1,4,4,2,3,3,9.212509298
31,No,Travel_Rarely,Sales,25,2,Life Sciences,1,1103,Female,3,Manufacturing Director,Divorced,182130,8,Y,21,8,2,4,3,2,2,2,1,3,2,4,4,6.801304143
26,No,Travel_Frequently,Sales,16,2,Life Sciences,1,1104,Male,2,Healthcare Representative,Married,83800,,Y,14,8,0,8,3,7,7,7,3,4,3,4,3,6.074546784
45,No,Travel_Frequently,Research & Development,8,4,Life Sciences,1,1105,Female,2,Manager,Single,29940,4,Y,18,8,1,12,2,4,0,3,2,3,3,3,3,7.78496732
33,No,Travel_Rarely,Sales,1,3,Life Sciences,1,1106,Female,5,Sales Executive,Single,12230,1,Y,13,8,1,10,3,10,0,9,2,3,2,3,3,6.450172246
28,No,Travel_Frequently,Sales,8,3,Life Sciences,1,1107,Male,4,Research Scientist,Married,11180,1,Y,11,8,0,7,3,7,0,7,3,4,3,3,3,10.60359822
29,Yes,Travel_Frequently,Human Resources,2,4,Human Resources,1,1108,Male,2,Sales Executive,Single,28750,1,Y,11,8,0,1,3,1,0,0,3,1,3,3,3,6.806472222
39,No,Non-Travel,Research & Development,8,5,Medical,1,1109,Female,2,Sales Representative,Married,188240,6,Y,19,8,1,10,4,3,1,2,1,3,3,3,3,6.294956522
27,No,Travel_Rarely,Sales,3,2,Technical Degree,1,1110,Male,2,Healthcare Representative,Married,135770,1,Y,12,8,1,6,2,5,1,2,2,2,2,3,3,7.285151072
34,No,Travel_Frequently,Research & Development,9,4,Life Sciences,1,1111,Female,2,Manufacturing Director,Married,26250,1,Y,12,8,3,16,4,15,6,11,3,4,3,3,3,8.927714026
28,Yes,Travel_Rarely,Research & Development,25,3,Technical Degree,1,1112,Male,1,Research Director,Single,187890,3,Y,16,8,1,6,4,2,2,2,4,3,3,3,3,9.425028345
47,No,Non-Travel,Research & Development,1,4,Medical,1,1113,Male,1,Research Scientist,Married,45380,8,Y,11,8,0,16,3,8,1,7,3,2,4,3,3,6.00341954
56,No,Travel_Rarely,Research & Development,4,3,Technical Degree,1,1114,Female,2,Sales Executive,Married,198470,4,Y,14,8,0,6,6,0,0,0,4,1,3,3,3,7.890800866
39,No,Travel_Rarely,Research & Development,1,3,Other,1,1115,Female,1,Laboratory Technician,Married,105120,1,Y,12,8,1,10,2,10,7,9,1,1,3,3,3,6.986115942
38,No,Travel_Frequently,Research & Development,4,2,Medical,1,1116,Female,1,Manager,Divorced,44440,1,Y,13,8,0,20,2,20,0,7,4,2,3,3,3,10.80802733
58,No,Travel_Rarely,Sales,5,3,Marketing,1,1117,Male,5,Sales Representative,Married,21540,4,Y,21,8,1,29,3,1,0,0,4,4,2,3,4,9.888919377
32,Yes,Travel_Frequently,Research & Development,9,3,Life Sciences,1,1118,Male,2,Laboratory Technician,Single,191900,3,Y,17,8,1,8,2,4,0,3,1,3,3,3,3,10.22087234
38,No,Travel_Rarely,Research & Development,3,4,Life Sciences,1,1119,Female,1,Sales Representative,Divorced,44900,2,Y,21,8,1,10,1,5,0,3,2,4,4,3,4,7.620438534
49,No,Travel_Frequently,Sales,11,4,Life Sciences,1,1120,Male,2,Research Scientist,Married,35060,3,Y,11,8,1,28,4,5,4,3,2,4,3,2,3,6.284957447
42,No,Travel_Rarely,Sales,1,3,Life Sciences,1,1121,Female,1,Sales Executive,Divorced,23720,3,Y,12,8,1,14,3,0,0,0,2,4,3,3,3,8.701982167
27,Yes,Travel_Frequently,Sales,8,1,Life Sciences,1,1122,Male,4,Laboratory Technician,Married,102310,1,Y,13,8,1,1,2,1,0,0,1,2,3,3,3,6.502103504
35,No,Travel_Rarely,Research & Development,25,1,Medical,1,1123,Male,1,Sales Executive,Married,54100,0,Y,18,8,0,6,4,5,0,4,2,1,1,3,3,6.612638889
28,No,Non-Travel,Research & Development,21,1,Medical,1,1124,Male,3,Research Scientist,Single,79780,1,Y,16,8,2,5,2,5,1,4,3,3,2,3,3,6.665572318
31,No,Non-Travel,Sales,23,1,Medical,1,1125,Male,1,Sales Executive,Divorced,38670,1,Y,11,8,1,4,4,4,2,3,3,1,4,4,3,9.812982456
36,No,Non-Travel,Research & Development,1,3,Life Sciences,1,1126,Male,2,Research Scientist,Married,28380,1,Y,19,8,2,5,5,5,0,2,1,2,3,1,3,7.10165978
34,No,Travel_Rarely,Sales,2,3,Marketing,1,1127,Male,4,Healthcare Representative,Single,46950,1,Y,16,8,1,14,2,14,2,1,1,4,2,3,3,6.024793447
34,No,Travel_Rarely,Research & Development,19,3,Technical Degree,1,1128,Female,1,Research Director,Divorced,33390,1,Y,16,8,0,9,2,8,1,1,4,3,2,2,3,6.802054618
26,No,Travel_Rarely,Research & Development,2,2,Life Sciences,1,1129,Male,2,Research Scientist,Single,20800,0,Y,13,8,0,8,6,7,7,6,3,1,2,4,3,6.771128329
29,No,Travel_Rarely,Research & Development,2,4,Other,1,1130,Male,2,Laboratory Technician,Married,20960,0,Y,22,8,0,6,2,5,0,2,1,1,2,4,4,7.720940972
32,No,Non-Travel,Research & Development,3,1,Life Sciences,1,1131,Male,3,Manager,Divorced,62090,5,Y,17,8,1,9,5,5,1,2,3,4,3,4,3,6.592589936
31,No,Travel_Frequently,Research & Development,25,5,Technical Degree,1,1132,Female,2,Human Resources,Married,180610,1,Y,14,8,1,10,2,10,8,7,4,1,3,3,3,6.921297468
28,Yes,Travel_Rarely,Sales,7,5,Life Sciences,1,1133,Female,2,Sales Representative,Divorced,171230,5,Y,15,8,1,6,2,4,0,3,3,4,2,2,3,6.31986417
38,No,Travel_Rarely,Research & Development,9,2,Technical Degree,1,1134,Male,3,Sales Representative,Single,23720,4,Y,12,8,0,20,3,1,0,0,1,1,2,2,3,7.179834248
35,No,Travel_Rarely,Research & Development,5,3,Life Sciences,1,1135,Male,2,Sales Representative,Married,48830,1,Y,18,8,1,10,1,10,0,9,3,4,3,1,3,8.81563285
27,No,Travel_Rarely,Sales,2,3,Life Sciences,1,1136,Female,1,Manager,Single,39040,1,Y,15,8,0,7,2,7,0,7,4,4,3,3,3,7.891162551
32,No,Travel_Rarely,Research & Development,8,1,Medical,1,1137,Female,2,Research Scientist,Single,46270,8,Y,17,8,1,8,2,1,0,0,4,4,3,2,3,7.2987764
31,Yes,Travel_Frequently,Research & Development,2,1,Other,1,1138,Male,3,Sales Executive,Married,70940,1,Y,14,8,1,10,2,10,0,8,1,4,3,3,3,10.31769995
53,Yes,Travel_Rarely,Research & Development,18,3,Medical,1,1139,Male,1,Research Scientist,Single,34230,6,Y,15,8,1,15,4,2,2,2,1,1,2,3,3,10.80799433
54,No,Travel_Rarely,Research & Development,14,3,Other,1,1140,Male,3,Research Scientist,Married,66740,3,Y,17,8,1,9,2,4,2,3,1,3,2,3,3,7.896520531
33,No,Travel_Frequently,Research & Development,2,4,Medical,1,1141,Female,4,Sales Executive,Divorced,168800,1,Y,14,8,3,9,2,9,2,8,4,3,3,3,3,7.898865837
43,No,Travel_Rarely,Research & Development,3,3,Medical,1,1142,Male,1,Research Scientist,Married,90940,1,Y,12,8,1,10,0,10,0,9,1,3,3,3,3,7.480150273
38,No,Travel_Frequently,Research & Development,2,5,Medical,1,1143,Female,4,Sales Executive,Married,84460,0,Y,14,8,0,7,3,6,1,2,4,2,3,2,3,7.958165459
55,No,Travel_Rarely,Sales,9,3,Marketing,1,1144,Male,2,Laboratory Technician,Married,119160,4,Y,15,8,1,35,3,10,1,4,3,2,3,2,3,8.186591017
31,No,Travel_Rarely,Sales,6,3,Other,1,1145,Male,1,Manufacturing Director,Divorced,45340,1,Y,13,8,0,1,2,1,0,0,4,4,3,3,3,10.80473026
39,No,Travel_Rarely,Research & Development,4,3,Life Sciences,1,1146,Male,2,Sales Executive,Single,98520,0,Y,12,8,1,21,5,20,11,10,2,1,3,2,3,6.089092673
42,No,Non-Travel,Research & Development,10,4,Life Sciences,1,1147,Female,2,Research Scientist,Single,61510,1,Y,13,8,1,20,3,20,3,7,4,3,3,3,3,6.591018923
31,No,Non-Travel,Research & Development,14,2,Life Sciences,1,1148,Male,2,Healthcare Representative,Married,23020,4,Y,14,8,0,13,3,11,4,8,3,3,4,3,3,6.103670635
54,No,Travel_Rarely,Research & Development,1,3,Medical,1,1149,Female,2,Human Resources,Single,23620,6,Y,13,8,1,9,2,5,1,4,3,1,3,4,3,10.51234192
24,No,Travel_Rarely,Research & Development,5,4,Other,1,1150,Male,1,Manufacturing Director,Single,178610,1,Y,11,8,2,4,5,4,1,2,2,3,2,1,3,6.875998156
23,No,Travel_Rarely,Research & Development,7,3,Life Sciences,1,1151,Male,2,Research Scientist,Single,191870,1,Y,11,8,1,5,2,5,1,4,4,4,4,3,3,6.994301453
40,No,Travel_Frequently,Research & Development,21,3,Medical,1,1152,Female,3,Research Scientist,Married,197170,1,Y,21,8,0,10,1,10,9,4,4,3,4,2,4,7.811326648
40,No,Travel_Rarely,Research & Development,8,1,Medical,1,1153,Female,5,Research Scientist,Married,35440,3,Y,18,8,3,15,3,11,5,10,2,2,3,2,3,6.160280093
25,No,Travel_Rarely,Sales,20,5,Medical,1,1154,Female,2,Laboratory Technician,Married,85000,4,Y,12,8,0,6,2,2,1,2,3,2,3,3,3,6.208804454
30,No,Travel_Rarely,Human Resources,20,4,Life Sciences,1,1155,Male,2,Research Scientist,Married,46610,1,Y,11,8,0,12,3,12,1,7,4,2,2,2,3,6.08208825
25,No,Travel_Rarely,Research & Development,7,2,Medical,1,1156,Male,5,Sales Executive,Divorced,41030,6,Y,15,8,1,7,2,2,0,2,4,3,2,3,3,10.1941309
47,No,Travel_Rarely,Research & Development,1,4,Life Sciences,1,1157,Male,2,Sales Executive,Single,42490,2,Y,13,8,1,25,2,17,12,11,1,3,3,2,3,7.778402778
33,No,Non-Travel,Research & Development,1,3,Life Sciences,1,1158,Male,2,Research Scientist,Divorced,140260,1,Y,12,8,0,1,4,1,0,0,2,3,2,3,3,6.171750479
38,No,Travel_Rarely,Research & Development,19,3,Life Sciences,1,1159,Female,2,Sales Executive,Married,68930,0,Y,17,8,0,16,3,15,5,8,4,2,3,3,3,7.904476359
31,No,Travel_Rarely,Research & Development,10,4,Medical,1,1160,Female,3,Sales Executive,Married,61250,0,Y,13,8,1,3,3,2,1,2,1,3,3,3,3,7.18081401
38,No,Travel_Frequently,Research & Development,1,4,Other,1,1161,Male,2,Research Scientist,Married,36690,2,Y,19,8,0,10,2,8,7,7,1,3,3,3,3,6.509626951
42,No,Travel_Rarely,Research & Development,6,3,Medical,1,1162,Male,2,Laboratory Technician,Divorced,100080,6,Y,19,8,1,9,3,4,1,2,4,1,2,1,3,9.767906421
41,No,Travel_Rarely,Sales,2,2,Medical,1,1163,Male,1,Healthcare Representative,Married,23870,3,Y,17,8,1,12,1,5,1,0,4,4,3,1,3,7.698772555
47,No,Non-Travel,Research & Development,21,2,Medical,1,1164,Male,1,Sales Executive,Married,46390,0,Y,11,8,1,14,2,13,5,12,3,2,1,2,3,7.228134757
35,No,Travel_Rarely,Research & Development,4,3,Life Sciences,1,1165,Male,2,Healthcare Representative,Married,78980,7,Y,15,8,0,5,2,2,2,2,4,3,3,2,3,10.39878884
22,No,Travel_Rarely,Human Resources,12,1,Human Resources,1,1166,Male,2,Sales Executive,Single,25340,0,Y,11,8,0,4,1,3,1,2,4,3,4,3,3,6.400190058
35,No,Travel_Rarely,Research & Development,9,3,Medical,1,1167,Female,2,Sales Executive,Single,131420,1,Y,25,8,2,10,4,10,0,8,2,3,3,3,4,8.004882434
33,No,Travel_Rarely,Sales,3,4,Medical,1,1168,Male,3,Healthcare Representative,Married,16110,0,Y,14,8,0,10,2,9,8,1,2,4,3,2,3,9.103674504
32,No,Travel_Rarely,Research & Development,3,2,Technical Degree,1,1169,Male,3,Manufacturing Director,Single,53630,1,Y,13,8,0,6,4,6,4,1,3,2,3,3,3,6.98645378
40,No,Travel_Rarely,Research & Development,1,4,Medical,1,1170,Male,2,Research Director,Married,50710,8,Y,17,8,1,8,3,1,0,0,1,4,2,2,3,6.16474537
32,No,Travel_Rarely,Research & Development,1,2,Medical,1,1171,Male,3,Sales Executive,Married,136950,0,Y,13,8,0,3,3,2,2,2,2,2,3,3,3,6.009841772
39,No,Travel_Rarely,Research & Development,4,4,Life Sciences,1,1172,Male,1,Sales Executive,Single,134020,7,Y,14,8,1,18,1,7,1,7,1,4,3,3,3,8.018078207
38,No,Travel_Rarely,Sales,20,4,Medical,1,1173,Female,2,Research Director,Married,20290,3,Y,11,8,1,20,3,18,1,11,2,3,3,2,3,8.000954106
32,No,Travel_Rarely,Research & Development,18,3,Life Sciences,1,1174,Male,2,Manager,Married,63770,1,Y,12,8,2,14,3,14,5,7,3,4,3,3,3,7.898323877
37,No,Travel_Rarely,Research & Development,1,3,Life Sciences,1,1175,Female,4,Sales Executive,Married,54290,1,Y,17,8,1,16,3,16,6,8,3,4,3,3,3,9.385844859
25,No,Travel_Rarely,Research & Development,2,4,Medical,1,1176,Female,2,Manufacturing Director,Divorced,27850,0,Y,21,8,0,6,2,5,0,4,1,3,2,3,4,7.971588935
52,No,Non-Travel,Research & Development,2,4,Other,1,1177,Male,1,Manager,Divorced,46140,2,Y,16,8,1,16,3,9,0,0,1,4,2,3,3,6.804641393
44,No,Travel_Rarely,Research & Development,8,1,Life Sciences,1,1178,Female,1,Sales Representative,Single,26100,6,Y,15,8,0,6,2,4,1,2,2,4,3,3,3,10.80534004
21,No,Travel_Rarely,Sales,10,5,Medical,1,1179,Male,3,Research Scientist,Single,66870,1,Y,19,8,3,2,0,2,1,2,3,1,3,3,3,8.159645514
39,No,Non-Travel,Research & Development,3,4,Life Sciences,1,1180,Female,2,Research Director,Single,47240,2,Y,12,8,1,21,4,6,1,3,4,4,2,4,3,6.306303506
23,Yes,Travel_Frequently,Research & Development,2,4,Life Sciences,1,1181,Female,2,Manufacturing Director,Married,61790,1,Y,11,8,0,1,3,1,1,0,4,1,2,3,3,8.025331384
36,No,Travel_Rarely,Research & Development,24,3,Life Sciences,1,1182,Female,2,Laboratory Technician,Married,61200,0,Y,19,8,0,10,2,9,3,4,1,4,3,3,3,7.792490855
36,No,Travel_Frequently,Research & Development,16,1,Medical,1,1183,Male,2,Sales Executive,Divorced,105960,7,Y,15,8,0,18,3,4,0,2,4,2,3,2,3,7.844118409
56,No,Non-Travel,Research & Development,8,1,Life Sciences,1,1184,Male,1,Sales Executive,Divorced,54670,1,Y,20,8,0,13,6,13,1,9,3,3,2,2,4,6.592797018
29,Yes,Travel_Rarely,Research & Development,9,4,Medical,1,1185,Male,2,Sales Representative,Married,29960,9,Y,25,8,0,4,4,2,2,2,1,4,4,3,4,10.90359312
42,No,Travel_Rarely,Research & Development,17,1,Life Sciences,1,1186,Male,3,Research Scientist,Married,99980,5,Y,24,8,2,24,3,22,4,14,1,3,2,2,4,7.398867259
56,Yes,Travel_Rarely,Sales,10,4,Other,1,1187,Male,2,Sales Executive,Married,40780,8,Y,24,8,1,14,3,10,9,8,4,3,1,3,4,6.820679413
41,No,Travel_Rarely,Research & Development,13,4,Life Sciences,1,1188,Female,1,Healthcare Representative,Married,109200,0,Y,15,8,1,21,3,20,0,10,1,2,3,4,3,7.800049645
34,No,Travel_Rarely,Sales,1,3,Medical,1,1189,Female,1,Laboratory Technician,Married,62320,1,Y,13,8,1,8,3,8,1,7,4,3,3,3,3,7.383625604
36,No,Non-Travel,Sales,1,1,Medical,1,1190,Female,1,Human Resources,Divorced,132470,1,Y,14,8,0,15,3,15,11,11,4,4,2,3,3,7.675329937
41,No,Travel_Rarely,Research & Development,1,5,Medical,1,1191,Male,1,Healthcare Representative,Divorced,40810,2,Y,13,8,0,14,3,5,0,4,3,2,3,3,3,7.091824074
32,No,Travel_Rarely,Sales,9,4,Life Sciences,1,1192,Female,2,Research Scientist,Single,57690,1,Y,11,8,0,4,3,4,1,2,4,1,3,3,3,6.725276596
35,No,Travel_Rarely,Research & Development,16,3,Medical,1,1193,Female,2,Healthcare Representative,Single,23940,1,Y,16,8,1,9,3,9,1,7,3,4,3,3,3,10.50515603
38,No,Travel_Rarely,Research & Development,23,3,Medical,1,1194,Male,3,Sales Representative,Married,39040,1,Y,22,8,0,10,3,10,1,9,1,4,3,2,4,6.905967036
50,Yes,Travel_Frequently,Sales,4,2,Life Sciences,1,1195,Female,2,Laboratory Technician,Divorced,167990,7,Y,14,8,1,12,2,6,0,1,2,3,3,2,3,7.208894824
36,No,Travel_Rarely,Research & Development,22,4,Life Sciences,1,1196,Male,1,Healthcare Representative,Married,29500,4,Y,14,8,0,8,1,6,0,0,2,,2,2,3,6.277285138
45,No,Travel_Rarely,Sales,24,3,Life Sciences,1,1197,Male,1,Laboratory Technician,Single,36290,8,Y,16,8,1,8,2,5,0,1,4,3,3,4,3,6.076578117
40,No,Travel_Rarely,Sales,10,4,Life Sciences,1,1198,Male,1,Research Scientist,Single,93620,2,Y,11,8,1,8,6,2,2,2,3,3,,3,3,6.211907957
35,No,Travel_Frequently,Sales,7,2,Life Sciences,1,1199,Male,2,Manufacturing Director,Married,32290,1,Y,25,8,0,10,2,10,0,2,3,3,4,2,4,8.430802337
40,No,Travel_Rarely,Research & Development,17,4,Life Sciences,1,1200,Male,1,Manager,Married,35780,2,Y,14,8,1,20,2,5,0,2,3,3,3,3,3,7.484193853
35,No,Travel_Rarely,Human Resources,14,1,Life Sciences,1,1201,Male,2,Research Scientist,Married,79880,1,Y,18,8,0,4,3,4,1,1,3,4,3,3,3,6.89609944
29,No,Travel_Rarely,Research & Development,1,3,Medical,1,1202,Male,3,Sales Executive,Married,42840,4,Y,11,8,0,10,5,4,0,3,4,2,3,2,3,9.817854683
29,No,Travel_Rarely,Research & Development,5,3,Medical,1,1203,Male,2,Sales Representative,Single,75530,1,Y,19,8,0,5,3,5,0,4,4,1,1,3,3,6.083963499
50,Yes,Travel_Rarely,Research & Development,17,3,Medical,1,1204,Male,1,Research Scientist,Divorced,173280,4,Y,15,8,2,20,1,3,2,0,4,1,3,3,3,9.616168503
39,No,Travel_Rarely,Sales,25,3,Medical,1,1205,Male,2,Sales Executive,Married,197010,0,Y,11,8,0,21,3,20,9,6,2,4,2,4,3,7.508998818
31,No,Non-Travel,Research & Development,8,4,Life Sciences,1,1206,Female,4,Sales Executive,Single,147320,0,Y,12,8,0,10,3,9,1,7,2,1,3,3,3,7.308546099
26,No,Travel_Rarely,Research & Development,11,4,Medical,1,1207,Male,2,Manager,Single,92780,0,Y,20,8,0,5,3,4,0,0,4,3,3,3,4,7.500675267
36,No,Travel_Frequently,Research & Development,5,1,Technical Degree,1,1208,Male,1,Sales Executive,Married,13590,4,Y,12,8,0,17,2,5,0,3,3,4,3,3,3,7.694170139
39,No,Travel_Rarely,Research & Development,2,1,Medical,1,1209,Female,1,Research Scientist,Married,47790,4,Y,14,8,2,9,3,7,1,7,4,1,3,3,3,6.046757298
27,No,Travel_Rarely,Research & Development,8,2,Medical,1,1210,Male,1,Laboratory Technician,Married,164220,1,Y,20,8,1,6,3,6,0,3,2,2,3,3,4,9.286569626
49,No,Travel_Frequently,Research & Development,6,1,Medical,1,1211,Male,3,Healthcare Representative,Married,29960,2,Y,18,8,1,17,2,9,0,8,4,2,2,2,3,6.395888653
34,No,Travel_Rarely,Sales,4,3,Medical,1,1212,Female,1,Sales Executive,Married,12610,2,Y,14,8,1,6,6,4,1,2,2,3,4,3,3,6.460532508
41,Yes,Travel_Rarely,Research & Development,7,2,Life Sciences,1,1213,Female,1,Research Scientist,Single,20990,8,Y,12,8,1,8,2,6,0,5,2,4,1,3,3,8.626512213
49,No,Travel_Frequently,Sales,1,4,Life Sciences,1,1214,Female,2,Manufacturing Director,Married,58100,1,Y,21,8,1,10,2,10,1,7,3,2,3,3,4,6.713213277
37,Yes,Travel_Rarely,Research & Development,2,3,Life Sciences,1,1215,Male,1,Sales Executive,Single,56470,6,Y,19,8,0,7,2,0,0,0,4,3,3,3,3,8.521203704
33,No,Travel_Frequently,Research & Development,10,2,Medical,1,1216,Male,2,Research Scientist,Married,34200,1,Y,14,8,0,8,3,8,3,0,4,3,3,3,3,9.482606657
27,No,Travel_Rarely,Sales,5,4,Medical,1,1217,Female,4,Manufacturing Director,Married,44000,9,Y,17,8,1,6,3,2,2,2,1,2,3,2,3,6.40478225
32,No,Travel_Frequently,Research & Development,9,2,Medical,1,1218,Female,2,Research Scientist,Single,35000,0,Y,16,8,1,8,2,7,3,6,4,4,2,2,3,7.276984805
59,No,Travel_Rarely,Sales,2,2,Marketing,1,1219,Female,5,Sales Representative,Married,20660,4,Y,12,8,1,12,3,1,0,0,3,1,2,3,3,10.03518598
30,No,Travel_Rarely,Research & Development,11,4,Medical,1,1220,Male,2,Laboratory Technician,Divorced,171690,1,Y,17,8,2,1,2,1,0,0,4,3,3,3,3,6.389413324
38,No,Travel_Frequently,Sales,18,4,Life Sciences,1,1221,Male,2,Healthcare Representative,Single,41620,0,Y,15,8,1,10,1,9,1,8,4,3,3,3,3,7.997498857
36,No,Travel_Rarely,Research & Development,7,3,Life Sciences,1,1222,Male,1,Sales Executive,Married,92040,6,Y,23,8,1,17,2,7,7,7,3,3,2,3,4,7.832184343
35,No,Travel_Rarely,Human Resources,3,4,Human Resources,1,1223,Male,2,Manager,Married,32940,0,Y,11,8,0,6,2,5,0,3,1,2,3,3,3,7.498361582
29,No,Travel_Rarely,Sales,29,4,Life Sciences,1,1224,Male,2,Laboratory Technician,Single,21270,0,Y,11,8,1,10,3,9,0,8,4,3,3,2,3,10.72469385
31,No,Travel_Rarely,Research & Development,2,2,Medical,1,1225,Male,2,Laboratory Technician,Divorced,39750,1,Y,15,8,1,5,3,5,4,3,,3,2,3,3,6.313388399
34,No,Travel_Rarely,Research & Development,28,3,Technical Degree,1,1226,Male,1,Laboratory Technician,Divorced,107930,0,Y,11,8,3,3,1,2,1,2,2,4,3,2,3,7.614092349
28,Yes,Travel_Rarely,Research & Development,1,4,Life Sciences,1,1227,Male,5,Research Director,Single,100960,5,Y,13,8,0,6,2,4,0,3,3,3,3,3,3,10.48314815
29,No,Travel_Rarely,Research & Development,16,2,Life Sciences,1,1228,Female,4,Laboratory Technician,Divorced,36460,1,Y,14,8,0,10,3,10,8,8,2,1,3,4,3,7.96732684
32,No,Travel_Rarely,Human Resources,22,3,Human Resources,1,1229,Female,2,Research Director,Divorced,74460,0,Y,19,8,0,7,3,6,0,5,1,2,2,3,3,10.69599003
22,No,Non-Travel,Research & Development,8,3,Life Sciences,1,1230,Female,3,Sales Executive,Divorced,108510,1,Y,16,8,1,1,2,1,0,0,4,4,2,4,3,10.00294444
53,No,Travel_Rarely,Research & Development,11,3,Medical,1,1231,Male,2,Manager,Married,21090,2,Y,13,8,0,31,3,25,3,7,1,4,3,3,3,8.015872011
38,No,Travel_Rarely,Research & Development,29,3,Life Sciences,1,1232,Female,1,Manufacturing Director,Single,37220,5,Y,14,8,0,6,0,3,1,2,4,4,3,3,3,9.685173611
24,No,Non-Travel,Research & Development,1,5,Life Sciences,1,1233,Male,3,Research Scientist,Divorced,93800,0,Y,16,8,0,5,2,4,1,3,1,3,2,2,3,6.907967535
36,Yes,Travel_Rarely,Research & Development,1,3,Life Sciences,1,1234,Male,1,Research Director,Single,54860,7,Y,12,8,1,10,2,5,0,3,3,1,3,3,3,6.475342067
34,No,Travel_Rarely,Sales,24,3,Marketing,1,1235,Male,4,Research Scientist,Single,27420,0,Y,11,8,1,13,2,12,2,11,1,2,3,3,3,6.094871615
21,No,Travel_Rarely,Sales,2,3,Life Sciences,1,1236,Male,2,Manufacturing Director,Single,137570,1,Y,12,8,1,0,3,0,0,0,3,4,3,3,3,5.997355653
34,Yes,Travel_Rarely,Sales,15,2,Marketing,1,1237,Female,2,Research Scientist,Single,84630,2,Y,13,8,0,8,2,4,1,3,2,1,3,1,3,7.815063458
53,No,Travel_Rarely,Sales,2,1,Life Sciences,1,1238,Male,5,Human Resources,Divorced,31620,4,Y,15,8,0,26,4,14,4,8,3,3,2,3,3,7.481158626
32,Yes,Travel_Frequently,Research & Development,10,3,Medical,1,1239,Female,2,Manufacturing Director,Single,165980,1,Y,13,8,0,10,2,10,6,7,2,1,3,3,3,9.495272968
42,No,Travel_Rarely,Research & Development,10,3,Technical Degree,1,1240,Male,2,Laboratory Technician,Married,66510,0,Y,20,8,0,10,5,9,4,2,3,2,3,2,4,6.892245179
44,No,Travel_Rarely,Research & Development,3,1,Life Sciences,1,1241,Female,1,Manufacturing Director,Married,23450,3,Y,15,8,2,24,0,22,5,17,1,4,3,3,3,7.101099585
46,No,Travel_Rarely,Sales,2,3,Life Sciences,1,1242,Female,1,Research Scientist,Single,34200,3,Y,13,8,2,22,3,2,2,1,2,1,2,1,3,8.009119565
33,No,Travel_Rarely,Sales,3,3,Medical,1,1243,Male,1,Manufacturing Director,Single,43730,4,Y,14,8,0,7,3,1,0,0,3,4,3,3,3,6.528365606
44,No,Travel_Rarely,Human Resources,26,3,Life Sciences,1,1244,Male,5,Healthcare Representative,Married,47590,2,Y,21,8,0,9,2,4,1,3,4,4,4,3,4,8.53277432
30,No,Travel_Rarely,Research & Development,1,4,Technical Degree,1,1245,Female,1,Research Scientist,Single,53010,1,Y,16,8,1,10,3,10,1,8,4,3,3,3,3,6.116035665
39,Yes,Travel_Rarely,Human Resources,1,4,Medical,1,1246,Male,1,Sales Executive,Married,36730,3,Y,14,8,1,19,3,1,0,0,4,4,4,3,3,6.523863745
24,Yes,Travel_Rarely,Human Resources,2,5,Human Resources,1,1247,Male,3,Sales Executive,Married,47680,2,Y,11,8,1,6,2,2,2,0,2,4,2,2,3,9.676600638
43,No,Travel_Rarely,Sales,9,5,Technical Degree,1,1248,Female,1,Research Director,Divorced,12740,1,Y,19,8,0,6,3,5,1,4,4,3,2,2,3,6.487590218
50,Yes,Travel_Rarely,Research & Development,12,4,Medical,1,1249,Male,1,Research Director,Married,49000,1,Y,11,8,0,3,3,3,0,2,1,3,3,2,3,8.919851395
35,No,Travel_Rarely,Sales,2,4,Marketing,1,1250,Male,3,Manufacturing Director,Married,104660,1,Y,13,8,0,2,1,2,2,2,4,4,3,3,3,7.086650597
36,No,Travel_Rarely,Research & Development,25,1,Life Sciences,1,1251,Female,4,Sales Executive,Married,170070,9,Y,12,8,1,6,2,1,0,0,2,1,4,2,3,9.078667874
33,No,Travel_Frequently,Sales,9,2,Marketing,1,1252,Male,4,Human Resources,Married,29090,2,Y,11,8,0,10,2,5,1,3,3,1,3,2,3,6.557033147
35,No,Travel_Rarely,Research & Development,10,1,Medical,1,1253,Male,1,Research Scientist,Divorced,57650,1,Y,14,8,1,1,2,1,0,0,3,4,3,3,3,6.188770339
27,No,Travel_Rarely,Sales,8,2,Marketing,1,1254,Female,3,Research Scientist,Divorced,45990,1,Y,15,8,1,1,3,1,0,0,4,1,3,2,3,7.619807132
26,Yes,Travel_Rarely,Sales,4,3,Marketing,1,1255,Male,2,Manager,Single,24040,1,Y,12,8,0,1,6,1,0,1,1,3,2,3,3,7.693315043
27,No,Travel_Frequently,Sales,24,3,Life Sciences,1,1256,Male,4,Healthcare Representative,Single,31720,1,Y,20,8,1,9,1,9,1,7,4,3,3,3,4,6.842362854
30,No,Travel_Frequently,Research & Development,1,4,Medical,1,1257,Male,1,Research Scientist,Single,20330,1,Y,14,8,1,12,3,12,3,7,3,4,3,1,3,6.816597525
41,Yes,Travel_Rarely,Sales,20,4,Marketing,1,1258,Male,2,Sales Executive,Married,102090,1,Y,13,8,1,23,2,22,15,8,2,3,3,3,3,5.962092431
34,No,Non-Travel,Research & Development,7,2,Technical Degree,1,1259,Female,1,Research Scientist,Single,86200,0,Y,13,8,1,10,2,9,8,7,2,3,3,2,3,7.820035613
37,No,Travel_Rarely,Research & Development,17,3,Life Sciences,1,1260,Female,3,Sales Executive,Married,20640,4,Y,16,8,0,8,3,1,0,0,2,2,3,2,3,6.10239418
46,No,Travel_Frequently,Research & Development,20,3,Technical Degree,1,1261,Male,3,Sales Executive,Single,40350,4,Y,14,8,1,14,2,9,0,8,1,4,,3,3,9.3184301
35,No,Travel_Rarely,Research & Development,8,4,Medical,1,1262,Female,3,Research Scientist,Married,38380,1,Y,16,8,1,1,2,1,0,1,4,4,3,3,3,6.909693237
48,Yes,Travel_Rarely,Research & Development,2,4,Technical Degree,1,1263,Female,1,Sales Executive,Single,45910,9,Y,16,8,0,23,6,1,0,0,1,3,3,1,3,9.295721983
28,Yes,Travel_Rarely,Research & Development,10,1,Medical,1,1264,Male,1,Sales Executive,Single,25610,1,Y,22,8,1,2,3,2,2,2,3,3,2,3,4,10.68342867
44,No,Travel_Rarely,Research & Development,1,1,Medical,1,1265,Female,3,Research Scientist,Divorced,15630,5,Y,12,8,2,9,3,4,1,3,2,1,2,3,3,9.386280345
35,No,Non-Travel,Research & Development,5,4,Technical Degree,1,1266,Female,3,Manufacturing Director,Married,48980,2,Y,15,8,2,10,2,4,2,3,3,1,3,3,3,9.509294421
26,No,Travel_Rarely,Research & Development,4,4,Life Sciences,1,1267,Female,3,Sales Executive,Married,47890,7,Y,20,8,1,5,2,2,0,0,3,4,2,3,4,10.19942254
33,No,Travel_Frequently,Sales,29,4,Life Sciences,1,1268,Female,1,Human Resources,Single,31800,1,Y,14,8,1,15,2,15,8,12,1,4,3,3,3,8.207739229
35,No,Travel_Frequently,Research & Development,15,3,Medical,1,1269,Male,3,Manufacturing Director,Married,65490,1,Y,20,8,0,9,3,9,1,8,2,1,2,3,4,6.473378831
35,No,Travel_Rarely,Human Resources,3,2,Life Sciences,1,1270,Female,1,Laboratory Technician,Married,63880,3,Y,13,8,0,4,6,2,2,2,3,1,3,2,3,8.788953267
31,No,Travel_Rarely,Sales,10,2,Life Sciences,1,1271,Female,2,Research Scientist,Divorced,112440,3,Y,12,8,1,10,3,7,1,7,4,4,2,3,3,6.09606713
37,No,Travel_Rarely,Sales,4,3,Marketing,1,1272,Male,4,Human Resources,Divorced,160320,1,Y,13,8,0,7,2,7,0,7,1,3,4,3,3,7.422623457
32,No,Travel_Rarely,Research & Development,21,3,Other,1,1273,Male,2,Sales Executive,Married,23620,1,Y,11,8,0,9,2,9,7,8,1,4,3,3,3,8.108628093
38,No,Travel_Frequently,Research & Development,25,3,Medical,1,1274,Male,2,Manufacturing Director,Single,163280,1,Y,17,8,3,10,2,10,9,9,4,4,3,3,3,6.241581197
50,No,Travel_Rarely,Sales,2,4,Marketing,1,1275,Female,4,Research Scientist,Divorced,83760,5,Y,14,8,3,29,2,27,13,8,2,3,2,3,3,9.531168091
59,No,Travel_Rarely,Research & Development,1,3,Technical Degree,1,1276,Male,1,Laboratory Technician,Single,166060,7,Y,11,8,0,28,6,21,7,9,1,1,2,3,3,6.916518913
36,No,Travel_Rarely,Sales,1,2,Marketing,1,1277,Female,2,Sales Executive,Divorced,86060,1,Y,14,8,2,17,3,17,12,8,3,3,3,3,3,6.004865112
55,No,Travel_Rarely,Research & Development,7,3,Medical,1,1278,Male,3,Research Scientist,Divorced,22720,2,Y,17,8,1,21,2,5,0,2,4,3,3,3,3,8.114001377
36,No,Travel_Frequently,Research & Development,3,3,Life Sciences,1,1279,Female,2,Laboratory Technician,Single,20180,1,Y,13,8,0,6,5,6,0,3,2,2,3,3,3,7.215137053
45,No,Travel_Rarely,Research & Development,1,2,Medical,1,1280,Female,1,Sales Executive,Divorced,70830,2,Y,12,8,1,25,5,1,0,0,2,1,3,3,3,6.807199074
35,No,Travel_Frequently,Human Resources,9,3,Other,1,1281,Female,2,Sales Representative,Married,40840,4,Y,13,8,1,5,3,3,1,2,2,1,2,3,3,6.101339327
36,Yes,Travel_Rarely,Sales,7,2,Life Sciences,1,1282,Male,4,Laboratory Technician,Married,144110,0,Y,18,8,3,2,2,1,0,0,4,3,2,4,3,8.892940101
59,No,Travel_Frequently,Research & Development,10,4,Life Sciences,1,1283,Male,3,Research Scientist,Single,23080,7,Y,19,8,1,20,4,4,1,3,1,3,2,2,3,6.789967391
29,No,Travel_Rarely,Research & Development,28,4,Life Sciences,1,1284,Female,1,Sales Representative,Married,48410,0,Y,11,8,0,6,3,5,0,4,3,2,3,3,3,7.827854284
31,No,Travel_Rarely,Research & Development,3,2,Medical,1,1285,Female,3,Sales Executive,Single,42850,1,Y,21,8,1,1,2,1,1,0,3,2,3,1,4,6.300332126
32,No,Travel_Rarely,Sales,3,4,Life Sciences,1,1286,Male,2,Manufacturing Director,Married,97150,1,Y,15,8,1,10,1,10,0,9,2,2,3,2,3,7.522589903
36,No,Travel_Rarely,Research & Development,2,3,Life Sciences,1,1287,Male,2,Sales Representative,Married,43200,3,Y,17,8,0,5,2,1,0,0,2,4,3,3,3,7.179870773
31,No,Travel_Rarely,Research & Development,27,3,Medical,1,1288,Female,2,Research Director,Single,21320,1,Y,18,8,0,11,3,11,1,8,3,4,3,3,3,6.095544077
35,No,Travel_Rarely,Research & Development,2,4,Medical,1,1289,Male,2,Healthcare Representative,Single,101240,0,Y,14,8,1,16,2,15,2,8,3,1,3,4,3,6.019582156
45,No,Travel_Rarely,Human Resources,14,3,Human Resources,1,1290,Female,1,Sales Executive,Married,54730,4,Y,13,8,0,17,3,0,0,0,4,1,4,1,3,8.896670198
37,No,Travel_Rarely,Research & Development,1,3,Life Sciences,1,1291,Female,3,Sales Executive,Single,52070,4,Y,17,8,3,16,3,5,0,2,1,3,4,3,3,6.597208617
46,No,Travel_Rarely,Research & Development,9,3,Medical,1,1292,Male,3,Manager,Divorced,164370,8,Y,15,8,1,16,0,4,0,2,2,2,3,3,3,10.26998133
30,No,Travel_Rarely,Sales,18,3,Life Sciences,1,1293,Male,4,Human Resources,Married,22960,1,Y,18,8,1,10,2,10,3,0,4,4,2,3,3,9.195694444
35,No,Travel_Rarely,Research & Development,20,4,Life Sciences,1,1294,Female,3,Human Resources,Single,40690,1,Y,13,8,0,6,5,6,0,4,2,3,3,3,3,7.903589559
55,No,Travel_Rarely,Research & Development,2,3,Life Sciences,1,1295,Female,2,Laboratory Technician,Married,74410,3,Y,12,8,1,24,4,1,1,0,1,4,3,3,3,6.709723389
38,No,Non-Travel,Sales,11,1,Marketing,1,1296,Male,2,Laboratory Technician,Divorced,24300,7,Y,13,8,2,17,2,13,1,9,2,4,3,4,3,8.811399854
34,No,Travel_Rarely,Research & Development,8,2,Medical,1,1297,Male,1,Research Scientist,Married,58780,1,Y,14,8,0,5,1,5,1,3,1,2,3,3,3,8.008844123
56,No,Travel_Rarely,Human Resources,2,1,Medical,1,1298,Male,2,Sales Executive,Single,26440,4,Y,11,8,1,37,2,6,0,2,4,4,2,3,3,6.312178423
23,No,Travel_Rarely,Research & Development,10,3,Medical,1,1299,Male,2,Laboratory Technician,Divorced,64390,3,Y,22,8,3,3,2,0,0,0,3,1,3,3,4,6.405738719
51,No,Travel_Rarely,Research & Development,29,4,Life Sciences,1,1300,Female,5,Manufacturing Director,Married,24510,3,Y,17,8,0,10,2,4,0,3,4,4,3,2,3,6.759082633
30,No,Travel_Rarely,Sales,8,2,Technical Degree,1,1301,Male,1,Sales Representative,Married,63920,1,Y,21,8,1,11,2,11,10,8,3,4,3,4,4,7.617610882
46,Yes,Travel_Rarely,Sales,1,2,Medical,1,1302,Female,2,Research Scientist,Single,97140,1,Y,22,8,0,9,0,9,4,7,3,4,3,3,4,6.197463269
40,No,Travel_Frequently,Research & Development,6,3,Medical,1,1303,Male,1,Healthcare Representative,Married,60770,1,Y,16,8,2,22,2,22,11,11,3,2,2,2,3,7.404682367
51,No,Travel_Rarely,Research & Development,8,4,Life Sciences,1,1304,Female,5,Sales Representative,Single,24500,0,Y,12,8,1,11,2,10,1,0,3,4,1,3,3,10.08711747
30,No,Travel_Rarely,Research & Development,9,3,Life Sciences,1,1305,Male,1,Manufacturing Director,Divorced,92500,1,Y,12,8,3,11,0,11,2,7,3,2,2,3,3,8.071362994
46,No,Travel_Frequently,Research & Development,12,1,Medical,1,1306,Male,1,Laboratory Technician,Married,20740,2,Y,15,8,1,21,3,10,9,5,3,1,2,3,3,9.020947505
32,No,Travel_Rarely,Sales,15,3,Marketing,1,1307,Male,1,Research Scientist,Single,101690,1,Y,14,8,0,12,6,11,5,7,2,3,3,2,3,7.310940526
54,No,Travel_Rarely,Research & Development,25,1,Medical,1,1308,Female,1,Laboratory Technician,Married,48550,9,Y,25,8,1,16,2,4,0,3,1,3,1,2,4,7.58554403
24,No,Travel_Rarely,Sales,6,2,Marketing,1,1309,Male,2,Research Scientist,Married,40870,0,Y,20,8,3,4,1,3,0,2,1,3,2,3,4,7.795473995
28,No,Non-Travel,Sales,9,4,Medical,1,1310,Male,2,Laboratory Technician,Married,23670,1,Y,13,8,0,5,2,5,0,4,2,3,4,2,3,5.990938935
58,No,Travel_Rarely,Research & Development,8,4,Life Sciences,1,1311,Male,2,Sales Executive,Single,29720,0,Y,14,8,0,38,2,37,1,8,4,3,2,4,3,7.079403559
44,No,Non-Travel,Research & Development,23,2,Medical,1,1312,Female,1,Research Scientist,Married,195860,4,Y,16,8,0,17,3,3,1,2,2,2,4,2,3,6.732844079
37,Yes,Travel_Rarely,Human Resources,9,3,Human Resources,1,1313,Male,2,Healthcare Representative,Divorced,54840,,Y,17,8,0,7,4,3,0,2,3,1,3,3,3,10.14726158
32,No,Travel_Rarely,Human Resources,12,2,Human Resources,1,1314,Female,1,Sales Representative,Single,20610,1,Y,15,8,1,1,2,1,0,0,4,1,3,2,3,7.960068851
20,Yes,Travel_Frequently,Sales,4,4,Life Sciences,1,1315,Female,2,Healthcare Representative,Single,99240,1,Y,22,8,0,1,3,1,1,0,4,4,3,3,4,10.71213753
34,No,Travel_Rarely,Research & Development,1,4,Other,1,1316,Male,4,Laboratory Technician,Single,41980,1,Y,22,8,1,16,2,16,2,10,1,3,3,2,4,7.6230579
37,No,Non-Travel,Sales,24,2,Life Sciences,1,1317,Male,1,Research Scientist,Divorced,68150,5,Y,20,8,1,17,3,1,0,0,3,4,4,3,4,7.783722944
59,No,Non-Travel,Research & Development,12,2,Life Sciences,1,1318,Male,2,Sales Executive,Married,47230,9,Y,14,8,0,30,0,3,2,2,3,4,3,3,3,7.212025166
50,No,Travel_Frequently,Research & Development,3,4,Medical,1,1319,Male,4,Research Scientist,Married,61420,3,Y,13,8,2,28,3,8,0,7,1,2,2,2,3,9.584148784
25,Yes,Travel_Rarely,Sales,10,1,Marketing,1,1320,Male,2,Research Director,Single,82370,1,Y,13,8,0,6,6,6,0,3,3,3,3,2,3,8.510076072
25,No,Travel_Rarely,Research & Development,26,3,Technical Degree,1,1321,Male,1,Laboratory Technician,Married,88530,1,Y,22,8,1,2,3,2,2,1,4,4,3,3,4,7.701500692
22,No,Travel_Rarely,Research & Development,2,1,Life Sciences,1,1322,Male,1,Sales Representative,Single,193310,1,Y,12,8,1,1,2,0,0,0,2,4,3,3,3,6.262097107
51,No,Travel_Frequently,Research & Development,1,3,Life Sciences,1,1323,Female,1,Sales Executive,Single,20730,3,Y,14,8,1,23,4,13,12,8,1,1,2,3,3,7.489573454
34,Yes,Travel_Frequently,Human Resources,4,4,Life Sciences,1,1324,Female,5,Sales Executive,Single,55620,1,Y,15,8,0,9,3,9,0,6,1,3,,3,3,8.218455882
54,No,Non-Travel,Research & Development,9,3,Life Sciences,1,1325,Male,1,Laboratory Technician,Single,196130,2,Y,17,8,0,23,5,5,4,4,4,4,3,3,3,8.14307971
24,No,Travel_Rarely,Research & Development,2,1,Life Sciences,1,1326,Male,2,Laboratory Technician,Married,34070,0,Y,13,8,1,6,4,5,1,2,2,3,3,3,3,6.488012372
34,No,Travel_Rarely,Sales,4,3,Marketing,1,1327,Female,2,Sales Representative,Divorced,50630,6,Y,12,8,1,12,2,1,0,0,3,2,3,3,3,5.999905063
37,No,Travel_Rarely,Sales,6,1,Technical Degree,1,1328,Male,1,Laboratory Technician,Single,46390,2,Y,12,8,2,12,3,5,1,3,3,4,3,3,3,6.221693008
34,No,Travel_Rarely,Sales,9,2,Medical,1,1329,Male,2,Healthcare Representative,Single,48760,2,Y,21,8,1,14,3,11,5,8,3,1,3,3,4,7.85572479
36,No,Travel_Frequently,Human Resources,7,3,Medical,1,1330,Male,1,Research Scientist,Married,26900,0,Y,11,8,0,10,1,9,2,8,2,4,3,3,3,7.984710551
36,No,Travel_Rarely,Research & Development,1,3,Medical,1,1331,Female,2,Manufacturing Director,Divorced,175670,5,Y,13,8,0,7,6,1,0,0,1,4,3,3,3,7.499870448
43,No,Travel_Frequently,Research & Development,3,4,Life Sciences,1,1332,Male,1,Sales Executive,Married,24080,1,Y,12,8,1,25,3,25,4,12,3,4,4,3,3,8.702949173
30,No,Travel_Frequently,Research & Development,10,3,Life Sciences,1,1333,Female,3,Healthcare Representative,Divorced,28140,1,Y,24,8,0,10,2,10,0,9,1,3,2,3,4,7.911812169
33,No,Non-Travel,Sales,7,3,Life Sciences,1,1334,Male,2,Sales Executive,Married,112450,0,Y,21,8,0,8,3,7,0,7,3,2,4,3,4,6.70854481
56,Yes,Travel_Rarely,Research & Development,15,3,Life Sciences,1,1335,Male,2,Laboratory Technician,Married,33120,9,Y,19,8,0,7,1,5,4,3,2,2,3,1,3,9.013333333
51,No,Travel_Rarely,Research & Development,3,2,Other,1,1336,Female,2,Sales Representative,Single,190490,7,Y,14,8,1,23,2,20,15,15,1,3,3,3,3,6.686394676
31,Yes,Travel_Rarely,Research & Development,2,4,Technical Degree,1,1337,Female,3,Sales Executive,Married,21410,4,Y,20,8,0,12,2,7,7,7,2,3,2,3,4,8.39816762
26,No,Travel_Rarely,Sales,17,3,Medical,1,1338,Female,2,Manager,Married,57690,1,Y,19,8,0,5,4,5,4,3,3,2,2,2,3,7.685123588
58,Yes,Travel_Rarely,Sales,2,2,Medical,1,1339,Female,1,Research Scientist,Married,43850,1,Y,13,8,1,40,2,40,15,6,4,4,2,2,3,7.548068613
19,Yes,Travel_Rarely,Research & Development,5,2,Life Sciences,1,1340,Male,1,Manager,Single,53320,1,Y,23,8,1,0,2,0,0,0,4,3,2,3,4,9.363881915
22,No,Travel_Rarely,Sales,29,4,Technical Degree,1,1341,Male,1,Sales Executive,Married,46630,0,Y,13,8,1,3,1,2,2,1,3,4,3,3,3,6.379811676
49,No,Travel_Rarely,Research & Development,2,3,Life Sciences,1,1342,Female,1,Sales Executive,Married,47240,1,Y,11,8,1,16,3,15,5,11,3,1,2,2,3,7.194425926
43,No,Travel_Frequently,Sales,2,2,Life Sciences,1,1343,Male,1,Sales Executive,Single,32110,4,Y,13,8,0,18,2,3,1,2,2,3,3,4,3,7.978614703
50,No,Travel_Frequently,Research & Development,19,4,Life Sciences,1,1344,Male,2,Sales Executive,Single,53770,4,Y,14,8,1,16,3,2,2,1,3,4,3,4,3,7.080387029
31,Yes,Travel_Rarely,Research & Development,15,1,Medical,1,1345,Female,2,Sales Executive,Married,40660,3,Y,22,8,0,4,2,2,2,2,2,3,3,2,4,8.406022676
41,No,Travel_Rarely,Research & Development,17,2,Other,1,1346,Male,1,Manufacturing Director,Divorced,52080,3,Y,11,8,3,12,2,9,0,7,3,3,3,1,3,8.118852499
26,No,Travel_Rarely,Research & Development,17,4,Life Sciences,1,1347,Male,2,Sales Executive,Married,48770,1,Y,13,8,1,8,5,8,5,7,3,3,3,4,3,7.950108543
36,No,Travel_Rarely,Human Resources,25,1,Human Resources,1,1348,Male,2,Research Scientist,Divorced,31170,6,Y,21,8,1,7,2,3,0,1,2,2,3,4,4,6.799012476
51,Yes,Travel_Frequently,Research & Development,6,3,Life Sciences,1,1349,Female,1,Manager,Single,15690,2,Y,11,8,0,18,2,4,0,3,1,4,3,4,3,7.189976852
39,No,Travel_Rarely,Research & Development,7,3,Life Sciences,1,1350,Female,1,Research Scientist,Married,196580,4,Y,13,8,1,17,3,15,5,9,4,3,4,4,3,7.877014739
25,No,Travel_Rarely,Sales,29,1,Medical,1,1351,Female,3,Research Scientist,Married,30690,2,Y,14,8,1,6,3,2,2,2,1,3,3,2,3,7.7932992
30,No,Travel_Rarely,Research & Development,21,1,Medical,1,1352,Male,2,Laboratory Technician,Married,104350,0,Y,11,8,0,12,5,11,4,7,3,4,1,3,3,9.99520683
32,Yes,Travel_Rarely,Research & Development,2,4,Life Sciences,1,1353,Female,2,Research Director,Single,41480,7,Y,15,8,0,10,0,5,0,4,1,1,4,2,3,7.90171832
45,No,Travel_Rarely,Research & Development,2,1,Technical Degree,1,1354,Female,2,Healthcare Representative,Single,57680,5,Y,23,8,1,9,4,6,0,3,3,4,2,3,4,7.374128019
38,No,Travel_Rarely,Research & Development,7,4,Life Sciences,1,1355,Female,2,Research Director,Single,50420,3,Y,16,8,1,19,4,3,2,2,4,3,3,3,3,10.41590673
30,No,Travel_Rarely,Sales,13,3,Marketing,1,1356,Female,2,Laboratory Technician,Single,57700,1,Y,16,8,1,5,2,5,0,4,1,3,2,4,3,6.680294326
32,No,Travel_Frequently,Sales,2,3,Marketing,1,1357,Male,3,Laboratory Technician,Divorced,77560,0,Y,21,8,0,9,3,8,0,7,4,4,4,3,4,6.505978562
30,No,Travel_Rarely,Research & Development,1,3,Medical,1,1358,Female,3,Sales Executive,Divorced,103060,5,Y,13,8,0,8,5,3,2,2,4,1,3,3,3,6.720969786
30,No,Travel_Rarely,Sales,9,3,Medical,1,1359,Male,2,Research Scientist,Single,39360,0,Y,11,8,1,6,3,5,1,2,2,4,3,3,3,6.394015595
41,No,Travel_Frequently,Sales,10,2,Medical,1,1360,Female,3,Manufacturing Director,Divorced,79450,4,Y,12,8,1,21,6,7,7,7,4,1,2,2,3,7.318976125
41,No,Travel_Rarely,Research & Development,10,4,Medical,1,1361,Male,4,Research Scientist,Married,57430,2,Y,12,8,3,7,2,5,1,4,3,1,3,4,3,8.016141844
19,No,Travel_Rarely,Research & Development,1,3,Other,1,1362,Female,5,Manufacturing Director,Single,152020,1,Y,18,8,3,1,2,1,0,0,2,2,3,2,3,6.380013774
40,No,Travel_Frequently,Research & Development,26,4,Medical,1,1363,Male,2,Manufacturing Director,Divorced,54400,1,Y,12,8,1,20,2,20,2,13,2,2,3,3,3,7.00396077
35,No,Travel_Rarely,Sales,8,1,Marketing,1,1364,Female,3,Laboratory Technician,Married,37600,1,Y,14,8,3,10,2,10,0,6,3,2,3,3,3,7.395136494
53,No,Travel_Rarely,Sales,14,2,Life Sciences,1,1365,Female,5,Manufacturing Director,Married,35170,2,Y,12,8,1,13,1,7,4,5,2,3,1,2,3,10.8931681
45,No,Travel_Rarely,Sales,1,4,Technical Degree,1,1366,Male,1,Research Scientist,Divorced,25800,8,Y,17,8,3,20,3,17,0,15,2,2,1,3,3,6.790741546
32,No,Travel_Frequently,Sales,2,2,Life Sciences,1,1367,Female,1,Manufacturing Director,Single,21660,1,Y,19,8,1,9,4,9,3,7,2,4,3,1,3,7.907401891
29,No,Non-Travel,Research & Development,10,4,Technical Degree,1,1368,Male,3,Healthcare Representative,Married,58690,1,Y,11,8,1,10,6,10,0,9,4,3,3,4,3,6.096573682
51,No,Travel_Rarely,Research & Development,1,3,Other,1,1369,Female,3,Research Director,Married,80080,2,Y,15,8,1,10,4,1,0,0,2,3,3,3,3,7.573564815
58,No,Travel_Rarely,Sales,3,3,Marketing,1,1370,Female,1,Research Scientist,Married,52060,4,Y,11,8,3,9,4,1,0,0,2,2,2,1,3,9.988622403
40,No,Travel_Rarely,Research & Development,11,2,Technical Degree,1,1371,Male,4,Laboratory Technician,Married,52950,7,Y,18,8,0,15,4,12,2,11,3,4,2,3,3,6.195923489
34,No,Travel_Frequently,Sales,24,4,Marketing,1,1372,Male,2,Manufacturing Director,Married,164130,6,Y,16,8,0,6,1,4,1,2,3,3,3,3,3,6.977579023
22,No,Travel_Rarely,Research & Development,3,3,Medical,1,1373,Male,1,Laboratory Technician,Married,132690,1,Y,25,8,1,2,2,2,2,2,3,4,3,3,4,7.677799497
27,No,Non-Travel,Research & Development,3,3,Medical,1,1374,Male,1,Healthcare Representative,Divorced,27830,6,Y,16,8,1,6,2,2,2,2,4,2,1,4,3,6.300498366
28,No,Travel_Rarely,Sales,4,4,Life Sciences,1,1375,Male,2,Healthcare Representative,Married,54330,1,Y,13,8,1,5,4,5,0,2,3,4,1,2,3,6.532742905
57,No,Travel_Rarely,Research & Development,3,3,Life Sciences,1,1376,Male,2,Manufacturing Director,Divorced,20130,3,Y,14,8,1,12,5,5,1,4,3,4,1,3,3,10.87448509
27,No,Non-Travel,Research & Development,2,3,Life Sciences,1,1377,Male,1,Manufacturing Director,Divorced,139660,1,Y,19,8,0,1,1,1,0,1,3,3,2,3,3,10.61474966
50,No,Travel_Rarely,Research & Development,4,3,Life Sciences,1,1378,Female,2,Manufacturing Director,Single,43740,3,Y,15,8,1,21,5,5,4,4,3,2,3,4,3,6.208623033
41,No,Travel_Rarely,Sales,7,4,Marketing,1,1379,Male,4,Laboratory Technician,Divorced,68420,4,Y,12,8,1,13,3,9,1,8,1,3,3,3,3,6.187160895
30,No,Travel_Rarely,Human Resources,1,4,Human Resources,1,1380,Female,1,Manager,Married,174260,2,Y,12,8,1,12,0,10,7,4,2,4,3,2,3,6.909143918
38,No,Travel_Rarely,Sales,1,1,Medical,1,1381,Male,2,Laboratory Technician,Single,176030,4,Y,16,8,0,12,0,8,0,7,1,4,4,2,3,6.323777778
32,No,Travel_Rarely,Research & Development,20,3,Medical,1,1382,Female,1,Manufacturing Director,Single,45810,3,Y,14,8,1,8,3,5,1,4,3,3,3,3,3,6.933930795
27,No,Travel_Rarely,Research & Development,5,4,Medical,1,1383,Male,2,Healthcare Representative,Married,47350,0,Y,13,8,0,6,2,5,1,1,3,2,2,3,3,8.884953704
19,Yes,Travel_Frequently,Research & Development,10,2,Life Sciences,1,1384,Male,2,Healthcare Representative,Single,41870,0,Y,22,8,1,1,4,0,0,0,3,1,4,3,4,7.510175121
36,No,Travel_Frequently,Sales,25,3,Marketing,1,1385,Female,2,Research Director,Single,55050,4,Y,21,8,2,13,3,8,7,2,4,2,2,3,4,7.406964799
30,No,Non-Travel,Sales,1,3,Medical,1,1386,Female,1,Sales Executive,Divorced,54700,1,Y,18,8,1,12,2,12,6,10,3,1,3,3,3,6.809022459
45,No,Travel_Rarely,Research & Development,24,2,Medical,1,1387,Male,2,Sales Executive,Divorced,54760,4,Y,13,8,1,9,3,5,0,3,3,1,4,3,3,8.125163329
56,No,Travel_Rarely,Research & Development,4,3,Life Sciences,1,1388,Male,4,Manager,Divorced,25870,4,Y,12,8,0,19,2,2,2,2,3,1,3,2,3,8.283279827
33,No,Travel_Rarely,Research & Development,2,2,Medical,1,1389,Male,1,Sales Executive,Single,24400,0,Y,18,8,3,4,4,3,0,2,3,4,4,3,3,6.78991823
19,Yes,Travel_Rarely,Research & Development,8,2,Life Sciences,1,1390,Male,2,Sales Executive,Single,159720,1,Y,21,8,0,1,2,1,1,0,2,4,2,3,4,7.208066378
46,No,Travel_Rarely,Research & Development,10,3,Technical Degree,1,1391,Female,2,Laboratory Technician,Divorced,153790,1,Y,12,8,0,24,1,24,15,7,2,1,3,1,3,6.921690307
38,No,Travel_Rarely,Sales,4,4,Life Sciences,1,1392,Male,1,Manufacturing Director,Single,70820,1,Y,14,8,0,2,3,2,2,1,3,4,3,4,3,7.930844956
31,No,Travel_Rarely,Sales,2,5,Life Sciences,1,1393,Male,2,Sales Representative,Married,27280,8,Y,11,8,0,7,3,4,0,2,3,4,3,4,3,10.36256681
34,No,Travel_Rarely,Sales,9,3,Marketing,1,1394,Female,2,Manager,Single,53680,2,Y,14,8,1,9,2,3,1,2,4,2,3,3,3,6.247778935
41,Yes,Travel_Rarely,Research & Development,18,4,Life Sciences,1,1395,Male,5,Laboratory Technician,Single,53470,1,Y,24,8,1,4,1,4,0,2,2,2,2,3,4,10.1201576
50,No,Travel_Rarely,Sales,19,4,Marketing,1,1396,Male,3,Sales Executive,Married,31950,2,Y,11,8,0,5,4,3,0,2,3,3,2,2,3,6.780491546
53,No,Travel_Rarely,Sales,1,2,Life Sciences,1,1397,Male,1,Manager,Divorced,39890,1,Y,13,8,0,5,2,4,1,3,4,1,3,3,3,6.11638422
33,No,Travel_Rarely,Research & Development,4,3,Life Sciences,1,1398,Male,1,Human Resources,Married,33060,1,Y,11,8,3,8,6,8,1,6,4,2,3,1,3,7.52175737
40,No,Travel_Rarely,Research & Development,11,3,Life Sciences,1,1399,Female,2,Sales Executive,Married,70050,1,Y,20,8,2,21,2,20,9,9,4,3,3,3,4,6.206365348
55,No,Travel_Rarely,Research & Development,6,1,Life Sciences,1,1400,Female,2,Laboratory Technician,Single,26550,8,Y,17,8,0,36,0,24,2,15,3,2,3,2,3,6.105050827
34,No,Travel_Frequently,Human Resources,7,4,Other,1,1401,Female,1,Research Scientist,Married,13930,1,Y,11,8,2,10,4,10,1,9,4,3,2,4,3,6.800573911
51,No,Travel_Rarely,Human Resources,4,2,Human Resources,1,1402,Male,2,Sales Representative,Single,25700,3,Y,18,8,0,21,2,7,1,0,4,2,3,3,3,7.393497366
52,No,Travel_Rarely,Research & Development,2,4,Medical,1,1403,Female,2,Sales Representative,Married,35370,0,Y,11,8,1,34,3,33,11,9,3,3,3,3,3,6.301128168
27,No,Travel_Rarely,Sales,15,3,Marketing,1,1404,Male,1,Research Scientist,Single,39860,1,Y,12,8,2,7,3,7,0,3,4,2,2,3,3,7.52798258
35,Yes,Travel_Rarely,Research & Development,2,4,Life Sciences,1,1405,Female,2,Research Director,Married,108830,3,Y,12,8,0,8,3,1,0,1,2,3,3,4,3,8.994780335
43,No,Non-Travel,Research & Development,6,2,Medical,1,1406,Male,1,Healthcare Representative,Divorced,20280,4,Y,20,8,1,7,2,5,2,2,4,4,4,2,4,8.013822362
45,No,Non-Travel,Research & Development,9,2,Medical,1,1407,Female,1,Sales Executive,Married,95250,9,Y,19,8,0,22,3,20,11,8,1,4,3,3,3,6.18109771
37,No,Travel_Rarely,Research & Development,7,3,Life Sciences,1,1408,Female,1,Research Scientist,Married,29290,1,Y,12,8,0,8,2,8,1,7,2,1,,1,3,10.12779412
35,No,Travel_Frequently,Research & Development,1,3,Other,1,1409,Male,2,Research Director,Single,22750,5,Y,13,8,0,10,2,6,1,2,2,2,3,4,3,6.092942746
42,No,Non-Travel,Research & Development,1,1,Technical Degree,1,1410,Male,2,Sales Executive,Divorced,78790,2,Y,11,8,1,11,2,5,0,2,3,3,3,3,3,6.402202729
38,No,Travel_Rarely,Sales,8,2,Marketing,1,1411,Male,5,Research Scientist,Married,49300,9,Y,14,8,0,14,0,1,0,0,4,3,3,3,3,6.292136185
38,No,Travel_Rarely,Human Resources,25,1,Human Resources,1,1412,Female,1,Manufacturing Director,Married,78470,3,Y,14,8,1,9,3,7,1,7,4,4,1,4,3,7.26368782
27,No,Travel_Frequently,Research & Development,13,4,Medical,1,1413,Male,1,Manager,Married,44010,5,Y,13,8,0,6,4,2,2,0,3,1,3,2,3,6.51746152
49,No,Non-Travel,Research & Development,23,1,Other,1,1414,Female,2,Sales Executive,Divorced,92410,1,Y,19,8,1,7,5,7,1,7,4,4,3,3,3,9.593414634
34,No,Travel_Frequently,Research & Development,7,2,Medical,1,1415,Male,4,Sales Representative,Divorced,29740,1,Y,23,8,0,5,2,5,2,0,4,3,4,3,4,10.51136614
40,No,Travel_Rarely,Research & Development,23,3,Medical,1,1416,Female,1,Laboratory Technician,Married,45020,8,Y,12,8,2,15,0,7,3,7,3,4,4,2,3,10.40071847
38,Yes,Travel_Rarely,Sales,6,4,Life Sciences,1,1417,Female,3,Research Scientist,Married,107480,7,Y,15,8,0,17,3,1,0,0,2,1,3,3,3,8.369604019
29,Yes,Travel_Rarely,Sales,10,2,Life Sciences,1,1418,Female,2,Research Scientist,Married,15550,1,Y,19,8,2,10,2,10,1,9,2,4,2,3,3,6.706100781
22,No,Travel_Rarely,Research & Development,1,3,Life Sciences,1,1419,Female,4,Healthcare Representative,Divorced,129360,1,Y,11,8,2,4,3,4,2,2,4,2,2,3,3,8.528221065
36,No,Travel_Frequently,Research & Development,1,3,Life Sciences,1,1420,Female,2,Laboratory Technician,Single,23050,1,Y,17,8,0,8,3,8,1,7,2,4,3,3,3,7.500751563
40,No,Non-Travel,Research & Development,28,2,Life Sciences,1,1421,Male,1,Manufacturing Director,Married,167040,9,Y,22,8,0,5,2,3,0,2,4,4,1,4,4,6.091838741
46,No,Travel_Rarely,Research & Development,25,1,Medical,1,1422,Male,5,Research Scientist,Divorced,34330,7,Y,18,8,0,17,3,4,0,3,4,1,3,3,3,5.985083697
32,Yes,Travel_Rarely,Research & Development,5,3,Medical,1,1423,Male,1,Healthcare Representative,Married,34770,1,Y,11,8,0,14,2,14,9,8,4,4,2,4,3,7.782491796
30,No,Non-Travel,Research & Development,17,4,Life Sciences,1,1424,Male,2,Healthcare Representative,Single,64300,1,Y,12,8,1,12,2,11,5,8,3,3,3,2,3,7.985305907
27,No,Travel_Frequently,Research & Development,18,2,Medical,1,1425,Female,1,Laboratory Technician,Single,65160,1,Y,19,8,1,7,4,7,0,7,4,3,3,3,3,6.198006608
51,No,Travel_Rarely,Research & Development,2,1,Medical,1,1426,Female,1,Manufacturing Director,Married,39070,5,Y,13,8,0,16,2,10,4,7,2,2,1,3,3,6.702637131
30,Yes,Travel_Rarely,Research & Development,10,4,Life Sciences,1,1427,Female,2,Research Scientist,Single,55620,5,Y,13,8,0,8,3,5,0,4,4,1,3,2,3,8.525496377
41,No,Travel_Rarely,Research & Development,1,3,Life Sciences,1,1428,Male,2,Human Resources,Single,68830,3,Y,19,8,2,16,3,1,0,0,4,4,3,2,3,9.090398707
30,Yes,Travel_Frequently,Sales,3,2,Medical,1,1429,Male,2,Healthcare Representative,Single,28620,5,Y,14,8,0,9,2,6,0,1,3,1,2,2,3,7.008028017
29,Yes,Travel_Rarely,Research & Development,2,3,Life Sciences,1,1430,Male,1,Sales Executive,Single,49780,0,Y,13,8,0,7,3,6,1,5,3,3,2,2,3,7.785265046
45,No,Non-Travel,Research & Development,2,3,Medical,1,1431,Female,2,Research Scientist,Single,103680,6,Y,12,8,2,23,2,19,12,8,4,4,3,3,3,6.593532266
54,No,Travel_Rarely,Sales,8,2,Marketing,1,1432,Female,2,Laboratory Technician,Married,61340,2,Y,19,8,0,16,2,6,0,5,4,1,3,2,3,6.422204185
36,No,Travel_Rarely,Research & Development,16,4,Life Sciences,1,1433,Male,1,Healthcare Representative,Single,67350,8,Y,25,8,2,16,3,13,3,7,4,2,4,2,4,7.587336735
33,No,Travel_Rarely,Sales,9,1,Other,1,1434,Female,3,Sales Executive,Married,32950,6,Y,22,8,2,7,2,3,1,1,3,2,3,3,4,7.494024334
37,No,Travel_Frequently,Sales,2,4,Life Sciences,1,1435,Male,2,Laboratory Technician,Divorced,52380,1,Y,15,8,1,10,5,10,0,7,2,4,3,3,3,10.13470718
38,No,Travel_Rarely,Research & Development,1,2,Medical,1,1436,Male,4,Laboratory Technician,Divorced,64720,0,Y,12,8,0,17,4,16,5,13,1,3,2,3,3,6.88438722
31,No,Non-Travel,Sales,4,1,Medical,1,1437,Female,3,Research Scientist,Married,96100,0,Y,11,8,1,6,2,5,1,4,3,3,3,2,3,5.99405807
59,No,Travel_Rarely,Research & Development,5,3,Life Sciences,1,1438,Female,3,Manager,Married,198330,3,Y,13,8,0,7,2,1,0,0,3,4,3,3,3,6.183065972
37,No,Travel_Frequently,Sales,2,3,Marketing,1,1439,Female,2,Laboratory Technician,Divorced,97560,4,Y,19,8,0,13,2,9,5,8,1,4,3,3,3,6.952933884
29,No,Travel_Frequently,Sales,15,4,Medical,1,1440,Female,1,Sales Executive,Married,49680,1,Y,19,8,3,11,4,11,4,1,2,4,3,3,3,6.31693394
35,No,Travel_Frequently,Research & Development,19,3,Life Sciences,1,1441,Female,1,Sales Executive,Single,21450,1,Y,13,8,0,10,6,10,0,8,3,3,4,2,3,5.994657943
29,Yes,Travel_Rarely,Research & Development,7,1,Life Sciences,1,1442,Female,1,Research Scientist,Single,21800,1,Y,21,8,0,4,2,4,0,1,3,4,2,3,4,8.353527429
52,No,Travel_Rarely,Research & Development,1,2,Medical,1,1443,Female,4,Manager,Single,83460,7,Y,14,8,0,6,5,2,2,2,3,4,2,3,3,7.406395862
42,No,Travel_Rarely,Research & Development,7,4,Life Sciences,1,1444,Female,2,Sales Executive,Married,34450,1,Y,11,8,2,22,2,22,11,15,3,4,3,3,3,6.36913699
59,No,Travel_Rarely,Research & Development,4,4,Technical Degree,1,1445,Male,1,Healthcare Representative,Married,27600,8,Y,11,8,0,7,3,2,2,2,2,3,2,4,3,6.719878547
50,No,Travel_Rarely,Research & Development,11,2,Life Sciences,1,1446,Male,2,Sales Executive,Divorced,62940,3,Y,23,8,1,32,2,7,0,6,4,4,2,4,4,7.704610872
33,Yes,Travel_Rarely,Sales,11,4,Marketing,1,1447,Male,1,Research Scientist,Married,71400,5,Y,21,8,0,8,2,5,0,4,3,4,1,2,4,10.88487253
43,No,Travel_Rarely,Sales,1,3,Marketing,1,1448,Female,2,Manufacturing Director,Married,29320,5,Y,24,8,0,22,3,17,1,9,4,4,3,3,4,9.287386255
33,Yes,Travel_Rarely,Sales,1,3,Life Sciences,1,1449,Male,2,Manager,Married,51470,7,Y,11,8,0,13,2,9,1,7,1,1,4,3,3,7.099097222
52,No,Non-Travel,Research & Development,2,3,Technical Degree,1,1450,Male,1,Sales Executive,Single,45070,1,Y,14,8,0,33,3,33,15,12,1,3,4,2,3,8.798592279
32,No,Travel_Rarely,Human Resources,13,4,Life Sciences,1,1451,Female,3,Manufacturing Director,Married,85640,2,Y,16,8,1,6,2,4,1,2,3,2,3,2,3,7.992846939
32,Yes,Travel_Rarely,Sales,23,1,Life Sciences,1,1452,Male,3,Healthcare Representative,Single,24680,0,Y,11,8,0,4,2,3,1,2,4,3,1,3,3,10.195875
39,No,Travel_Rarely,Sales,26,4,Life Sciences,1,1453,Male,2,Research Director,Divorced,81610,7,Y,12,8,1,7,2,3,1,2,3,3,3,4,3,6.318844538
32,No,Non-Travel,Sales,2,4,Marketing,1,1454,Male,4,Research Scientist,Married,21090,0,Y,13,8,1,4,3,3,2,2,3,4,3,2,3,6.236712963
41,No,Travel_Rarely,Sales,29,3,Life Sciences,1,1455,Female,2,Laboratory Technician,Divorced,52940,2,Y,15,8,0,17,3,1,0,0,3,1,2,2,3,6.114475309
40,No,Travel_Rarely,Research & Development,2,3,Life Sciences,1,1456,Male,1,Manufacturing Director,Divorced,27180,1,Y,14,8,1,9,4,9,4,7,1,4,3,2,3,7.43019018
45,No,Travel_Rarely,Research & Development,18,1,Life Sciences,1,1457,Female,2,Sales Representative,Married,58110,0,Y,14,8,0,25,4,24,1,7,3,4,3,2,3,6.911509456
31,No,Travel_Frequently,Research & Development,7,4,Medical,1,1458,Male,1,Research Scientist,Divorced,24370,9,Y,14,8,1,9,3,2,2,2,2,3,3,4,3,7.313733522
33,No,Travel_Rarely,Research & Development,2,4,Life Sciences,1,1459,Female,1,Sales Executive,Married,27660,1,Y,12,8,1,2,2,2,0,2,3,4,2,3,3,6.785834552
34,No,Travel_Rarely,Research & Development,26,3,Other,1,1460,Female,1,Sales Executive,Married,190380,6,Y,13,8,0,13,3,11,5,9,4,1,3,2,3,6.431916076
37,No,Travel_Rarely,Research & Development,22,5,Medical,1,1461,Female,2,Manufacturing Director,Married,30550,2,Y,14,8,3,17,3,3,0,2,3,1,2,3,3,7.563755935
45,No,Travel_Frequently,Sales,21,1,Marketing,1,1462,Male,3,Research Scientist,Married,22890,4,Y,13,8,0,9,3,3,0,2,1,3,3,2,3,8.010291179
37,Yes,Travel_Frequently,Sales,2,3,Marketing,1,1463,Male,1,Laboratory Technician,Divorced,40010,6,Y,11,8,1,17,2,1,0,0,1,3,3,3,3,7.120705868
39,No,Travel_Frequently,Research & Development,22,3,Medical,1,1464,Female,1,Manufacturing Director,Single,129650,0,Y,19,8,1,20,2,19,11,8,3,3,3,3,3,7.38847342
29,No,Travel_Rarely,Sales,4,3,Other,1,1465,Female,2,Human Resources,Single,35390,1,Y,18,8,0,6,2,6,1,5,3,4,3,2,3,7.298881915
42,No,Travel_Rarely,Research & Development,5,4,Medical,1,1466,Female,1,Research Scientist,Single,60290,3,Y,17,8,1,10,5,3,0,2,4,1,3,3,3,8.485629017
29,No,Travel_Rarely,Research & Development,2,4,Medical,1,1467,Male,1,Laboratory Technician,Divorced,26790,2,Y,15,8,0,10,2,3,0,2,4,4,3,2,3,6.099508004
25,No,Travel_Rarely,Research & Development,25,2,Life Sciences,1,1468,Male,2,Sales Executive,Married,37020,0,Y,20,8,0,5,4,4,1,2,1,3,3,3,4,7.696410608
42,No,Travel_Rarely,Sales,18,2,Medical,1,1469,Male,1,Laboratory Technician,Divorced,23980,0,Y,14,8,1,10,2,9,7,8,4,,3,2,3,9.515560072
40,No,Travel_Rarely,Research & Development,28,3,Medical,1,1470,Male,2,Laboratory Technician,Divorced,54680,0,Y,12,8,0,22,6,21,3,9,1,3,3,4,3,7.036408382
51,No,Travel_Rarely,Sales,6,2,Life Sciences,1,1471,Female,1,Healthcare Representative,Married,131160,1,Y,11,8,0,1,6,1,0,0,3,4,,3,3,7.409417024
31,Yes,Travel_Frequently,Research & Development,10,1,Life Sciences,1,1472,Female,1,Research Scientist,Single,41890,0,Y,23,8,1,6,3,5,1,4,3,2,4,2,4,7.658033911
32,No,Travel_Frequently,Research & Development,17,4,Other,1,1473,Male,4,Sales Executive,Married,193280,1,Y,15,8,3,5,2,5,0,3,2,2,1,3,3,6.987566851
38,No,Non-Travel,Research & Development,2,5,Life Sciences,1,1474,Male,3,Human Resources,Married,83210,3,Y,11,8,3,13,5,8,7,5,4,4,3,2,3,7.204082492
32,No,Travel_Rarely,Research & Development,10,1,Medical,1,1475,Male,1,Sales Executive,Single,23420,4,Y,12,8,2,9,2,6,0,4,4,1,3,3,3,8.008520136
46,No,Travel_Rarely,Research & Development,8,3,Life Sciences,1,1476,Female,4,Research Director,Married,40710,3,Y,13,8,0,28,5,7,7,7,3,2,2,3,3,10.77499404
28,Yes,Travel_Rarely,Research & Development,11,2,Medical,1,1477,Male,2,Sales Executive,Single,58130,2,Y,20,8,1,5,2,0,0,0,,3,1,3,4,6.909532164
29,No,Travel_Rarely,Research & Development,18,3,Life Sciences,1,1478,Male,2,Sales Executive,Married,31430,2,Y,22,8,3,10,2,0,0,0,1,2,3,3,4,6.717725035
31,No,Travel_Rarely,Research & Development,1,3,Life Sciences,1,1479,Male,3,Laboratory Technician,Married,20440,0,Y,21,8,0,10,2,9,7,8,2,4,3,3,4,7.214617446
25,No,Non-Travel,Research & Development,7,4,Medical,1,1480,Female,4,Laboratory Technician,Divorced,134640,1,Y,13,8,1,6,2,6,1,5,2,1,3,3,3,7.128381021
45,No,Travel_Rarely,Research & Development,17,2,Medical,1,1481,Male,2,Laboratory Technician,Married,79910,0,Y,13,8,2,21,2,20,4,10,3,4,3,2,3,8.398237923
36,No,Travel_Rarely,Research & Development,28,1,Life Sciences,1,1482,Male,1,Laboratory Technician,Married,33770,0,Y,12,8,2,16,2,15,10,11,4,4,3,3,3,7.075151407
55,No,Travel_Rarely,Research & Development,14,4,Life Sciences,1,1483,Female,1,Sales Executive,Single,55380,0,Y,17,8,0,37,2,36,4,13,4,1,3,3,3,9.295658137
47,Yes,Non-Travel,Research & Development,1,1,Medical,1,1484,Male,1,Research Scientist,Married,57620,1,Y,11,8,2,10,4,10,9,9,1,2,2,2,3,9.446140955
28,No,Travel_Rarely,Research & Development,1,3,Life Sciences,1,1485,Male,1,Manufacturing Director,Married,25920,1,Y,14,8,0,5,2,5,0,4,4,4,2,3,3,6.116240338
37,No,Travel_Rarely,Research & Development,1,3,Life Sciences,1,1486,Male,2,Healthcare Representative,Married,53460,4,Y,11,8,0,7,2,5,0,1,3,4,4,3,3,6.704287837
21,No,Travel_Rarely,Research & Development,3,2,Life Sciences,1,1487,Male,1,Laboratory Technician,Single,42130,1,Y,12,8,3,3,3,3,1,0,4,3,4,2,3,6.604979991
37,No,Non-Travel,Research & Development,1,3,Medical,1,1488,Male,2,Sales Executive,Divorced,41270,2,Y,13,8,1,15,2,5,0,2,1,4,3,3,3,11.01959447
35,No,Travel_Rarely,Sales,7,4,Life Sciences,1,1489,Male,1,Sales Representative,Divorced,24380,7,Y,16,8,0,10,5,7,6,2,2,2,2,2,3,6.984722222
38,No,Travel_Rarely,Research & Development,8,3,Life Sciences,1,1490,Female,1,Manager,Divorced,68700,1,Y,11,8,1,8,5,8,7,7,1,1,3,3,3,9.286795225
26,No,Travel_Frequently,Research & Development,1,4,Other,1,1491,Male,2,Laboratory Technician,Divorced,104470,1,Y,18,8,0,6,3,6,1,4,3,2,1,3,3,7.601738128
50,No,Travel_Rarely,Sales,8,4,Life Sciences,1,1492,Male,1,Research Scientist,Divorced,96670,3,Y,23,8,0,28,2,10,1,6,1,2,2,2,4,5.97706713
53,No,Travel_Rarely,Research & Development,11,4,Life Sciences,1,1493,Female,2,Research Scientist,Married,21480,3,Y,11,8,0,21,2,5,1,3,3,3,2,3,3,8.413626348
42,No,Travel_Rarely,Research & Development,4,4,Life Sciences,1,1494,Male,1,Manufacturing Director,Married,89260,1,Y,14,8,0,20,4,20,11,6,2,3,3,1,3,6.788833333
29,No,Travel_Frequently,Research & Development,16,4,Medical,1,1495,Male,1,Laboratory Technician,Single,65130,1,Y,11,8,1,10,2,10,0,9,2,4,2,3,3,7.062236111
55,No,Travel_Rarely,Research & Development,1,4,Other,1,1496,Female,1,Research Scientist,Married,67990,3,Y,11,8,0,12,2,10,0,8,2,4,3,3,3,9.410524425
26,No,Travel_Frequently,Research & Development,9,3,Life Sciences,1,1497,Female,1,Manager,Married,162910,1,Y,22,8,0,5,3,5,3,3,1,1,3,3,4,11.01479137
37,No,Travel_Rarely,Sales,5,1,Marketing,1,1498,Male,1,Research Scientist,Single,27050,1,Y,11,8,0,17,2,17,5,7,4,4,3,3,3,7.629000954
44,Yes,Travel_Frequently,Research & Development,1,2,Medical,1,1499,Male,2,Research Scientist,Divorced,103330,3,Y,14,8,1,19,2,1,0,0,4,3,1,2,3,11.000576
38,No,Travel_Rarely,Sales,2,3,Marketing,1,1500,Female,1,Manager,Divorced,44480,9,Y,12,8,0,10,3,2,1,2,4,4,3,2,3,6.820862029
26,Yes,Travel_Rarely,Research & Development,4,3,Medical,1,1501,Male,3,Research Scientist,Divorced,68540,2,Y,11,8,0,5,5,3,0,2,1,2,3,2,3,10.10996781
28,No,Travel_Rarely,Research & Development,7,3,Other,1,1502,Male,1,Human Resources,Single,96370,1,Y,13,8,0,5,6,5,0,2,4,4,3,2,3,6.702303051
49,No,Travel_Frequently,Research & Development,1,1,Medical,1,1503,Female,2,Research Scientist,Single,35910,9,Y,13,8,0,22,2,3,1,2,3,1,3,3,3,10.48747934
36,No,Travel_Rarely,Sales,5,3,Technical Degree,1,1504,Male,3,Sales Executive,Single,54050,4,Y,14,8,0,10,2,8,7,7,3,2,3,3,3,6.193597768
31,No,Travel_Frequently,Research & Development,9,4,Medical,1,1505,Male,1,Sales Executive,Divorced,46840,1,Y,16,8,1,2,4,2,2,2,4,2,2,3,3,6.607998818
26,Yes,Travel_Rarely,Research & Development,8,3,Medical,1,1506,Male,2,Manager,Single,157870,1,Y,12,8,2,8,5,8,7,4,4,4,3,3,3,10.26026428
37,No,Travel_Frequently,Sales,9,1,Marketing,1,1507,Male,1,Laboratory Technician,Married,15140,1,Y,14,8,0,4,3,4,1,2,2,4,2,3,3,9.99547668
42,No,Travel_Frequently,Sales,2,2,Marketing,1,1508,Male,3,Research Director,Married,29560,5,Y,13,8,0,23,2,20,4,8,3,2,4,3,3,5.992563025
18,Yes,Travel_Rarely,Research & Development,1,4,Life Sciences,1,1509,Male,1,Sales Executive,Single,23350,1,Y,14,8,2,0,3,0,0,0,3,3,3,2,3,6.816210489
35,No,Travel_Rarely,Sales,20,2,Life Sciences,1,1510,Male,1,Laboratory Technician,Married,51540,0,Y,19,8,0,12,2,11,6,9,3,2,2,2,3,7.720096983
36,No,Travel_Frequently,Research & Development,8,3,Other,1,1511,Female,3,Sales Executive,Married,69620,4,Y,12,8,2,4,2,1,0,0,3,4,3,2,3,7.185832136
51,No,Travel_Rarely,Research & Development,2,3,Life Sciences,1,1512,Male,2,Laboratory Technician,Divorced,56750,5,Y,13,8,0,13,2,4,1,2,4,2,3,2,3,7.57193599
41,No,Travel_Rarely,Research & Development,29,1,Life Sciences,1,1513,Male,1,Laboratory Technician,Single,23790,1,Y,12,8,0,22,6,22,0,4,4,2,3,3,3,6.877735507
18,No,Travel_Rarely,Sales,7,3,Life Sciences,1,1514,Male,1,Research Scientist,Single,38120,1,Y,15,8,0,0,3,0,0,0,4,3,3,3,3,6.992057656
28,No,Travel_Rarely,Research & Development,9,3,Medical,1,1515,Male,1,Sales Representative,Single,46480,0,Y,23,8,2,9,2,8,0,7,2,1,3,2,4,7.170924783
31,No,Travel_Rarely,Research & Development,8,1,Technical Degree,1,1516,Male,1,Manufacturing Director,Married,29360,4,Y,12,8,1,10,2,8,7,7,2,4,2,3,3,7.164225083
39,No,Travel_Rarely,Sales,5,4,Marketing,1,1517,Female,2,Human Resources,Divorced,21050,0,Y,20,8,0,19,3,18,3,7,3,4,2,3,4,7.603831418
36,No,Non-Travel,Research & Development,5,4,Life Sciences,1,1518,Male,1,Sales Executive,Married,85780,7,Y,21,8,0,,4,9,0,8,2,2,3,3,4,7.817613035
32,No,Travel_Rarely,Sales,2,3,Marketing,1,1519,Male,2,Laboratory Technician,Married,27060,1,Y,21,8,1,13,4,13,4,8,4,3,2,3,4,6.989849588
38,No,Travel_Rarely,Research & Development,5,2,Life Sciences,1,1520,Female,3,Research Scientist,Married,63840,3,Y,19,8,2,19,4,10,0,1,1,2,3,2,3,6.903497308
58,No,Non-Travel,Research & Development,2,3,Life Sciences,1,1521,Male,2,Manufacturing Director,Divorced,39680,2,Y,13,8,2,12,3,5,1,2,4,3,3,2,3,10.92023793
31,No,Travel_Rarely,Research & Development,20,1,Technical Degree,1,1522,Female,3,Research Scientist,Married,99070,,Y,13,8,1,6,3,5,0,3,3,4,3,2,3,9.106765306
31,No,Travel_Rarely,Sales,7,4,Marketing,1,1523,Male,2,Sales Executive,Married,132250,3,Y,21,8,1,9,2,2,1,0,1,1,3,3,4,6.793423096
45,No,Travel_Frequently,Research & Development,3,1,Medical,1,1524,Female,1,Sales Executive,Divorced,35400,1,Y,13,8,0,24,6,24,9,11,1,1,3,3,3,7.290649679
31,No,Travel_Rarely,Sales,16,4,Marketing,1,1525,Female,2,Research Scientist,Divorced,28040,0,Y,19,8,2,3,0,2,2,2,3,4,1,3,3,8.603252651
33,No,Travel_Frequently,Research & Development,9,3,Life Sciences,1,1526,Male,4,Research Director,Married,193920,6,Y,12,8,1,12,3,10,8,8,4,2,3,3,3,6.794387464
39,No,Travel_Rarely,Sales,1,4,Life Sciences,1,1527,Male,1,Sales Executive,Married,196650,1,Y,22,8,1,21,6,21,11,10,3,1,3,3,4,10.98050093
43,No,Travel_Frequently,Research & Development,7,4,Medical,1,1528,Male,4,Research Scientist,Single,24390,0,Y,15,8,0,9,2,8,1,7,3,4,3,3,3,7.724989712
49,No,Travel_Rarely,Research & Development,1,3,Life Sciences,1,1529,Male,3,Manufacturing Director,Single,73140,7,Y,22,8,0,25,2,7,0,7,3,3,3,3,4,9.971033058
52,Yes,Travel_Rarely,Research & Development,7,1,Life Sciences,1,1530,Female,2,Research Scientist,Married,47740,2,Y,18,8,1,11,2,8,7,7,3,2,2,3,3,7.877022822
27,No,Travel_Rarely,Research & Development,15,4,Medical,1,1531,Male,3,Research Scientist,Single,39020,1,Y,22,8,0,4,2,4,1,2,3,2,2,3,4,10.71373129
32,No,Travel_Rarely,Research & Development,1,3,Life Sciences,1,1532,Male,3,Research Scientist,Married,26620,1,Y,11,8,1,13,6,13,11,9,3,2,3,4,3,10.53732005
27,No,Travel_Rarely,Research & Development,13,2,Medical,1,1533,Female,4,Research Director,Single,28560,1,Y,12,8,2,5,5,5,0,4,4,3,3,4,3,10.10112591
31,No,Travel_Rarely,Sales,24,3,Life Sciences,1,1534,Male,2,Healthcare Representative,Divorced,10810,4,Y,11,8,3,13,4,7,1,7,4,4,,4,3,6.600159069
32,No,Travel_Rarely,Research & Development,7,3,Technical Degree,1,1535,Male,2,Healthcare Representative,Single,24720,7,Y,13,8,0,10,2,7,0,7,1,4,2,3,3,7.516145075
28,Yes,Travel_Rarely,Research & Development,9,4,Medical,1,1536,Male,1,Sales Executive,Married,56730,5,Y,14,8,1,5,4,3,2,2,1,4,2,2,3,10.7111256
30,No,Travel_Rarely,Research & Development,13,3,Life Sciences,1,1537,Female,4,Research Director,Married,41970,1,Y,13,8,0,11,3,10,1,9,4,4,3,3,3,6.202911348
31,No,Travel_Frequently,Research & Development,2,1,Life Sciences,1,1538,Female,1,Manager,Married,97130,1,Y,17,8,0,10,5,10,8,9,3,3,3,2,3,6.6084375
39,No,Travel_Frequently,Research & Development,19,4,Medical,1,1539,Female,1,Research Scientist,Married,20620,1,Y,13,8,0,21,4,21,13,3,3,4,3,3,3,6.060223404
39,Yes,Travel_Rarely,Research & Development,1,1,Medical,1,1540,Female,1,Laboratory Technician,Married,42840,4,Y,17,8,1,12,0,1,0,0,4,3,2,3,3,10.00678842
33,No,Travel_Frequently,Sales,4,2,Life Sciences,1,1541,Male,4,Research Scientist,Single,47880,3,Y,11,8,1,9,0,7,0,1,2,4,2,3,3,7.391962404
47,No,Travel_Rarely,Research & Development,4,3,Life Sciences,1,1542,Female,2,Healthcare Representative,Married,59060,4,Y,23,8,0,21,4,3,1,1,4,3,3,4,4,6.52663505
43,No,Travel_Frequently,Research & Development,14,3,Medical,1,1543,Female,5,Research Director,Divorced,38860,1,Y,17,8,2,9,2,9,0,0,3,3,4,3,3,6.352892512
27,No,Non-Travel,Research & Development,2,3,Life Sciences,1,1544,Male,1,Research Director,Married,168230,0,Y,17,8,0,6,3,5,1,4,3,2,3,3,3,9.27889485
54,No,Travel_Frequently,Research & Development,1,4,Life Sciences,1,1545,Male,2,Research Scientist,Single,29330,3,Y,12,8,2,20,2,4,0,3,4,3,2,3,3,6.09210177
43,No,Travel_Rarely,Research & Development,7,2,Life Sciences,1,1546,Female,2,Manager,Married,65000,8,Y,23,8,0,10,3,1,0,0,3,1,2,3,4,7.203633102
45,No,Travel_Rarely,Sales,3,1,Marketing,1,1547,Female,1,Sales Executive,Married,171740,9,Y,14,8,1,12,6,10,9,8,4,4,3,3,3,7.106525501
40,No,Travel_Rarely,Research & Development,2,4,Other,1,1548,Male,4,Research Scientist,Married,50330,2,Y,14,8,2,6,6,4,0,2,2,4,2,3,3,9.905172293
29,Yes,Travel_Rarely,Research & Development,29,3,Medical,1,1549,Female,1,Research Scientist,Married,23070,1,Y,13,8,1,7,0,7,0,7,2,1,2,3,3,10.49205736
29,No,Travel_Rarely,Human Resources,8,3,Medical,1,1550,Male,3,Sales Representative,Single,25870,0,Y,22,8,2,4,3,3,2,2,2,4,3,3,4,6.909123117
30,No,Travel_Rarely,Research & Development,10,3,Life Sciences,1,1551,Male,2,Research Scientist,Divorced,55070,1,Y,12,8,2,10,2,10,1,2,4,3,3,2,3,7.615994586
27,No,Travel_Rarely,Research & Development,11,2,Medical,1,1552,Male,1,Manager,Married,43930,1,Y,18,8,1,8,2,8,0,7,2,2,3,2,3,6.110617284
37,No,Travel_Rarely,Sales,1,4,Life Sciences,1,1553,Male,2,Healthcare Representative,Divorced,133480,7,Y,14,8,0,8,4,6,0,4,4,4,2,3,3,6.001789352
38,No,Travel_Rarely,Research & Development,28,4,Medical,1,1554,Male,1,Laboratory Technician,Divorced,65830,0,Y,12,8,0,12,1,11,2,9,3,4,3,3,3,9.012154195
31,No,Travel_Rarely,Research & Development,6,3,Medical,1,1555,Female,3,Manager,Single,81030,1,Y,15,8,1,11,5,11,4,10,3,4,2,3,3,10.4140854
29,No,Travel_Rarely,Research & Development,3,4,Life Sciences,1,1556,Male,3,Sales Executive,Divorced,39780,1,Y,11,8,0,7,0,7,1,7,4,2,3,3,3,8.419563492
35,No,Travel_Rarely,Sales,16,2,Technical Degree,1,1557,Male,3,Manager,Single,25440,0,Y,13,8,1,17,3,16,0,13,3,2,3,4,3,7.913552887
23,No,Travel_Rarely,Research & Development,20,4,Life Sciences,1,1558,Male,1,Manufacturing Director,Divorced,53990,1,Y,23,8,0,4,2,4,0,2,3,4,2,2,4,7.066395805
41,No,Travel_Rarely,Research & Development,9,2,Life Sciences,1,1559,Female,1,Laboratory Technician,Single,54870,6,Y,19,8,2,8,0,5,1,2,4,2,3,3,3,9.709064626
47,No,Travel_Frequently,Sales,1,3,Medical,1,1560,Female,2,Laboratory Technician,Single,68340,3,Y,16,8,1,5,2,0,0,0,2,3,3,4,3,7.816196312
42,No,Travel_Rarely,Research & Development,3,4,Life Sciences,1,1561,Male,1,Manager,Single,10910,2,Y,22,8,0,16,0,1,0,0,1,4,3,1,4,6.293512858
29,No,Non-Travel,Sales,22,4,Marketing,1,1562,Male,2,Human Resources,Married,57360,1,Y,22,8,0,4,1,4,0,2,4,3,2,2,4,6.319985935
42,No,Travel_Rarely,Sales,7,4,Medical,1,1563,Male,3,Research Scientist,Divorced,22260,0,Y,12,8,1,4,3,3,1,0,3,3,3,2,3,8.805406445
32,No,Travel_Rarely,Research & Development,2,3,Medical,1,1564,Male,2,Research Scientist,Married,57470,1,Y,13,8,0,8,0,8,0,7,3,2,3,3,3,7.729661637
48,No,Travel_Rarely,Sales,13,4,Medical,1,1565,Male,4,Sales Executive,Married,98540,3,Y,16,8,1,15,2,0,0,0,1,3,1,2,3,7.29477587
37,No,Travel_Rarely,Research & Development,8,5,Technical Degree,1,1566,Male,2,Manufacturing Director,Divorced,54670,4,Y,12,8,0,13,2,7,6,7,3,1,3,3,3,10.80329817
30,No,Non-Travel,Sales,25,4,Other,1,1567,Male,1,Healthcare Representative,Married,53800,7,Y,21,8,1,4,0,2,2,2,4,3,4,3,4,10.40097984
26,No,Travel_Rarely,Sales,28,3,Medical,1,1568,Female,5,Laboratory Technician,Married,51510,1,Y,15,8,3,8,3,8,7,7,3,3,3,3,3,5.976393617
42,No,Travel_Rarely,Sales,2,2,Medical,1,1569,Female,1,Laboratory Technician,Single,21330,3,Y,13,8,2,14,2,1,0,0,1,4,3,3,3,6.097275023
21,Yes,Travel_Frequently,Research & Development,9,3,Medical,1,1570,Female,4,Manufacturing Director,Single,178750,1,Y,12,8,0,3,5,3,1,2,1,2,3,2,3,8.101884757
36,No,Non-Travel,Human Resources,28,3,Human Resources,1,1571,Male,2,Laboratory Technician,Single,24320,4,Y,22,8,0,7,4,1,0,0,4,4,3,1,4,7.29282734
36,No,Travel_Frequently,Research & Development,6,3,Life Sciences,1,1572,Female,2,Research Scientist,Married,47710,4,Y,13,8,1,16,2,13,1,12,1,4,3,3,3,7.07748927
57,No,Travel_Rarely,Research & Development,21,4,Life Sciences,1,1573,Male,5,Research Scientist,Married,191610,2,Y,18,8,0,15,2,3,1,2,4,3,3,1,3,6.312606927
40,No,Travel_Rarely,Research & Development,8,3,Other,1,1574,Male,2,Sales Executive,Married,50870,3,Y,14,8,1,10,3,7,1,7,4,3,3,3,3,8.090185185
21,No,Non-Travel,Research & Development,1,5,Life Sciences,1,1575,Female,2,Manager,Single,28630,1,Y,14,8,0,3,2,3,2,2,1,4,2,1,3,7.978398693
33,Yes,Travel_Rarely,Human Resources,28,2,Human Resources,1,1576,Female,5,Manager,Single,55610,1,Y,21,8,1,1,3,1,0,0,4,3,3,1,4,10.49570822
37,No,Travel_Rarely,Research & Development,5,3,Life Sciences,1,1577,Male,4,Research Scientist,Married,21440,6,Y,19,8,0,17,3,5,0,3,3,1,3,4,3,8.022877315
46,No,Non-Travel,Sales,2,4,Marketing,1,1578,Female,2,Laboratory Technician,Married,30650,2,Y,11,8,0,7,3,1,0,0,3,3,4,3,3,6.114069502
41,Yes,Travel_Frequently,Research & Development,16,1,Medical,1,1579,Female,1,Research Scientist,Single,28100,1,Y,11,8,0,8,3,8,7,7,1,2,3,4,3,7.573262692
50,No,Travel_Rarely,Research & Development,9,3,Medical,1,1580,Female,3,Laboratory Technician,Single,98880,6,Y,15,8,0,20,2,4,1,3,4,4,3,3,3,6.918520408
40,Yes,Travel_Rarely,Research & Development,8,3,Medical,1,1581,Female,1,Healthcare Representative,Married,86280,2,Y,20,8,0,8,2,6,1,0,3,3,3,2,4,9.31036556
31,No,Travel_Rarely,Research & Development,1,3,Life Sciences,1,1582,Male,4,Human Resources,Single,28670,0,Y,24,8,0,3,5,2,2,2,3,2,3,3,4,10.80231039
21,Yes,Travel_Rarely,Human Resources,10,2,Human Resources,1,1583,Male,1,Laboratory Technician,Single,53730,1,Y,12,8,1,1,2,1,0,0,3,2,3,3,3,5.988076302
29,No,Travel_Rarely,Research & Development,1,3,Life Sciences,1,1584,Female,2,Research Director,Single,66670,9,Y,12,8,1,6,6,3,1,2,4,4,3,4,3,7.78549562
35,No,Travel_Rarely,Research & Development,29,3,Life Sciences,1,1585,Female,3,Sales Executive,Single,50030,9,Y,15,8,0,10,2,1,0,0,3,2,3,3,3,7.712429691
27,No,Travel_Rarely,Sales,2,3,Life Sciences,1,1586,Male,1,Sales Executive,Divorced,23670,1,Y,12,8,1,5,2,5,0,4,4,2,3,3,3,6.210790315
28,No,Travel_Rarely,Research & Development,2,2,Medical,1,1587,Male,3,Manager,Single,28580,1,Y,12,8,0,7,2,7,0,7,2,4,3,2,3,7.085450355
49,No,Travel_Rarely,Sales,2,3,Technical Degree,1,1588,Male,2,Manufacturing Director,Single,52040,8,Y,14,8,1,26,3,5,0,0,2,3,3,3,3,7.795346618
51,No,Travel_Rarely,Research & Development,1,2,Life Sciences,1,1589,Male,1,Sales Executive,Married,41050,4,Y,22,8,1,18,2,7,0,7,3,4,2,3,4,7.598426313
36,No,Travel_Rarely,Sales,15,2,Life Sciences,1,1590,Male,1,Sales Executive,Married,96790,4,Y,12,8,0,6,1,2,2,2,4,3,3,3,3,6.010319383
34,Yes,Non-Travel,Research & Development,7,3,Life Sciences,1,1591,Male,1,Sales Representative,Single,56170,8,Y,25,8,1,9,3,5,0,4,1,4,2,3,4,9.084938795
55,No,Travel_Rarely,Sales,26,3,Marketing,1,1592,Male,1,Laboratory Technician,Single,104480,2,Y,13,8,0,30,3,5,1,2,3,4,3,3,3,8.690298309
24,No,Travel_Rarely,Research & Development,1,3,Life Sciences,1,1593,Female,5,Manager,Divorced,28970,1,Y,18,8,3,5,4,5,0,3,4,3,4,3,3,10.01432151
30,No,Travel_Rarely,Research & Development,3,3,Life Sciences,1,1594,Female,2,Manager,Married,59680,1,Y,13,8,0,1,3,1,0,0,3,2,3,3,3,6.898669082
26,Yes,Travel_Frequently,Sales,14,3,Life Sciences,1,1595,Male,2,Manager,Single,75100,0,Y,18,8,3,7,3,6,0,4,3,1,3,3,3,7.02144615
22,No,Travel_Rarely,Research & Development,16,5,Other,1,1596,Male,1,Research Scientist,Married,29910,1,Y,19,8,2,2,3,2,1,2,1,2,3,2,3,6.258094036
36,No,Travel_Rarely,Research & Development,1,3,Medical,1,1597,Female,5,Healthcare Representative,Married,196360,1,Y,12,8,1,10,3,10,9,0,2,3,,3,3,6.397392788
30,Yes,Travel_Frequently,Sales,3,2,Marketing,1,1598,Male,3,Research Scientist,Single,11290,9,Y,19,8,0,3,2,1,0,0,3,4,3,2,3,8.186094702
37,No,Travel_Rarely,Research & Development,10,1,Technical Degree,1,1599,Male,1,Sales Executive,Divorced,133410,1,Y,14,8,1,18,3,18,12,17,4,1,2,3,3,6.46483496
40,No,Travel_Rarely,Research & Development,6,2,Medical,1,1600,Male,3,Research Scientist,Divorced,43320,7,Y,14,8,2,8,3,5,1,3,4,2,3,2,3,6.675874355
42,No,Travel_Rarely,Research & Development,2,3,Medical,1,1601,Female,4,Manager,Divorced,110310,3,Y,12,8,1,8,2,5,1,2,2,1,3,2,3,7.480514847
37,No,Travel_Rarely,Sales,9,1,Marketing,1,1602,Male,3,Sales Executive,Single,44400,2,Y,11,8,1,18,3,1,0,1,3,2,2,2,3,9.921687243
43,No,Travel_Rarely,Sales,10,2,Life Sciences,1,1603,Female,1,Sales Executive,Divorced,46170,1,Y,11,8,0,25,2,25,3,9,1,2,3,3,3,7.356879873
40,No,Travel_Rarely,Sales,6,2,Life Sciences,1,1604,Female,1,Laboratory Technician,Married,26470,6,Y,13,8,0,20,2,1,0,0,2,3,3,2,3,7.508689795
54,No,Travel_Rarely,Human Resources,9,3,Life Sciences,1,1605,Female,2,Manufacturing Director,Married,63230,4,Y,23,8,1,24,2,4,1,2,1,1,2,2,4,5.975955882
34,No,Non-Travel,Research & Development,28,3,Medical,1,1606,Male,1,Laboratory Technician,Married,56770,9,Y,20,8,1,6,3,3,1,2,3,3,3,3,4,6.872604308
31,No,Travel_Rarely,Research & Development,10,4,Life Sciences,1,1607,Male,3,Sales Executive,Married,21870,1,Y,15,8,1,13,2,13,3,12,2,1,1,2,3,6.074269126
43,No,Travel_Frequently,Sales,14,3,Life Sciences,1,1608,Female,1,Manufacturing Director,Married,37480,7,Y,14,8,2,8,3,3,1,2,4,4,3,2,3,7.72760604
43,No,Travel_Rarely,Sales,27,4,Life Sciences,1,1609,Male,2,Sales Representative,Divorced,39770,4,Y,18,8,1,8,3,5,0,2,3,3,3,3,3,8.93568599
25,No,Travel_Rarely,Human Resources,7,2,Human Resources,1,1610,Male,1,Manufacturing Director,Single,86330,1,Y,19,8,1,5,2,5,1,3,2,4,3,4,3,10.90248125
37,No,Non-Travel,Research & Development,1,3,Medical,1,1611,Male,3,Laboratory Technician,Married,20080,3,Y,22,8,0,15,5,13,10,7,2,3,3,2,4,10.73661325
31,No,Travel_Rarely,Research & Development,24,1,Medical,1,1612,Male,3,Laboratory Technician,Married,44400,1,Y,13,8,1,4,2,4,3,2,4,1,3,3,3,7.127887427
39,No,Travel_Frequently,Research & Development,26,4,Technical Degree,1,1613,Female,1,Sales Executive,Divorced,30670,1,Y,20,8,1,21,5,21,1,6,2,3,3,1,4,9.015948975
56,No,Travel_Frequently,Research & Development,20,4,Life Sciences,1,1614,Female,3,Sales Executive,Married,53210,9,Y,14,8,0,36,1,7,7,7,3,1,2,3,3,7.386081178
30,No,Travel_Rarely,Sales,5,4,Medical,1,1615,Female,2,Manufacturing Director,Single,54100,0,Y,17,8,1,6,2,5,4,4,2,3,3,3,3,7.587336245
41,No,Travel_Rarely,Research & Development,7,3,Technical Degree,1,1616,Female,3,Research Scientist,Married,27820,1,Y,14,8,0,10,2,10,0,7,2,1,3,2,3,6.644667146
28,No,Travel_Rarely,Research & Development,7,3,Medical,1,1617,Male,3,Healthcare Representative,Divorced,119570,1,Y,13,8,0,10,2,10,1,8,3,1,3,2,3,6.213860074
25,Yes,Travel_Rarely,Research & Development,5,2,Life Sciences,1,1618,Female,3,Laboratory Technician,Married,26600,5,Y,13,8,0,6,3,2,0,2,1,1,3,3,3,6.494295422
52,No,Travel_Rarely,Research & Development,26,2,Life Sciences,1,1619,Female,2,Sales Representative,Married,33750,2,Y,21,8,0,28,2,5,0,4,4,3,3,2,4,8.202250958
45,No,Travel_Rarely,Research & Development,2,3,Medical,1,1620,Female,1,Sales Executive,Married,50980,3,Y,14,8,1,8,4,2,0,2,1,4,2,3,3,6.778304843
52,No,Travel_Rarely,Research & Development,12,3,Medical,1,1621,Male,2,Research Scientist,Married,48780,2,Y,11,8,1,31,3,5,1,4,4,4,1,3,3,7.309269972
42,No,Travel_Frequently,Sales,10,3,Marketing,1,1622,Female,2,Healthcare Representative,Divorced,28370,2,Y,13,8,1,19,0,5,0,2,1,3,3,2,3,6.824301002
30,No,Travel_Rarely,Sales,25,3,Marketing,1,1623,Male,1,Sales Executive,Single,24060,2,Y,20,8,1,11,5,5,0,2,3,4,3,3,4,7.287376801
60,No,Travel_Rarely,Research & Development,10,3,Life Sciences,1,1624,Female,1,Manufacturing Director,Married,22690,5,Y,18,8,1,33,4,29,11,10,1,1,1,3,3,6.163477496
46,No,Travel_Rarely,Sales,19,4,Marketing,1,1625,Female,1,Sales Executive,Divorced,41080,2,Y,14,8,0,19,5,10,0,8,3,3,2,2,3,7.601014545
42,No,Travel_Frequently,Research & Development,18,4,Technical Degree,1,1626,Male,4,Sales Executive,Married,132060,0,Y,13,8,2,7,2,6,0,4,4,4,4,3,3,6.612837553
24,Yes,Travel_Rarely,Research & Development,27,2,Medical,1,1627,Male,1,Research Scientist,Single,104220,1,Y,17,8,1,6,0,5,1,4,1,2,3,2,3,10.60365986
34,Yes,Travel_Frequently,Research & Development,5,3,Medical,1,1628,Male,2,Research Scientist,Divorced,137440,0,Y,20,8,1,3,3,2,1,0,4,3,2,3,4,6.181501377
38,No,Travel_Frequently,Sales,3,3,Marketing,1,1629,Female,2,Sales Executive,Married,49070,1,Y,11,8,1,1,3,1,0,0,4,4,3,3,3,8.653300377
40,No,Travel_Rarely,Sales,26,4,Marketing,1,1630,Female,1,Sales Executive,Married,34820,0,Y,18,8,1,21,2,20,1,12,3,3,3,2,3,6.014923816
26,No,Travel_Rarely,Research & Development,3,2,Medical,1,1631,Female,4,Healthcare Representative,Divorced,24360,1,Y,24,8,0,3,2,3,0,2,1,4,1,4,4,6.269028384
30,No,Non-Travel,Research & Development,15,3,Medical,1,1632,Female,2,Sales Executive,Married,23800,4,Y,18,8,3,9,2,5,1,4,3,4,1,2,3,7.883559847
29,No,Travel_Rarely,Research & Development,8,3,Medical,1,1633,Female,3,Manufacturing Director,Married,194310,1,Y,11,8,0,10,3,10,0,7,2,3,3,3,3,7.193886515
29,Yes,Travel_Rarely,Research & Development,19,4,Life Sciences,1,1634,Male,3,Research Scientist,Married,17900,5,Y,16,8,1,6,4,2,1,1,3,2,4,2,3,6.605290249
19,Yes,Travel_Rarely,Research & Development,4,3,Medical,1,1635,Male,1,Sales Executive,Single,76440,1,Y,15,8,2,1,2,1,0,0,1,4,4,3,3,7.875434682
30,No,Non-Travel,Research & Development,2,4,Life Sciences,1,1636,Female,3,Research Scientist,Married,51310,0,Y,15,8,1,10,2,9,7,8,3,1,3,3,3,6.678385635
57,No,Travel_Rarely,Research & Development,2,2,Life Sciences,1,1637,Male,4,Research Scientist,Divorced,63060,3,Y,12,8,1,32,3,1,0,0,1,4,2,3,3,6.336791027
50,No,Travel_Rarely,Sales,10,4,Life Sciences,1,1638,Female,3,Manager,Married,47870,0,Y,12,8,0,28,3,27,15,7,2,3,3,3,3,7.204899098
30,No,Non-Travel,Sales,10,2,Life Sciences,1,1639,Male,3,Laboratory Technician,Single,188800,0,Y,22,8,1,12,3,11,6,7,3,4,2,3,4,6.263877827
60,No,Travel_Frequently,Research & Development,16,3,Life Sciences,1,1640,Female,4,Laboratory Technician,Married,23390,4,Y,20,8,0,22,4,18,13,11,3,1,4,3,4,7.205101566
47,No,Travel_Rarely,Research & Development,1,3,Technical Degree,1,1641,Male,5,Manufacturing Director,Divorced,135700,5,Y,16,8,2,20,2,5,0,4,1,4,3,2,3,7.799077682
46,No,Travel_Rarely,Sales,4,1,Technical Degree,1,1642,Male,1,Laboratory Technician,Married,67120,6,Y,21,8,1,26,3,3,0,1,1,3,1,2,4,6.790909197
35,No,Travel_Rarely,Research & Development,15,2,Medical,1,1643,Female,2,Laboratory Technician,Single,54060,0,Y,12,8,1,6,2,5,4,3,4,3,3,3,3,6.52960728
54,No,Travel_Rarely,Research & Development,2,4,Medical,1,1644,Male,2,Human Resources,Single,89380,7,Y,11,8,3,19,2,1,0,0,3,3,3,3,3,7.676790634
34,No,Travel_Rarely,Sales,8,2,Life Sciences,1,1645,Male,1,Laboratory Technician,Divorced,24390,3,Y,11,8,2,14,2,7,5,7,4,3,3,4,3,7.611215998
46,No,Travel_Rarely,Research & Development,2,3,Life Sciences,1,1646,Male,1,Healthcare Representative,Married,88370,2,Y,18,8,0,15,3,3,1,2,3,4,3,2,3,9.220456916
31,No,Travel_Rarely,Research & Development,7,3,Life Sciences,1,1647,Male,2,Research Director,Divorced,53430,1,Y,14,8,1,13,3,13,0,8,3,2,4,3,3,6.411356882
33,Yes,Travel_Rarely,Research & Development,10,3,Life Sciences,1,1648,Female,4,Research Director,Married,67280,7,Y,22,8,0,15,2,7,7,7,2,3,4,2,4,8.510061088
33,Yes,Travel_Rarely,Sales,5,4,Marketing,1,1649,Male,2,Research Director,Divorced,66520,7,Y,25,8,0,8,5,4,1,3,1,4,3,3,4,7.017434365
30,No,Travel_Rarely,Research & Development,2,3,Life Sciences,1,1650,Male,1,Sales Executive,Single,48500,0,Y,12,8,1,4,4,3,1,2,4,2,3,3,3,6.538957176
35,No,Travel_Rarely,Research & Development,12,2,Medical,1,1651,Female,2,Sales Representative,Married,28090,4,Y,23,8,1,10,2,8,0,0,4,3,3,1,4,8.908956868
31,Yes,Travel_Frequently,Research & Development,22,2,Medical,1,1652,Female,2,Sales Executive,Married,56890,3,Y,15,8,2,12,2,1,0,0,1,3,3,2,3,6.609761088
34,Yes,Travel_Frequently,Sales,17,1,Marketing,1,1653,Male,1,Research Director,Divorced,20010,9,Y,22,8,1,11,5,3,0,2,2,1,3,4,4,10.98656221
42,No,Travel_Frequently,Research & Development,2,4,Medical,1,1654,Female,1,Research Scientist,Married,29770,4,Y,15,8,3,8,3,2,2,0,2,3,3,2,3,7.781885727
36,No,Non-Travel,Research & Development,3,4,Medical,1,1655,Male,1,Research Scientist,Single,40250,1,Y,11,8,0,10,3,10,9,7,2,4,2,3,3,7.232681578
22,Yes,Travel_Frequently,Research & Development,7,3,Medical,1,1656,Female,2,Laboratory Technician,Single,37850,5,Y,13,8,2,4,2,2,1,2,3,3,3,3,3,6.44791844
48,No,Travel_Rarely,Research & Development,6,3,Medical,1,1657,Male,1,Laboratory Technician,Married,108540,2,Y,14,8,1,14,6,9,6,7,2,4,3,3,3,6.795801144
55,No,Travel_Rarely,Research & Development,1,3,Medical,1,1658,Female,1,Sales Executive,Single,120310,3,Y,11,8,0,37,5,10,7,7,1,2,3,3,3,7.367503444
41,No,Non-Travel,Research & Development,3,2,Life Sciences,1,1659,Female,2,Research Scientist,Single,99360,7,Y,17,8,1,16,2,14,1,10,4,4,3,2,3,6.218216184
35,No,Travel_Rarely,Research & Development,22,3,Medical,1,1660,Female,1,Sales Representative,Married,29660,9,Y,18,8,0,15,2,11,6,9,2,3,,2,3,5.99243599
40,No,Travel_Rarely,Research & Development,15,3,Life Sciences,1,1661,Female,2,Laboratory Technician,Single,25710,7,Y,14,8,0,22,1,20,5,13,2,3,3,3,3,7.319618503
39,No,Travel_Frequently,Research & Development,12,1,Medical,1,1662,Male,1,Research Scientist,Married,99910,1,Y,16,8,1,8,3,8,0,7,3,3,3,3,3,7.117489583
31,No,Travel_Rarely,Research & Development,1,4,Life Sciences,1,1663,Male,3,Research Director,Single,61420,4,Y,13,8,2,10,2,6,0,5,2,4,4,2,3,8.677375911
42,No,Travel_Rarely,Research & Development,5,3,Medical,1,1664,Male,3,Sales Executive,Married,53900,1,Y,14,8,0,10,3,10,5,8,4,1,2,3,3,10.77435579
45,No,Travel_Rarely,Research & Development,2,1,Medical,1,1665,Female,4,Sales Executive,Married,44040,0,Y,23,8,0,9,2,8,3,7,4,2,4,3,4,7.426807992
26,Yes,Travel_Frequently,Research & Development,2,1,Life Sciences,1,1666,Female,2,Laboratory Technician,Divorced,59930,0,Y,12,8,0,8,3,7,1,0,2,3,2,3,3,9.168659122
29,No,Travel_Rarely,Research & Development,5,3,Medical,1,1667,Male,1,Research Scientist,Divorced,51300,4,Y,11,8,0,8,3,3,1,2,4,4,4,2,3,7.402640086
33,No,Travel_Rarely,Research & Development,16,3,Medical,1,1668,Female,1,Laboratory Technician,Divorced,20900,4,Y,16,8,0,10,2,6,0,5,1,3,3,3,3,7.377401961
31,No,Travel_Rarely,Research & Development,2,4,Life Sciences,1,1669,Female,1,Sales Executive,Divorced,29090,9,Y,14,8,2,10,2,5,0,1,3,4,2,3,3,6.706642407
18,Yes,Travel_Frequently,Research & Development,2,3,Technical Degree,1,1670,Male,1,Sales Executive,Single,34680,1,Y,18,8,2,0,4,0,0,0,2,2,3,4,3,9.177018141
40,No,Non-Travel,Research & Development,1,4,Technical Degree,1,1671,Female,2,Laboratory Technician,Divorced,30680,3,Y,19,8,0,20,3,1,0,1,3,1,3,2,3,6.911605067
41,No,Non-Travel,Research & Development,23,3,Life Sciences,1,1672,Male,2,Manufacturing Director,Single,26700,2,Y,15,8,2,10,2,8,0,7,1,3,3,2,3,9.313776341
26,No,Travel_Rarely,Research & Development,9,4,Medical,1,1673,Male,3,Healthcare Representative,Divorced,26930,5,Y,17,8,3,8,3,0,0,0,1,3,3,2,3,5.995600473
35,No,Travel_Rarely,Research & Development,16,4,Medical,1,1674,Male,2,Human Resources,Single,95260,1,Y,15,8,0,5,2,5,0,3,1,3,3,2,3,6.311730946
34,No,Travel_Rarely,Research & Development,26,3,Medical,1,1675,Male,1,Laboratory Technician,Single,52370,1,Y,19,8,1,10,3,10,5,7,4,4,3,2,3,6.438360255
26,Yes,Travel_Rarely,Sales,1,3,Marketing,1,1676,Female,2,Manufacturing Director,Single,24260,1,Y,22,8,0,1,3,1,0,0,3,4,1,1,4,8.709504781
37,No,Travel_Rarely,Research & Development,8,1,Life Sciences,1,1677,Male,1,Sales Executive,Single,41930,4,Y,16,8,1,12,5,6,1,2,2,4,4,3,3,7.423980716
46,No,Travel_Frequently,Research & Development,4,1,Medical,1,1678,Male,5,Human Resources,Married,29110,5,Y,13,8,0,28,3,2,1,2,1,3,2,3,3,6.167455889
41,No,Travel_Rarely,Research & Development,24,1,Life Sciences,1,1679,Male,1,Research Director,Married,26610,7,Y,14,8,1,22,2,18,11,8,2,,3,3,3,7.71677068
37,No,Non-Travel,Research & Development,7,2,Medical,1,1680,Male,1,Sales Executive,Divorced,20280,1,Y,16,8,1,9,3,9,7,7,1,2,3,3,3,7.489332126
52,No,Travel_Rarely,Sales,2,1,Medical,1,1681,Male,1,Laboratory Technician,Divorced,99800,3,Y,11,8,1,18,2,10,6,9,4,1,3,3,3,9.078804645
32,Yes,Non-Travel,Research & Development,7,2,Life Sciences,1,1682,Female,2,Research Director,Married,32980,8,Y,22,8,0,6,4,4,1,2,4,3,3,2,4,6.00957565
24,No,Travel_Frequently,Sales,22,3,Life Sciences,1,1683,Female,1,Healthcare Representative,Married,29350,0,Y,14,8,2,3,5,2,2,1,4,4,3,2,3,5.974057711
38,No,Travel_Rarely,Research & Development,5,3,Life Sciences,1,1684,Female,1,Research Scientist,Married,154270,3,Y,16,8,1,18,2,1,0,0,3,3,3,3,3,6.016134259
37,No,Travel_Rarely,Research & Development,1,4,Technical Degree,1,1685,Female,5,Research Scientist,Married,39440,6,Y,11,8,2,8,3,6,4,3,2,2,2,3,3,6.891148389
49,No,Travel_Rarely,Sales,21,1,Life Sciences,1,1686,Male,1,Sales Executive,Divorced,40110,1,Y,18,8,2,31,2,31,0,9,4,3,3,1,3,10.79748292
24,No,Travel_Rarely,Sales,1,3,Marketing,1,1687,Female,1,Sales Executive,Married,34070,1,Y,15,8,2,6,2,6,1,4,2,4,3,2,3,9.0083026
26,No,Travel_Rarely,Research & Development,19,4,Technical Degree,1,1688,Female,4,Sales Executive,Married,119940,1,Y,14,8,1,6,6,5,1,4,1,2,4,3,3,7.383646442
24,No,Travel_Rarely,Sales,7,3,Medical,1,1689,Female,1,Laboratory Technician,Married,12320,1,Y,12,8,0,1,4,1,0,0,4,2,3,1,3,6.786804408
50,No,Travel_Frequently,Sales,2,2,Marketing,1,1690,Male,1,Sales Executive,Married,29600,1,Y,14,8,3,32,2,32,10,7,1,2,3,3,3,6.77357438
25,No,Travel_Rarely,Research & Development,2,3,Life Sciences,1,1691,Male,1,Research Scientist,Married,190940,1,Y,16,8,0,7,3,7,0,6,2,3,3,2,3,7.40558642
24,Yes,Travel_Frequently,Research & Development,2,3,Medical,1,1692,Male,2,Research Scientist,Married,39190,1,Y,21,8,0,6,3,6,1,2,1,3,3,3,4,10.7965194
30,Yes,Travel_Frequently,Research & Development,9,3,Other,1,1693,Male,2,Healthcare Representative,Married,68250,1,Y,14,8,0,1,2,1,0,0,2,1,4,3,3,6.946756854
34,No,Travel_Rarely,Sales,6,2,Life Sciences,1,1694,Male,4,Research Director,Married,102480,1,Y,12,8,1,6,4,6,1,3,2,4,3,3,3,8.880400709
31,Yes,Travel_Rarely,Research & Development,9,1,Medical,1,1695,Female,1,Sales Representative,Divorced,189470,2,Y,12,8,2,9,2,3,1,2,2,1,1,2,3,6.698702888
35,No,Travel_Rarely,Research & Development,2,3,Life Sciences,1,1696,Female,5,Sales Executive,Single,24960,4,Y,17,8,3,9,3,3,0,2,1,4,3,3,3,7.861873306
31,No,Travel_Rarely,Sales,1,3,Marketing,1,1697,Female,2,Sales Executive,Divorced,64650,4,Y,17,8,0,13,3,7,5,7,1,4,4,3,3,6.286366806
27,No,Travel_Rarely,Sales,22,4,Medical,1,1698,Male,1,Sales Representative,Divorced,22060,0,Y,14,8,1,6,4,5,0,3,1,3,2,3,3,7.854169072
37,No,Travel_Rarely,Sales,9,4,Marketing,1,1699,Female,2,Laboratory Technician,Married,20860,4,Y,14,8,0,17,3,3,1,0,4,3,2,3,3,8.908952904
20,No,Travel_Rarely,Research & Development,17,4,Medical,1,1700,Female,1,Sales Representative,Single,22930,1,Y,13,8,2,1,3,1,0,0,4,2,4,1,3,7.093976058
42,No,Travel_Rarely,Research & Development,28,4,Life Sciences,1,1701,Female,2,Manufacturing Director,Married,26450,1,Y,15,8,0,10,5,10,2,2,3,4,3,3,3,7.506218038
43,No,Travel_Rarely,Research & Development,10,5,Technical Degree,1,1702,Female,2,Sales Executive,Divorced,26830,4,Y,11,8,0,21,3,1,0,0,2,4,2,3,3,8.721149627
38,No,Travel_Rarely,Human Resources,2,4,Medical,1,1703,Male,1,Human Resources,Single,20140,3,Y,17,8,1,8,5,0,0,0,3,1,2,4,3,6.794996423
43,No,Travel_Frequently,Sales,4,3,Medical,1,1704,Female,2,Healthcare Representative,Divorced,34190,3,Y,11,8,1,10,5,8,4,7,4,3,3,3,3,9.141189459
48,No,Travel_Rarely,Research & Development,8,1,Medical,1,1705,Male,2,Laboratory Technician,Married,53760,7,Y,13,8,1,21,3,3,0,2,4,1,1,4,3,7.006800807
44,No,Travel_Rarely,Sales,29,4,Marketing,1,1706,Male,2,Sales Executive,Single,19510,4,Y,22,8,3,10,4,2,0,2,1,3,4,4,4,6.698729025
34,No,Travel_Rarely,Research & Development,13,4,Life Sciences,1,1707,Female,1,Laboratory Technician,Divorced,23410,1,Y,20,8,2,8,3,8,0,6,3,3,3,2,4,8.380595411
27,Yes,Travel_Rarely,Sales,27,3,Life Sciences,1,1708,Male,2,Research Scientist,Divorced,22930,0,Y,18,8,0,5,0,4,0,2,3,1,3,3,3,6.505614338
21,No,Travel_Rarely,Sales,16,2,Life Sciences,1,1709,Male,3,Sales Executive,Single,87260,1,Y,11,8,1,3,2,3,1,2,3,3,3,1,3,7.197285955
44,No,Travel_Rarely,Research & Development,2,2,Life Sciences,1,1710,Male,1,Laboratory Technician,Married,40110,4,Y,14,8,1,26,2,2,0,1,4,4,4,3,3,8.654981326
22,No,Travel_Rarely,Research & Development,2,2,Medical,1,1711,Female,2,Laboratory Technician,Married,195450,0,Y,14,8,0,3,3,2,2,2,1,3,3,2,3,6.00389239
33,No,Travel_Rarely,Sales,13,4,Marketing,1,1712,Female,2,Manufacturing Director,Divorced,45680,,Y,18,8,1,6,2,5,1,2,3,3,3,3,3,7.329120972
32,No,Travel_Rarely,Research & Development,1,1,Life Sciences,1,1713,Female,1,Healthcare Representative,Married,30220,1,Y,16,8,1,6,3,6,0,5,1,4,2,3,3,9.394063492
30,No,Travel_Frequently,Research & Development,4,5,Technical Degree,1,1714,Male,3,Manager,Divorced,57720,1,Y,17,8,0,1,3,1,0,0,3,3,3,3,3,7.306887433
53,No,Travel_Rarely,Research & Development,24,3,Other,1,1715,Female,3,Manager,Single,22690,7,Y,11,8,1,18,2,14,8,10,4,1,4,2,3,7.105496528
34,No,Travel_Rarely,Research & Development,1,5,Medical,1,1716,Male,1,Research Scientist,Married,53810,1,Y,12,8,0,10,0,10,8,8,2,4,2,3,3,7.402895955
45,Yes,Travel_Frequently,Research & Development,19,4,Life Sciences,1,1717,Male,3,Research Director,Married,34410,2,Y,13,8,1,5,5,1,0,0,1,1,3,3,3,7.61566088
26,No,Travel_Rarely,Research & Development,7,2,Life Sciences,1,1718,Male,1,Manufacturing Director,Married,54540,1,Y,13,8,1,3,5,3,0,2,3,4,3,4,3,10.00508538
37,No,Travel_Rarely,Research & Development,4,3,Medical,1,1719,Male,1,Manager,Married,98840,1,Y,14,8,0,10,3,10,7,8,3,3,3,2,3,6.17747595
29,No,Travel_Rarely,Research & Development,2,3,Life Sciences,1,1720,Female,1,Healthcare Representative,Married,41570,1,Y,17,8,3,6,2,6,1,2,2,3,2,3,3,6.801024229
35,No,Travel_Rarely,Research & Development,10,5,Medical,1,1721,Female,4,Laboratory Technician,Single,134580,1,Y,11,8,0,17,3,17,11,8,2,4,3,3,3,6.727743352
33,No,Travel_Frequently,Research & Development,8,3,Technical Degree,1,1722,Male,2,Laboratory Technician,Divorced,90690,3,Y,25,8,1,15,3,13,4,7,3,4,1,3,4,7.496162037
54,No,Travel_Rarely,Research & Development,5,2,Life Sciences,1,1723,Female,2,Sales Executive,Married,40140,2,Y,19,8,1,16,4,9,7,1,3,2,,2,3,6.397855603
36,No,Travel_Rarely,Research & Development,8,3,Life Sciences,1,1724,Male,2,Research Scientist,Divorced,59150,2,Y,13,8,1,13,3,3,0,2,2,2,3,2,3,10.70544792
27,No,Travel_Rarely,Sales,9,3,Marketing,1,1725,Male,5,Research Director,Single,59930,0,Y,14,8,1,5,3,4,1,1,1,4,3,1,3,7.000167394
20,Yes,Travel_Rarely,Research & Development,1,3,Life Sciences,1,1726,Male,5,Sales Representative,Single,61620,1,Y,12,8,3,1,2,1,1,1,4,3,3,2,3,8.610434532
33,Yes,Travel_Frequently,Research & Development,15,4,Medical,1,1727,Female,1,Laboratory Technician,Single,24060,1,Y,11,8,0,10,3,10,9,7,1,1,3,3,3,10.42268987
35,No,Non-Travel,Research & Development,2,1,Medical,1,1728,Male,1,Research Scientist,Married,187400,1,Y,19,8,1,1,2,1,0,0,3,3,3,4,3,6.666013946
23,No,Travel_Rarely,Research & Development,2,3,Life Sciences,1,1729,Male,1,Healthcare Representative,Married,76370,2,Y,11,8,1,5,3,3,0,2,1,1,4,3,3,7.071160673
25,No,Travel_Rarely,Research & Development,11,3,Medical,1,1730,Male,2,Manufacturing Director,Married,100960,0,Y,11,8,1,4,3,3,1,2,4,2,3,3,3,7.707655464
38,No,Travel_Rarely,Research & Development,16,3,Life Sciences,1,1731,Male,5,Research Scientist,Single,147560,0,Y,20,8,1,8,3,7,0,5,4,4,3,2,4,6.807263374
29,No,Travel_Frequently,Sales,2,4,Life Sciences,1,1732,Male,4,Healthcare Representative,Divorced,64990,1,Y,18,8,3,10,3,10,2,8,2,4,3,2,3,7.775427708
48,No,Travel_Rarely,Research & Development,16,3,Technical Degree,1,1733,Male,1,Sales Executive,Married,97240,3,Y,13,8,0,12,2,2,2,2,2,2,3,4,3,7.118721525
27,No,Travel_Frequently,Sales,4,3,Technical Degree,1,1734,Male,5,Laboratory Technician,Divorced,21940,1,Y,12,8,0,6,5,6,0,4,4,4,3,3,3,8.93886643
37,No,Travel_Rarely,Research & Development,16,3,Life Sciences,1,1735,Male,3,Manager,Single,33880,3,Y,11,8,0,4,2,1,0,0,4,4,3,4,3,7.565030219
50,No,Travel_Rarely,Sales,5,3,Medical,1,1736,Male,1,Laboratory Technician,Married,54730,1,Y,19,8,1,20,2,20,3,8,4,3,3,4,3,9.12480329
34,No,Travel_Rarely,Research & Development,18,1,Medical,1,1737,Male,1,Healthcare Representative,Single,27030,1,Y,21,8,1,9,2,8,7,7,4,2,4,3,4,6.781649233
24,Yes,Travel_Rarely,Research & Development,17,2,Life Sciences,1,1738,Female,1,Healthcare Representative,Single,25010,9,Y,12,8,0,4,3,2,2,0,1,3,3,1,3,7.503401056
39,No,Travel_Rarely,Research & Development,12,5,Medical,1,1739,Female,1,Sales Representative,Single,62200,1,Y,14,8,2,20,2,20,11,10,4,3,3,3,3,6.740905647
32,No,Travel_Rarely,Research & Development,2,3,Life Sciences,1,1740,Male,5,Research Scientist,Single,30380,1,Y,11,8,0,10,5,10,0,8,4,4,2,1,3,7.892434573
50,Yes,Travel_Frequently,Research & Development,4,2,Medical,1,1741,Male,4,Sales Representative,Married,44240,3,Y,14,8,1,18,2,4,1,3,2,3,3,2,3,8.207366522
38,No,Travel_Rarely,Research & Development,9,4,Life Sciences,1,1742,Male,1,Sales Executive,Single,43120,0,Y,12,8,1,10,2,9,1,8,2,4,2,2,3,7.19836715
27,No,Travel_Rarely,Research & Development,10,3,Medical,1,1743,Male,5,Research Scientist,Married,132450,1,Y,23,8,1,9,3,9,0,7,3,1,3,2,4,6.449521475
32,No,Travel_Rarely,Sales,1,3,Medical,1,1744,Male,2,Sales Executive,Single,136640,3,Y,14,8,0,10,6,7,7,7,3,4,3,3,3,7.892938776
47,No,Travel_Rarely,Research & Development,2,3,Medical,1,1745,Female,5,Sales Executive,Single,50210,2,Y,17,8,0,20,3,7,1,7,4,1,3,3,3,6.676836219
40,No,Travel_Frequently,Research & Development,3,4,Medical,1,1746,Female,3,Human Resources,Married,51260,5,Y,18,8,0,20,2,18,1,12,4,1,3,3,3,8.571869748
53,No,Travel_Rarely,Research & Development,7,1,Life Sciences,1,1747,Male,2,Laboratory Technician,Married,28590,3,Y,18,8,1,32,2,5,1,3,3,3,3,3,3,6.812551264
41,No,Travel_Rarely,Sales,6,3,Medical,1,1748,Male,1,Sales Executive,Divorced,102390,3,Y,24,8,3,23,3,21,12,6,2,4,2,3,4,7.706537494
60,No,Travel_Rarely,Research & Development,8,2,Life Sciences,1,1749,Female,5,Laboratory Technician,Single,53290,8,Y,20,8,0,10,3,2,2,2,1,1,3,4,4,6.603214976
27,No,Travel_Frequently,Research & Development,29,1,Life Sciences,1,1750,Male,2,Manufacturing Director,Divorced,43250,1,Y,14,8,0,9,2,9,1,7,4,1,2,2,3,7.412207049
41,No,Travel_Rarely,Research & Development,3,3,Medical,1,1751,Male,1,Manufacturing Director,Married,72600,1,Y,16,8,0,22,2,22,2,10,4,3,3,3,3,6.236250581
50,No,Travel_Rarely,Sales,9,3,Life Sciences,1,1752,Male,2,Research Scientist,Married,23220,7,Y,25,8,1,4,0,2,2,2,4,2,3,4,4,7.406968918
28,Yes,Travel_Rarely,Sales,2,4,Life Sciences,1,1753,Male,3,Research Scientist,Single,20750,7,Y,18,8,3,10,0,7,3,7,1,2,3,2,3,8.101006224
36,No,Non-Travel,Research & Development,10,4,Technical Degree,1,1754,Female,2,Research Scientist,Married,41520,9,Y,19,8,1,10,3,8,0,5,1,1,3,3,3,5.983727637
38,No,Travel_Rarely,Research & Development,1,3,Medical,1,1755,Female,3,Manager,Single,96190,4,Y,13,8,1,10,2,1,0,0,3,3,4,3,3,9.841307618
44,No,Non-Travel,Research & Development,8,2,Life Sciences,1,1756,Male,1,Research Scientist,Single,135030,2,Y,12,8,0,9,6,5,1,4,1,3,3,2,3,6.123103408
47,No,Travel_Frequently,Research & Development,27,3,Life Sciences,1,1757,Male,1,Research Scientist,Divorced,54410,9,Y,22,8,1,28,6,22,11,13,4,3,2,2,4,8.299020531
30,No,Travel_Rarely,Research & Development,8,3,Life Sciences,1,1758,Male,2,Sales Executive,Divorced,52090,7,Y,14,8,1,10,3,8,7,7,3,4,2,3,3,7.521344671
29,No,Travel_Rarely,Research & Development,1,2,Medical,1,1759,Female,1,Sales Executive,Single,106730,1,Y,13,8,3,1,2,1,0,0,3,3,3,3,3,6.429023457
42,Yes,Travel_Frequently,Research & Development,10,1,Life Sciences,1,1760,Female,1,Sales Executive,Divorced,50100,6,Y,21,8,3,7,3,2,2,2,3,3,3,3,4,9.957406648
43,No,Travel_Frequently,Research & Development,26,1,Life Sciences,1,1761,Male,1,Laboratory Technician,Married,135490,3,Y,11,8,2,7,3,2,2,2,4,4,3,3,3,7.118760776
34,No,Travel_Rarely,Research & Development,2,5,Technical Degree,1,1762,Male,2,Healthcare Representative,Single,49990,3,Y,12,8,2,10,2,5,4,3,2,3,3,4,3,6.394135536
23,No,Travel_Rarely,Sales,13,3,Marketing,1,1763,Male,5,Sales Executive,Married,42210,1,Y,11,8,1,5,4,4,0,2,2,1,4,3,3,7.805959699
39,No,Travel_Rarely,Sales,2,4,Marketing,1,1764,Female,4,Healthcare Representative,Married,138720,9,Y,12,8,3,12,3,8,3,6,3,2,1,2,3,6.285127218
56,No,Travel_Rarely,Research & Development,2,4,Medical,1,1765,Male,1,Manager,Married,20420,7,Y,12,8,0,30,6,10,1,1,3,4,2,3,3,7.095374245
40,No,Travel_Rarely,Sales,9,3,Marketing,1,1766,Male,2,Research Scientist,Single,20730,0,Y,14,8,0,5,3,4,2,3,4,4,2,3,3,8.797861337
27,No,Travel_Rarely,Research & Development,10,3,Life Sciences,1,1767,Female,1,Laboratory Technician,Single,29560,8,Y,13,8,0,9,6,7,0,7,4,1,1,3,3,7.492104481
29,No,Travel_Rarely,Sales,20,3,Marketing,1,1768,Female,2,Manager,Divorced,29260,1,Y,15,8,1,2,3,2,2,2,4,2,3,2,3,7.06666215
53,No,Travel_Rarely,Research & Development,9,3,Life Sciences,1,1769,Female,3,Laboratory Technician,Single,48090,2,Y,18,8,0,19,2,2,2,2,4,4,3,3,3,6.32582971
35,No,Non-Travel,Research & Development,5,1,Medical,1,1770,Male,1,Healthcare Representative,Divorced,51630,2,Y,18,8,2,16,4,1,0,0,4,1,4,3,3,7.077205744
32,No,Travel_Frequently,Sales,4,4,Life Sciences,1,1771,Male,2,Sales Executive,Married,188440,1,Y,19,8,0,10,3,10,4,7,1,4,3,1,3,7.808465986
38,No,Travel_Rarely,Sales,10,3,Medical,1,1772,Male,4,Laboratory Technician,Married,181720,6,Y,12,8,2,6,5,1,0,1,4,3,1,3,3,10.87464172
34,No,Travel_Rarely,Research & Development,20,3,Medical,1,1773,Female,3,Laboratory Technician,Divorced,57440,3,Y,19,8,1,7,4,0,0,0,2,1,3,2,3,6.170700431
52,No,Travel_Rarely,Sales,21,5,Technical Degree,1,1774,Male,3,Manager,Married,28890,1,Y,11,8,1,34,2,34,1,16,3,1,4,3,3,5.995460108
33,Yes,Travel_Rarely,Research & Development,1,2,Medical,1,1775,Male,3,Laboratory Technician,Single,28710,1,Y,17,8,3,10,2,10,7,8,4,4,2,3,3,9.98832878
25,No,Travel_Rarely,Research & Development,8,3,Life Sciences,1,1776,Male,2,Research Scientist,Single,74840,1,Y,15,8,0,6,3,6,1,4,3,4,2,3,3,7.716902778
45,No,Travel_Rarely,Sales,2,3,Life Sciences,1,1777,Male,3,Healthcare Representative,Single,60740,0,Y,14,8,0,9,2,8,3,1,2,3,3,3,3,5.994080087
23,No,Travel_Rarely,Research & Development,23,1,Life Sciences,1,1778,Female,2,Research Scientist,Single,173280,1,Y,17,8,1,2,2,2,0,2,1,3,3,1,3,7.997055556
47,Yes,Travel_Frequently,Research & Development,4,3,Life Sciences,1,1779,Male,1,Research Director,Single,27740,4,Y,13,8,1,8,2,5,1,3,2,3,3,3,3,10.00968203
34,No,Travel_Rarely,Research & Development,12,3,Technical Degree,1,1780,Male,1,Research Scientist,Single,45050,1,Y,12,8,0,6,3,6,1,4,4,4,3,3,3,7.804073276
55,Yes,Travel_Rarely,Human Resources,7,3,Human Resources,1,1781,Male,4,Laboratory Technician,Married,74280,5,Y,12,8,0,24,2,5,1,4,4,1,3,3,3,8.050948068
36,No,Non-Travel,Research & Development,7,2,Life Sciences,1,1782,Male,5,Sales Executive,Single,116310,1,Y,18,8,1,10,2,10,0,9,1,1,3,1,3,7.396366898
52,No,Non-Travel,Research & Development,1,4,Life Sciences,1,1783,Male,5,Sales Executive,Married,97380,0,Y,18,8,2,5,2,4,1,2,4,4,3,3,3,7.245820106
26,No,Travel_Frequently,Research & Development,2,2,Life Sciences,1,1784,Male,1,Manufacturing Director,Divorced,28350,3,Y,11,8,1,5,2,2,2,0,1,4,3,3,3,7.090755017
29,No,Travel_Rarely,Research & Development,10,2,Medical,1,1785,Male,3,Manufacturing Director,Married,169590,4,Y,14,8,3,11,5,8,1,1,2,3,2,3,3,6.279730461
26,Yes,Travel_Rarely,Research & Development,15,2,Life Sciences,1,1786,Male,2,Laboratory Technician,Single,26130,6,Y,19,8,1,6,2,4,1,2,4,1,,3,3,6.197631766
34,No,Travel_Rarely,Research & Development,14,4,Technical Degree,1,1787,Male,2,Manufacturing Director,Single,61460,2,Y,12,8,0,10,3,4,1,3,2,4,3,3,3,6.203041126
54,No,Travel_Rarely,Research & Development,18,4,Medical,1,1788,Female,2,Laboratory Technician,Divorced,49630,9,Y,15,8,1,9,2,5,1,4,4,1,3,3,3,8.896373188
27,No,Travel_Frequently,Research & Development,13,2,Life Sciences,1,1789,Female,4,Research Scientist,Married,195370,0,Y,12,8,0,5,5,4,1,1,3,4,3,3,3,6.805050505
37,No,Travel_Rarely,Sales,2,4,Technical Degree,1,1790,Male,2,Manufacturing Director,Divorced,61720,0,Y,11,8,0,6,1,5,4,3,4,1,2,3,3,9.499684945
38,No,Travel_Frequently,Sales,2,4,Life Sciences,1,1791,Female,2,Research Scientist,Single,23680,6,Y,11,8,1,17,3,15,4,12,1,1,3,3,3,10.82192412
34,No,Travel_Rarely,Sales,2,3,Marketing,1,1792,Male,1,Sales Representative,Single,103120,1,Y,12,8,0,6,2,6,1,3,3,1,3,3,3,6.8876513
35,No,Travel_Rarely,Research & Development,5,4,Medical,1,1793,Male,3,Manager,Married,16750,1,Y,16,8,0,3,6,3,0,2,1,4,2,2,3,7.802330766
30,No,Travel_Rarely,Research & Development,20,3,Medical,1,1794,Male,1,Laboratory Technician,Married,25230,3,Y,13,8,1,7,2,2,0,2,4,3,3,3,3,7.19234058
40,No,Travel_Frequently,Research & Development,10,4,Medical,1,1795,Male,2,Manufacturing Director,Married,65670,1,Y,13,8,1,8,3,8,3,7,3,2,3,4,3,6.371433616
34,No,Travel_Rarely,Research & Development,10,3,Life Sciences,1,1796,Male,3,Healthcare Representative,Married,47390,5,Y,24,8,2,6,2,3,1,2,3,1,3,3,4,7.893172705
42,No,Travel_Frequently,Research & Development,9,4,Medical,1,1797,Male,1,Manufacturing Director,Divorced,92080,1,Y,15,8,1,24,2,24,14,9,2,4,2,4,3,7.821308321
23,Yes,Travel_Rarely,Sales,2,3,Medical,1,1798,Female,4,Manufacturing Director,Married,45590,1,Y,18,8,1,1,2,0,0,0,3,1,3,2,3,7.996996599
24,No,Non-Travel,Sales,1,5,Marketing,1,1799,Female,1,Manufacturing Director,Divorced,81890,1,Y,14,8,1,1,3,1,0,0,3,2,3,3,3,6.74940391
52,No,Travel_Rarely,Research & Development,29,3,Life Sciences,1,1800,Male,2,Manufacturing Director,Married,29420,8,Y,11,8,1,9,1,5,1,4,4,3,3,2,3,6.058953625
50,No,Travel_Rarely,Research & Development,8,4,Life Sciences,1,1801,Male,2,Sales Executive,Married,49410,5,Y,11,8,1,30,3,4,0,3,3,3,3,1,3,6.363878515
29,Yes,Travel_Rarely,Sales,2,4,Marketing,1,1802,Female,4,Research Scientist,Married,106500,1,Y,13,8,2,1,2,1,0,0,2,1,3,4,3,10.67419715
33,No,Travel_Rarely,Research & Development,3,4,Life Sciences,1,1803,Male,4,Manufacturing Director,Married,59020,0,Y,12,8,1,14,2,13,3,7,3,3,4,3,3,6.994114508
33,Yes,Travel_Rarely,Research & Development,23,5,Life Sciences,1,1804,Male,1,Human Resources,Single,86390,5,Y,16,8,2,6,3,3,0,2,1,1,3,2,3,8.022934783
47,No,Travel_Rarely,Research & Development,6,4,Other,1,1805,Male,2,Manager,Married,63470,1,Y,14,8,0,26,2,26,3,0,3,4,2,4,3,9.502909544
36,No,Travel_Rarely,Sales,6,3,Medical,1,1806,Female,2,Sales Executive,Married,42000,0,Y,22,8,0,10,3,9,0,5,3,2,3,3,4,7.686010101
29,No,Travel_Rarely,Research & Development,10,3,Other,1,1807,Male,1,Research Scientist,Married,34520,1,Y,11,8,0,10,3,10,0,7,3,3,3,2,3,7.68803999
58,Yes,Travel_Rarely,Research & Development,24,3,Other,1,1808,Female,2,Research Scientist,Single,43170,7,Y,17,8,0,40,2,31,13,8,4,2,3,3,3,8.896928241
35,No,Travel_Rarely,Sales,10,4,Marketing,1,1809,Female,1,Research Scientist,Single,26320,3,Y,13,8,3,7,3,2,2,2,4,3,3,4,3,7.759774806
42,No,Travel_Rarely,Sales,15,1,Marketing,1,1810,Male,2,Laboratory Technician,Married,46680,9,Y,18,8,2,8,2,4,0,2,4,4,3,3,3,10.49805318
28,Yes,Travel_Rarely,Research & Development,19,4,Medical,1,1811,Female,2,Sales Executive,Single,32040,6,Y,16,8,1,5,4,2,2,1,3,3,2,2,3,6.219219123
36,No,Travel_Rarely,Research & Development,2,3,Life Sciences,1,1812,Male,2,Healthcare Representative,Married,27200,4,Y,14,8,1,8,3,5,0,4,3,2,3,3,3,6.590180375
32,No,Travel_Rarely,Research & Development,3,1,Medical,1,1813,Male,2,Manufacturing Director,Married,171810,1,Y,14,8,0,14,2,14,6,8,,3,3,2,3,7.992938297
40,No,Travel_Frequently,Sales,9,3,Marketing,1,1814,Male,3,Manufacturing Director,Single,22380,6,Y,14,8,0,10,3,1,0,0,1,3,3,3,3,6.905994886
30,No,Travel_Rarely,Research & Development,7,3,Technical Degree,1,1815,Male,2,Research Director,Single,14830,5,Y,13,8,0,12,3,0,0,0,3,4,2,3,3,9.401964853
45,No,Travel_Rarely,Research & Development,10,4,Life Sciences,1,1816,Male,1,Research Director,Single,56050,1,Y,12,8,2,1,2,1,0,0,2,3,3,3,3,6.602195994
42,No,Travel_Rarely,Research & Development,20,2,Medical,1,1817,Male,2,Sales Representative,Married,72950,1,Y,15,8,0,10,3,9,7,8,2,2,2,3,3,7.626456553
38,No,Travel_Frequently,Sales,4,3,Medical,1,1818,Male,2,Research Scientist,Divorced,23060,2,Y,19,8,1,13,5,4,1,2,1,1,2,3,3,7.593121693
34,No,Travel_Frequently,Research & Development,7,4,Life Sciences,1,1819,Male,3,Laboratory Technician,Single,23480,1,Y,14,8,1,6,3,5,1,3,3,4,3,3,3,6.909130435
49,Yes,Travel_Rarely,Sales,7,2,Life Sciences,1,1820,Female,2,Healthcare Representative,Married,89980,1,Y,14,8,2,9,2,9,7,7,3,4,4,4,3,6.313039855
55,Yes,Travel_Rarely,Human Resources,16,3,Technical Degree,1,1821,Male,4,Manufacturing Director,Single,43190,4,Y,11,8,0,12,3,9,7,3,3,4,2,4,3,6.389931694
43,No,Travel_Rarely,Research & Development,25,2,Medical,1,1822,Male,2,Healthcare Representative,Married,61320,6,Y,13,8,0,22,3,4,1,0,2,1,3,2,3,7.285554379
27,No,Travel_Rarely,Sales,2,4,Medical,1,1823,Male,2,Manager,Divorced,33460,1,Y,21,8,1,9,2,9,0,8,3,4,3,2,4,10.52537302
35,No,Travel_Rarely,Research & Development,1,3,Medical,1,1824,Male,1,Research Director,Single,108550,3,Y,13,8,1,17,2,8,1,6,3,3,4,3,3,7.024023532
28,No,Travel_Rarely,Sales,1,2,Technical Degree,1,1825,Female,1,Sales Executive,Married,22310,1,Y,12,8,0,8,3,8,7,5,2,2,3,2,3,9.911441257
34,No,Travel_Rarely,Sales,2,5,Life Sciences,1,1826,Male,4,Research Scientist,Married,23230,0,Y,17,8,0,4,2,3,0,2,3,4,1,3,3,6.91374477
26,Yes,Travel_Frequently,Research & Development,22,4,Other,1,1827,Female,1,Sales Executive,Married,20240,1,Y,23,8,0,8,2,8,1,7,3,3,3,3,4,8.012555315
27,No,Non-Travel,Sales,1,3,Technical Degree,1,1828,Female,1,Sales Executive,Married,27130,1,Y,11,8,0,0,2,0,0,0,4,4,2,3,3,7.249490338
51,No,Travel_Rarely,Sales,16,3,Medical,1,1829,Male,3,Research Scientist,Married,94390,2,Y,15,8,3,29,0,20,4,17,1,3,2,3,3,6.081764296
44,No,Travel_Rarely,Sales,24,5,Medical,1,1830,Female,1,Sales Executive,Single,25660,9,Y,11,8,1,10,3,5,2,3,4,2,2,3,3,6.295518756
25,No,Travel_Rarely,Research & Development,17,3,Medical,1,1831,Male,1,Laboratory Technician,Single,199260,7,Y,11,8,3,6,5,4,0,1,1,1,2,4,3,6.377411836
33,No,Travel_Rarely,Research & Development,8,4,Life Sciences,1,1832,Male,3,Laboratory Technician,Divorced,24510,1,Y,13,8,1,9,3,9,0,8,1,1,3,2,3,6.023360136
35,No,Travel_Rarely,Sales,6,4,Medical,1,1833,Female,2,Manager,Single,94190,1,Y,24,8,1,6,5,6,1,1,3,1,2,2,4,6.895604076
36,No,Travel_Rarely,Sales,10,4,Marketing,1,1834,Male,3,Manager,Married,86860,1,Y,13,8,0,18,2,18,4,11,2,4,2,3,3,9.7108345
32,No,Travel_Rarely,Research & Development,3,4,Medical,1,1835,Female,4,Sales Executive,Divorced,30380,2,Y,20,8,0,8,3,5,0,3,2,4,2,3,4,7.831357488
30,No,Travel_Frequently,Research & Development,4,5,Medical,1,1836,Male,5,Sales Representative,Divorced,30580,9,Y,14,8,1,10,2,5,0,3,2,4,2,3,3,6.379905818
53,No,Travel_Rarely,Sales,6,3,Marketing,1,1837,Male,4,Sales Executive,Married,23250,7,Y,18,8,1,35,1,5,0,4,1,4,3,4,3,10.3638457
45,No,Travel_Rarely,Research & Development,1,5,Technical Degree,1,1838,Male,2,Healthcare Representative,Divorced,20880,4,Y,15,8,3,18,2,5,0,2,4,1,3,3,3,8.491444932
32,No,Travel_Rarely,Sales,10,3,Marketing,1,1839,Female,1,Human Resources,Married,30720,5,Y,12,8,0,9,4,5,1,3,3,3,2,1,3,6.633939604
52,No,Travel_Frequently,Research & Development,1,1,Life Sciences,1,1840,Male,2,Laboratory Technician,Married,50060,3,Y,16,8,1,31,2,9,0,0,3,4,3,3,3,7.62700591
37,No,Travel_Rarely,Sales,24,2,Life Sciences,1,1841,Female,4,Laboratory Technician,Divorced,42570,4,Y,15,8,0,9,2,1,0,0,4,3,3,3,3,6.102939624
28,No,Travel_Rarely,Research & Development,21,4,Life Sciences,1,1842,Female,1,Healthcare Representative,Divorced,25000,1,Y,16,8,2,6,3,5,0,4,2,4,3,3,3,6.29035551
22,No,Travel_Rarely,Research & Development,2,2,Life Sciences,1,1843,Male,1,Sales Representative,Married,11020,6,Y,19,8,0,4,3,2,2,2,4,4,1,2,3,6.472758112
44,No,Travel_Rarely,Research & Development,22,3,Medical,1,1844,Female,1,Laboratory Technician,Married,104530,2,Y,11,8,1,10,2,3,0,2,1,4,2,3,3,10.99195794
42,No,Travel_Frequently,Sales,13,4,Life Sciences,1,1845,Female,2,Laboratory Technician,Single,22880,5,Y,16,8,1,8,4,2,2,2,2,4,3,2,3,8.005260631
36,No,Travel_Rarely,Research & Development,14,3,Other,1,1846,Male,2,Research Scientist,Married,39290,0,Y,24,8,0,6,6,5,0,3,1,1,3,2,4,7.605230091
25,No,Travel_Rarely,Sales,11,3,Life Sciences,1,1847,Female,1,Laboratory Technician,Married,23110,1,Y,11,8,1,5,2,5,0,3,3,1,3,3,3,10.39610052
35,No,Travel_Rarely,Research & Development,9,2,Life Sciences,1,1848,Female,1,Healthcare Representative,Married,31400,1,Y,13,8,1,17,2,17,5,15,4,3,3,2,3,8.777904693
35,Yes,Travel_Frequently,Sales,8,2,Marketing,1,1849,Female,1,Laboratory Technician,Divorced,36900,1,Y,13,8,1,10,2,10,7,8,4,2,,4,3,9.974883287
32,No,Non-Travel,Research & Development,21,3,Life Sciences,1,1850,Male,1,Sales Executive,Divorced,44500,0,Y,13,8,0,4,3,3,0,2,4,4,3,3,3,7.898707783
25,No,Travel_Rarely,Sales,5,3,Marketing,1,1851,Female,4,Research Scientist,Married,27560,1,Y,12,8,2,5,2,5,0,3,3,1,4,3,3,7.782481087
49,No,Travel_Rarely,Sales,9,3,Technical Degree,1,1852,Female,2,Sales Representative,Married,190330,2,Y,18,8,1,7,5,4,0,2,3,1,3,3,3,7.517452919
24,No,Non-Travel,Research & Development,2,5,Technical Degree,1,1853,Male,2,Healthcare Representative,Married,187220,0,Y,22,8,1,6,3,5,3,4,1,4,2,3,4,7.592135934
32,No,Travel_Frequently,Research & Development,12,5,Medical,1,1854,Male,1,Research Scientist,Married,95470,1,Y,13,8,1,10,3,10,5,3,2,2,3,2,3,6.819206517
38,No,Travel_Rarely,Sales,22,2,Medical,1,1855,Male,1,Sales Executive,Married,137340,0,Y,13,8,0,3,3,2,1,2,2,2,3,4,3,6.937852388
42,No,Travel_Rarely,Research & Development,18,1,Technical Degree,1,1856,Female,2,Research Scientist,Married,199990,2,Y,23,8,1,17,6,5,1,3,3,4,2,3,4,9.599522972
31,No,Travel_Rarely,Research & Development,16,3,Life Sciences,1,1857,Female,3,Sales Executive,Married,22790,3,Y,12,8,1,8,3,6,0,2,4,4,3,3,3,10.09711473
29,Yes,Travel_Rarely,Sales,3,3,Marketing,1,1858,Male,3,Laboratory Technician,Divorced,59160,6,Y,12,8,0,5,2,3,0,2,2,3,3,3,3,9.408224932
53,No,Travel_Rarely,Research & Development,9,3,Life Sciences,1,1859,Male,1,Sales Representative,Married,20890,5,Y,16,8,0,28,2,2,2,2,1,4,3,2,3,6.412745821
35,No,Travel_Rarely,Research & Development,1,3,Life Sciences,1,1860,Male,3,Healthcare Representative,Married,167920,3,Y,12,8,1,16,3,13,4,8,4,2,3,4,3,7.119608586
37,No,Travel_Frequently,Research & Development,13,4,Life Sciences,1,1861,Female,3,Human Resources,Married,35640,5,Y,11,8,0,10,1,5,0,0,3,4,3,1,3,7.401235078
53,No,Travel_Rarely,Research & Development,1,1,Medical,1,1862,Male,1,Sales Executive,Single,44250,6,Y,22,8,1,33,2,12,3,8,4,4,3,4,4,6.695520977
43,No,Travel_Frequently,Research & Development,1,3,Medical,1,1863,Male,1,Laboratory Technician,Married,52650,4,Y,11,8,1,12,4,5,2,2,4,4,2,3,3,7.641500722
47,No,Travel_Rarely,Sales,15,4,Marketing,1,1864,Female,3,Research Director,Married,65530,0,Y,15,8,0,8,2,7,7,7,3,4,3,3,3,10.67666667
37,No,Non-Travel,Research & Development,1,5,Medical,1,1865,Female,2,Research Scientist,Single,62610,1,Y,12,8,0,10,1,10,0,9,1,2,3,3,3,8.27565086
50,No,Non-Travel,Research & Development,17,3,Medical,1,1866,Female,1,Laboratory Technician,Divorced,42980,1,Y,20,8,1,31,6,31,14,7,1,1,3,3,4,6.584802114
39,No,Travel_Rarely,Research & Development,1,3,Other,1,1867,Female,3,Human Resources,Married,68040,8,Y,14,8,1,13,3,5,0,4,4,4,3,2,3,6.927850445
33,No,Travel_Rarely,Sales,7,3,Life Sciences,1,1868,Male,2,Manufacturing Director,Divorced,38150,3,Y,11,8,1,7,3,4,0,3,4,2,4,3,3,9.426710466
32,Yes,Travel_Rarely,Research & Development,9,1,Medical,1,1869,Female,1,Laboratory Technician,Single,27410,1,Y,15,8,1,1,5,1,0,1,1,4,1,2,3,9.998582499
29,No,Travel_Rarely,Research & Development,5,4,Life Sciences,1,1870,Female,4,Healthcare Representative,Divorced,66730,6,Y,12,8,1,8,2,4,0,3,1,4,3,4,3,6.395422954
44,No,Travel_Rarely,Research & Development,26,2,Life Sciences,1,1871,Male,2,Manufacturing Director,Married,76390,1,Y,14,8,0,8,6,8,7,1,2,1,3,3,3,9.816530172
28,No,Travel_Rarely,Sales,24,5,Life Sciences,1,1872,Female,1,Research Scientist,Single,23280,1,Y,11,8,2,4,3,4,0,2,1,4,3,3,3,6.429393939
58,Yes,Travel_Frequently,Sales,9,2,Technical Degree,1,1873,Male,1,Sales Executive,Divorced,21530,9,Y,11,8,0,3,3,1,0,0,4,4,2,3,3,10.50338563
43,No,Travel_Rarely,Sales,7,4,Marketing,1,1874,Male,2,Sales Executive,Divorced,48760,4,Y,16,8,2,4,4,1,0,0,1,2,4,3,3,6.603793981
20,Yes,Travel_Rarely,Research & Development,11,3,Medical,1,1875,Male,2,Sales Executive,Single,93960,1,Y,12,8,0,2,6,2,0,2,3,3,2,1,3,7.130230716
21,Yes,Travel_Rarely,Research & Development,1,3,Medical,1,1876,Male,2,Sales Executive,Single,104000,1,Y,13,8,1,1,2,1,0,0,4,4,2,3,3,7.927981562
36,No,Travel_Rarely,Research & Development,26,4,Medical,1,1877,Male,1,Laboratory Technician,Married,84740,0,Y,14,8,0,17,3,16,4,11,3,4,2,3,3,10.27396312
47,No,Travel_Rarely,Research & Development,2,3,Life Sciences,1,1878,Male,2,Manufacturing Director,Single,99810,1,Y,21,8,1,3,3,3,1,2,4,4,2,3,4,8.480695011
22,Yes,Travel_Rarely,Research & Development,15,4,Life Sciences,1,1879,Female,1,Laboratory Technician,Married,124900,0,Y,13,8,0,4,3,3,0,2,2,3,4,3,3,9.814876801
41,Yes,Travel_Rarely,Research & Development,23,3,Life Sciences,1,1880,Female,2,Sales Executive,Divorced,26570,4,Y,11,8,0,10,3,7,1,0,2,4,2,4,3,10.44849428
28,No,Travel_Rarely,Research & Development,10,3,Life Sciences,1,1881,Female,3,Manager,Divorced,135910,5,Y,20,8,1,6,2,2,2,2,3,3,3,3,4,7.680597678
39,Yes,Travel_Rarely,Research & Development,10,4,Life Sciences,1,1882,Female,4,Human Resources,Married,66960,7,Y,11,8,0,8,3,2,2,2,4,1,1,3,3,10.69226602
27,No,Travel_Rarely,Research & Development,1,3,Medical,1,1883,Male,1,Research Scientist,Single,20580,1,Y,14,8,1,1,5,1,0,0,2,3,3,3,3,7.698942495
34,No,Travel_Rarely,Research & Development,12,2,Technical Degree,1,1884,Male,2,Human Resources,Divorced,88650,1,Y,11,8,1,1,0,1,1,0,2,2,3,3,3,7.689139128
42,No,Travel_Rarely,Sales,11,1,Technical Degree,1,1885,Male,2,Human Resources,Single,59400,7,Y,16,8,0,10,2,5,0,3,3,3,3,2,3,6.935080409
33,No,Travel_Rarely,Sales,2,3,Marketing,1,1886,Female,1,Sales Executive,Single,59140,3,Y,16,8,1,6,4,3,0,2,3,1,3,3,3,10.52898262
58,No,Travel_Rarely,Research & Development,2,4,Life Sciences,1,1887,Male,1,Research Scientist,Divorced,26220,2,Y,23,8,0,24,3,6,0,4,3,2,3,3,4,8.276629867
31,No,Travel_Rarely,Sales,1,3,Life Sciences,1,1888,Female,1,Sales Representative,Married,121850,3,Y,14,8,0,13,2,7,5,2,2,3,4,3,3,6.118653199
35,No,Travel_Rarely,Research & Development,2,1,Life Sciences,1,1889,Male,3,Healthcare Representative,Married,106090,1,Y,22,8,0,10,3,10,0,7,4,4,1,3,4,10.39381549
49,No,Travel_Rarely,Research & Development,25,2,Life Sciences,1,1890,Female,2,Sales Executive,Married,43450,4,Y,15,8,0,29,3,26,1,7,1,2,2,2,3,6.988901019
48,No,Travel_Rarely,Research & Development,1,4,Medical,1,1891,Male,1,Research Scientist,Married,21770,4,Y,18,8,0,13,4,0,0,0,4,3,2,3,3,6.698589652
31,No,Non-Travel,Research & Development,1,2,Technical Degree,1,1892,Female,2,Sales Executive,Married,27930,1,Y,16,8,0,9,4,9,0,0,4,3,2,3,3,7.084774743
36,No,Travel_Rarely,Human Resources,2,4,Technical Degree,1,1893,Male,1,Sales Executive,Single,79180,2,Y,12,8,2,8,3,6,0,1,2,4,3,2,3,6.518061416
38,No,Travel_Rarely,Sales,6,3,Other,1,1894,Male,2,Sales Executive,Married,87890,1,Y,11,8,3,15,4,15,5,11,4,1,3,3,3,7.100772386
32,No,Non-Travel,Sales,18,3,Marketing,1,1895,Male,1,Laboratory Technician,Married,23890,6,Y,12,8,1,5,4,3,0,2,3,2,3,2,3,7.12961503
25,Yes,Travel_Rarely,Research & Development,1,2,Life Sciences,1,1896,Male,1,Sales Executive,Married,32120,1,Y,15,8,1,1,3,1,0,0,3,2,3,2,3,8.878624339
40,No,Travel_Rarely,Research & Development,1,4,Medical,1,1897,Male,2,Research Scientist,Divorced,192320,2,Y,14,8,1,11,3,1,0,0,1,2,2,3,3,6.146567633
26,No,Travel_Frequently,Sales,11,3,Marketing,1,1898,Male,2,Healthcare Representative,Single,22670,1,Y,19,8,3,7,2,7,0,7,3,1,3,2,3,7.61793617
41,No,Travel_Rarely,Research & Development,1,4,Medical,1,1899,Male,1,Research Scientist,Single,195170,2,Y,13,8,0,20,5,18,2,17,4,1,3,3,3,10.68059746
36,No,Travel_Rarely,Research & Development,9,3,Life Sciences,1,1900,Female,2,Healthcare Representative,Single,24360,4,Y,13,8,0,16,3,11,3,9,3,3,3,1,3,7.103128336
19,Yes,Travel_Rarely,Research & Development,15,3,Life Sciences,1,1901,Male,2,Research Scientist,Single,160640,1,Y,15,8,1,1,3,1,0,0,4,2,4,3,3,10.60369703
20,Yes,Travel_Rarely,Research & Development,29,3,Life Sciences,1,1902,Female,3,Laboratory Technician,Single,27070,1,Y,11,8,0,1,2,1,0,0,1,1,3,3,3,6.124794945
31,No,Travel_Rarely,Research & Development,1,4,Life Sciences,1,1903,Male,4,Research Director,Married,190680,0,Y,12,8,0,10,1,9,8,5,4,4,1,3,3,8.312946344
40,No,Travel_Frequently,Sales,1,3,Marketing,1,1904,Male,1,Research Scientist,Divorced,39310,8,Y,19,8,0,3,2,1,0,0,4,2,3,2,3,8.087346987
32,No,Travel_Rarely,Research & Development,24,3,Life Sciences,1,1905,Male,4,Laboratory Technician,Married,37300,1,Y,25,8,1,8,4,8,6,3,3,1,4,3,4,7.884835434
36,Yes,Travel_Rarely,Research & Development,10,3,Medical,1,1906,Male,3,Sales Executive,Married,22320,1,Y,12,8,1,16,2,16,3,7,3,4,3,3,3,9.798302083
33,No,Travel_Rarely,Research & Development,1,4,Medical,1,1907,Female,4,Manufacturing Director,Single,44650,0,Y,13,8,0,6,3,5,1,4,2,4,3,3,3,6.025150463
37,Yes,Travel_Rarely,Sales,10,4,Marketing,1,1908,Female,3,Human Resources,Married,30720,5,Y,14,8,0,17,3,14,11,7,1,3,1,2,3,6.278001713
45,No,Non-Travel,Research & Development,8,1,Life Sciences,1,1909,Male,2,Sales Executive,Married,33190,1,Y,12,8,1,9,3,9,0,8,3,2,2,3,3,6.265175926
29,No,Travel_Frequently,Research & Development,29,1,Life Sciences,1,1910,Male,1,Sales Representative,Married,192020,1,Y,12,8,0,3,5,3,0,2,3,,3,3,3,7.607713415
35,No,Travel_Rarely,Human Resources,1,3,Human Resources,1,1911,Male,3,Laboratory Technician,Married,136750,1,Y,15,8,3,5,5,5,1,0,3,3,3,2,3,6.359511785
52,No,Travel_Rarely,Research & Development,5,4,Other,1,1912,Male,1,Laboratory Technician,Married,29110,2,Y,17,8,2,26,3,9,7,8,4,4,,3,3,7.022838115
58,Yes,Travel_Rarely,Sales,9,2,Medical,1,1913,Female,4,Sales Executive,Single,59570,4,Y,14,8,1,7,2,1,0,0,4,3,3,1,3,7.523892318
53,No,Travel_Rarely,Research & Development,9,3,Technical Degree,1,1914,Male,1,Manager,Divorced,39200,6,Y,16,8,1,22,3,17,15,2,3,3,4,3,3,6.507214944
30,No,Travel_Rarely,Sales,3,4,Marketing,1,1915,Male,1,Sales Executive,Divorced,64340,5,Y,14,8,1,10,3,8,7,7,3,3,4,2,3,8.010463728
38,No,Non-Travel,Sales,4,3,Life Sciences,1,1916,Male,2,Research Director,Single,100480,1,Y,23,8,1,6,2,5,1,3,3,4,3,3,4,8.107534578
35,No,Travel_Rarely,Sales,1,2,Life Sciences,1,1917,Female,2,Healthcare Representative,Divorced,109380,6,Y,14,8,2,12,2,10,0,8,4,4,3,1,3,7.291010768
39,No,Travel_Rarely,Sales,1,1,Marketing,1,1918,Male,2,Research Scientist,Single,23400,0,Y,11,8,1,9,2,8,0,7,1,3,3,2,3,6.52447056
40,Yes,Non-Travel,Research & Development,2,4,Life Sciences,1,1919,Male,1,Human Resources,Single,65450,4,Y,15,8,0,22,2,1,0,0,2,2,2,3,3,9.496721982
47,No,Travel_Frequently,Research & Development,7,4,Life Sciences,1,1920,Male,3,Sales Executive,Divorced,69310,1,Y,11,8,0,20,3,19,2,7,3,3,4,3,3,10.11213505
36,No,Non-Travel,Sales,28,1,Life Sciences,1,1921,Male,2,Research Scientist,Divorced,48980,4,Y,13,8,1,12,3,7,0,7,1,4,3,3,3,6.763366621
31,Yes,Non-Travel,Research & Development,28,4,Medical,1,1922,Male,2,Research Scientist,Single,25930,0,Y,21,8,0,4,2,3,1,2,3,1,3,3,4,8.197051554
33,No,Non-Travel,Sales,15,3,Other,1,1923,Male,4,Research Director,Single,194360,1,Y,19,8,2,10,4,10,6,0,4,3,3,3,3,7.913949952
29,Yes,Travel_Rarely,Human Resources,3,5,Life Sciences,1,1924,Male,1,Sales Executive,Single,27230,6,Y,11,8,1,3,2,0,0,0,4,1,3,2,3,10.29880646
33,No,Travel_Rarely,Research & Development,2,2,Technical Degree,1,1925,Male,2,Laboratory Technician,Single,34790,3,Y,12,8,0,5,3,3,0,2,2,4,3,3,3,7.516345599
45,No,Travel_Rarely,Research & Development,26,1,Medical,1,1926,Female,3,Healthcare Representative,Divorced,27940,3,Y,19,8,1,8,2,5,0,2,4,4,3,3,3,6.998797112
50,No,Travel_Rarely,Sales,10,1,Life Sciences,1,1927,Female,1,Manufacturing Director,Divorced,52490,9,Y,21,8,2,32,2,5,1,3,4,4,2,2,4,7.395396486
33,No,Travel_Frequently,Sales,1,3,Marketing,1,1928,Male,2,Human Resources,Married,21760,1,Y,14,8,1,6,2,6,1,2,3,2,3,2,3,8.975154959
41,No,Travel_Frequently,Sales,11,3,Other,1,1929,Male,1,Laboratory Technician,Divorced,168720,2,Y,15,8,1,21,2,18,0,11,1,3,4,3,3,7.890107957
27,No,Travel_Rarely,Research & Development,20,4,Other,1,1930,Male,2,Manufacturing Director,Married,34850,9,Y,17,8,2,4,2,2,2,2,3,2,3,3,3,7.092681011
45,No,Non-Travel,Sales,2,3,Medical,1,1931,Female,1,Sales Executive,Married,66440,1,Y,12,8,0,9,3,9,0,8,4,1,3,4,3,8.691242031
47,No,Travel_Rarely,Sales,18,4,Medical,1,1932,Female,2,Research Scientist,Single,55820,1,Y,16,8,0,9,3,9,0,7,4,4,3,3,3,8.015667824
30,Yes,Travel_Rarely,Sales,2,3,Life Sciences,1,1933,Male,2,Healthcare Representative,Married,40000,4,Y,12,8,0,7,5,5,0,1,1,3,3,2,3,10.4891978
50,No,Travel_Rarely,Research & Development,1,3,Technical Degree,1,1934,Female,2,Sales Executive,Married,134960,3,Y,18,8,1,22,3,12,1,5,4,3,3,3,3,9.492560836
38,No,Travel_Frequently,Research & Development,13,3,Technical Degree,1,1935,Male,1,Manufacturing Director,Married,32100,0,Y,17,8,2,3,5,2,0,2,3,3,2,2,3,7.698125301
46,No,Travel_Rarely,Research & Development,28,3,Medical,1,1936,Female,3,Human Resources,Divorced,190450,6,Y,11,8,3,13,2,8,0,7,4,3,3,3,3,6.909803051
24,No,Travel_Rarely,Sales,28,3,Life Sciences,1,1937,Female,1,Healthcare Representative,Divorced,118490,1,Y,16,8,1,5,3,4,3,2,4,3,3,3,3,6.552236287
35,Yes,Travel_Rarely,Sales,24,3,Medical,1,1938,Male,3,Healthcare Representative,Divorced,20700,1,Y,13,8,3,5,1,4,0,2,3,2,1,2,3,9.331365176
31,No,Travel_Frequently,Research & Development,5,2,Technical Degree,1,1939,Male,2,Sales Executive,Married,65020,1,Y,12,8,0,4,3,4,0,3,3,1,3,3,3,6.27269925
18,No,Non-Travel,Sales,5,4,Other,1,1940,Male,2,Manager,Single,32300,1,Y,12,8,1,0,3,0,0,0,2,4,3,3,3,6.32185307
54,No,Travel_Rarely,Sales,23,3,Medical,1,1941,Female,1,Laboratory Technician,Married,136030,8,Y,13,8,1,22,2,10,0,8,3,3,3,3,3,6.600274276
35,No,Travel_Rarely,Research & Development,6,4,Medical,1,1942,Female,1,Manufacturing Director,Divorced,119960,1,Y,19,8,2,16,3,16,10,1,3,3,2,3,3,9.598844907
30,No,Travel_Rarely,Research & Development,4,3,Life Sciences,1,1943,Female,5,Healthcare Representative,Married,56050,0,Y,12,8,1,9,0,8,1,7,2,1,2,2,3,10.09874658
20,Yes,Travel_Rarely,Research & Development,2,2,Life Sciences,1,1944,Female,2,Research Scientist,Single,63970,1,Y,17,8,1,1,3,1,0,0,4,1,3,3,3,8.311527171
30,Yes,Travel_Frequently,Research & Development,8,4,Medical,1,1945,Male,1,Sales Executive,Single,191440,0,Y,11,8,0,4,3,3,1,2,2,2,3,3,3,7.594958678
26,No,Travel_Rarely,Sales,1,3,Marketing,1,1946,Female,2,Research Scientist,Married,175840,1,Y,20,8,0,8,2,8,1,3,4,4,3,3,4,7.939711493
22,No,Travel_Rarely,Research & Development,8,3,Other,1,1947,Male,2,Sales Representative,Married,49070,1,Y,21,8,1,4,2,4,1,1,2,1,2,3,4,7.302466475
48,No,Travel_Rarely,Human Resources,2,4,Medical,1,1948,Male,2,Sales Executive,Single,45540,2,Y,11,8,2,19,3,2,2,2,1,3,3,3,3,8.018559102
48,No,Travel_Rarely,Sales,3,3,Medical,1,1949,Male,1,Research Director,Single,54150,7,Y,11,8,1,27,1,15,4,8,3,3,3,3,3,6.501231884
41,No,Travel_Rarely,Research & Development,2,3,Life Sciences,1,1950,Male,2,Research Scientist,Single,47410,6,Y,16,8,0,8,3,2,2,1,4,3,3,3,3,6.912519353
39,No,Travel_Rarely,Sales,2,3,Life Sciences,1,1951,Male,3,Human Resources,Married,21150,1,Y,18,8,0,21,3,21,11,8,4,4,3,4,3,7.095823129
27,No,Travel_Rarely,Research & Development,3,3,Life Sciences,1,1952,Male,2,Human Resources,Married,31610,0,Y,13,8,2,4,0,3,2,2,1,4,3,3,3,7.298778935
35,No,Travel_Rarely,Sales,24,3,Medical,1,1953,Male,5,Sales Executive,Divorced,57450,1,Y,17,8,3,3,4,3,1,2,2,4,2,3,3,6.932994754
42,No,Travel_Rarely,Research & Development,23,4,Other,1,1954,Male,1,Research Scientist,Married,23730,6,Y,14,8,1,21,3,1,0,0,4,3,,4,3,8.008321412
50,No,Travel_Rarely,Sales,27,3,Medical,1,1955,Male,2,Sales Executive,Married,33100,4,Y,22,8,1,8,3,1,0,0,1,4,3,4,4,6.182229469
59,No,Travel_Rarely,Research & Development,16,4,Medical,1,1956,Female,5,Laboratory Technician,Single,186650,3,Y,12,8,0,30,3,5,4,3,3,4,3,2,3,10.11492259
37,Yes,Travel_Rarely,Sales,15,3,Marketing,1,1957,Male,2,Laboratory Technician,Married,44850,5,Y,11,8,1,15,2,1,0,0,1,2,1,4,3,6.593880821
55,No,Travel_Frequently,Research & Development,26,2,Life Sciences,1,1958,Female,2,Sales Executive,Married,27890,3,Y,13,8,1,17,2,8,6,7,3,2,3,2,3,8.587631459
41,No,Non-Travel,Research & Development,19,1,Life Sciences,1,1959,Male,2,Research Scientist,Divorced,58280,1,Y,13,8,0,21,0,21,5,10,2,3,3,3,3,6.287888177
38,No,Travel_Rarely,Research & Development,24,2,Other,1,1960,Female,1,Laboratory Technician,Single,23260,8,Y,14,8,0,19,3,1,0,0,2,4,3,4,3,8.395889578
26,Yes,Non-Travel,Research & Development,21,1,Life Sciences,1,1961,Female,1,Manufacturing Director,Single,135250,8,Y,17,8,1,7,4,2,2,2,2,1,3,2,3,7.712278255
52,Yes,Travel_Rarely,Research & Development,5,4,Medical,1,1962,Female,4,Human Resources,Married,14200,1,Y,13,8,1,33,2,32,6,9,1,4,3,4,3,6.017824074
44,No,Travel_Rarely,Research & Development,16,3,Life Sciences,1,1963,Female,1,Healthcare Representative,Married,80200,3,Y,11,8,1,23,2,12,11,11,4,4,3,3,3,10.90364316
50,No,Non-Travel,Human Resources,2,2,Life Sciences,1,1964,Male,1,Laboratory Technician,Married,36880,0,Y,11,8,0,19,3,18,0,13,4,3,3,2,3,6.506327026
36,Yes,Travel_Rarely,Sales,2,4,Technical Degree,1,1965,Male,4,Sales Executive,Single,54820,1,Y,18,8,0,18,3,17,15,14,3,1,3,3,3,7.778434449
39,No,Travel_Frequently,Sales,11,3,Marketing,1,1966,Male,1,Sales Executive,Single,160150,1,Y,11,8,0,21,3,21,2,8,4,1,3,4,3,10.8196887
33,No,Non-Travel,Sales,9,2,Technical Degree,1,1967,Male,5,Sales Representative,Single,12000,0,Y,11,8,1,3,3,2,2,2,2,4,2,3,3,7.57904321
45,No,Travel_Rarely,Research & Development,7,2,Other,1,1968,Male,1,Human Resources,Married,56610,3,Y,12,8,0,26,2,9,1,1,4,4,4,2,3,7.403393108
32,No,Non-Travel,Research & Development,15,3,Medical,1,1969,Male,2,Manager,Single,69290,9,Y,20,8,0,10,6,8,7,7,4,3,3,1,4,7.229423077
34,No,Travel_Rarely,Sales,6,4,Marketing,1,1970,Male,2,Research Director,Divorced,96130,0,Y,12,8,1,16,5,15,0,9,2,4,2,2,3,7.093754173
59,No,Travel_Rarely,Research & Development,5,3,Life Sciences,1,1971,Male,2,Research Scientist,Married,56740,3,Y,12,8,0,14,6,6,0,4,2,4,1,3,3,8.101909008
45,No,Travel_Rarely,Research & Development,16,1,Medical,1,1972,Male,2,Sales Executive,Single,54840,1,Y,20,8,3,6,6,6,0,4,2,2,3,3,4,6.705666438
53,No,Travel_Frequently,Sales,8,2,Medical,1,1973,Male,2,Research Scientist,Married,120610,2,Y,20,8,1,30,2,15,6,12,3,2,3,4,4,7.802464976
36,Yes,Travel_Rarely,Research & Development,7,2,Life Sciences,1,1974,Female,1,Research Scientist,Divorced,56600,7,Y,12,8,0,9,3,1,0,0,1,3,2,3,3,6.082717128
26,Yes,Travel_Frequently,Sales,2,3,Life Sciences,1,1975,Male,2,Research Scientist,Married,48210,6,Y,14,8,2,6,2,3,1,2,1,1,3,3,3,8.196520891
34,No,Travel_Rarely,Research & Development,2,2,Life Sciences,1,1976,Male,1,Sales Representative,Married,64100,1,Y,13,8,1,1,5,1,0,0,3,3,3,2,3,9.193808717
28,No,Travel_Rarely,Research & Development,10,3,Other,1,1977,Male,2,Sales Representative,Married,52100,1,Y,15,8,0,1,1,1,0,0,4,2,3,4,3,7.835804637
38,No,Travel_Frequently,Sales,9,4,Medical,1,1978,Male,2,Research Scientist,Married,26950,3,Y,14,8,1,8,4,2,2,2,3,3,3,1,3,7.572165509
50,No,Travel_Rarely,Research & Development,5,4,Life Sciences,1,1979,Male,1,Sales Executive,Married,118780,2,Y,13,8,1,29,2,8,7,7,2,3,2,3,3,9.595780262
37,No,Travel_Rarely,Research & Development,1,3,Life Sciences,1,1980,Male,1,Laboratory Technician,Single,170680,3,Y,23,8,0,8,6,4,0,1,4,2,2,3,4,7.308251208
40,No,Travel_Rarely,Human Resources,2,3,Medical,1,1981,Male,5,Sales Executive,Married,24550,1,Y,15,8,1,8,2,7,7,5,3,1,2,3,3,6.077394297
26,No,Travel_Frequently,Research & Development,3,3,Medical,1,1982,Male,2,Laboratory Technician,Divorced,139640,1,Y,11,8,2,5,1,5,1,3,1,3,3,2,3,7.705097281
46,No,Travel_Rarely,Research & Development,2,1,Medical,1,1983,Female,3,Research Scientist,Divorced,49410,9,Y,13,8,2,23,2,2,2,2,4,4,3,2,3,7.416584491
54,No,Travel_Rarely,Research & Development,5,3,Medical,1,1984,Female,2,Manufacturing Director,Married,24780,6,Y,11,8,0,13,0,9,7,0,3,3,3,3,3,7.663896167
56,No,Travel_Frequently,Research & Development,1,2,Life Sciences,1,1985,Female,2,Manufacturing Director,Married,52280,2,Y,11,8,0,18,4,5,0,3,1,3,3,3,3,6.907202297
36,No,Travel_Rarely,Research & Development,4,2,Life Sciences,1,1986,Female,2,Human Resources,Single,44780,0,Y,18,8,1,15,3,14,7,8,4,4,2,3,3,6.615435145
55,No,Non-Travel,Research & Development,2,3,Medical,1,1987,Female,2,Manager,Single,75470,7,Y,16,8,0,31,2,9,6,2,3,1,4,2,3,6.079126492
43,No,Travel_Rarely,Sales,25,2,Life Sciences,1,1988,Male,3,Research Scientist,Divorced,50550,5,Y,22,8,0,18,2,1,0,0,3,4,3,2,4,7.91731403
20,Yes,Travel_Frequently,Sales,8,3,Marketing,1,1989,Male,3,Sales Executive,Single,34640,1,Y,20,8,0,2,3,2,0,2,4,4,3,2,4,9.131183523
21,Yes,Travel_Rarely,Research & Development,1,4,Life Sciences,1,1990,Male,1,Manager,Single,57750,1,Y,18,8,0,1,2,1,1,0,3,1,2,3,3,6.645199094
46,No,Travel_Rarely,Sales,12,3,Marketing,1,1991,Female,3,Healthcare Representative,Divorced,89430,8,Y,12,8,1,19,6,16,1,7,4,1,3,3,3,10.97084705
51,Yes,Travel_Rarely,Sales,23,3,Medical,1,1992,Female,2,Research Scientist,Married,192720,9,Y,20,8,0,18,2,10,2,7,1,3,4,3,4,8.685112065
28,Yes,Non-Travel,Research & Development,19,4,Life Sciences,1,1993,Female,4,Laboratory Technician,Single,52380,1,Y,17,8,1,10,4,10,1,9,2,1,2,2,3,7.391012397
26,No,Travel_Rarely,Research & Development,5,4,Medical,1,1994,Female,2,Sales Executive,Married,46820,1,Y,11,8,1,6,3,5,1,3,1,1,3,1,3,7.490146924
30,No,Travel_Rarely,Research & Development,8,3,Medical,1,1995,Female,1,Sales Executive,Married,183000,0,Y,14,8,0,7,6,6,0,2,3,1,2,3,3,6.240185185
41,No,Travel_Rarely,Sales,1,4,Life Sciences,1,1996,Female,1,Research Director,Married,52570,1,Y,14,8,0,10,2,10,0,8,2,3,3,4,3,7.893505669
38,No,Travel_Rarely,Research & Development,5,3,Technical Degree,1,1997,Male,1,Sales Executive,Married,63490,,Y,11,8,0,20,3,19,1,9,3,3,2,3,3,7.289444444
40,No,Travel_Rarely,Sales,1,4,Marketing,1,1998,Male,1,Sales Executive,Married,48690,4,Y,12,8,0,14,2,11,11,1,1,4,3,3,3,7.923896042
27,No,Non-Travel,Sales,11,3,Technical Degree,1,1999,Female,2,Laboratory Technician,Married,99850,1,Y,14,8,1,3,3,3,1,2,1,3,3,2,3,7.991452282
55,No,Travel_Frequently,Research & Development,23,5,Life Sciences,1,2000,Male,3,Laboratory Technician,Married,36970,3,Y,13,8,1,23,1,3,1,2,4,2,3,3,3,6.704065972
28,No,Travel_Rarely,Research & Development,1,3,Life Sciences,1,2001,Male,2,Healthcare Representative,Single,74570,3,Y,11,8,2,10,1,8,1,7,3,3,4,4,3,6.568142792
44,Yes,Travel_Rarely,Research & Development,18,4,Life Sciences,1,2002,Female,2,Sales Executive,Married,21190,9,Y,15,8,0,24,3,20,3,6,2,1,3,3,3,6.171379185
33,No,Travel_Rarely,Sales,23,4,Marketing,1,2003,Female,4,Sales Executive,Divorced,39830,4,Y,12,8,0,9,3,3,1,2,4,4,3,3,3,6.38026749
35,Yes,Travel_Rarely,Sales,7,4,Life Sciences,1,2004,Male,3,Sales Representative,Single,61180,0,Y,21,8,1,9,3,8,4,7,4,1,3,2,4,9.78184322
33,Yes,Travel_Frequently,Research & Development,1,2,Life Sciences,1,2005,Female,1,Sales Executive,Single,62140,1,Y,19,8,2,14,3,13,3,8,1,3,3,3,3,7.778514292
28,No,Travel_Rarely,Human Resources,1,1,Human Resources,1,2006,Male,2,Research Scientist,Divorced,63470,1,Y,15,8,1,4,2,4,2,2,1,3,2,3,3,6.709533195
34,No,Travel_Frequently,Sales,29,4,Marketing,1,2007,Male,1,Research Scientist,Single,115100,0,Y,14,8,1,7,5,6,0,4,1,4,2,3,3,6.721144958
37,No,Travel_Rarely,Research & Development,7,4,Life Sciences,1,2008,Male,4,Sales Executive,Divorced,71430,2,Y,21,8,0,8,6,1,0,0,4,4,3,2,4,10.59214595
25,Yes,Travel_Rarely,Human Resources,25,4,Human Resources,1,2009,Female,2,Research Scientist,Married,82680,1,Y,12,8,0,7,3,7,5,6,4,4,4,2,3,10.86567426
26,Yes,Travel_Rarely,Sales,8,2,Marketing,1,2010,Male,2,Sales Executive,Divorced,80950,1,Y,15,8,0,1,3,1,0,0,1,3,2,4,3,7.789679304
33,Yes,Travel_Rarely,Research & Development,8,2,Life Sciences,1,2011,Male,4,Manufacturing Director,Single,29040,4,Y,13,8,0,5,2,2,2,2,1,2,3,3,3,10.21621542
42,No,Travel_Rarely,Research & Development,11,1,Life Sciences,1,2012,Male,4,Research Scientist,Married,60320,0,Y,14,8,0,23,2,22,13,7,4,1,3,2,3,6.808238426
28,Yes,Travel_Frequently,Research & Development,7,3,Life Sciences,1,2013,Male,2,Manager,Divorced,29760,1,Y,14,8,0,1,3,1,0,0,1,2,3,3,3,6.281261135
50,Yes,Travel_Frequently,Research & Development,1,4,Medical,1,2014,Male,2,Research Scientist,Single,159920,3,Y,14,8,0,5,3,0,0,0,4,3,3,3,3,10.50878561
33,No,Travel_Frequently,Sales,9,3,Medical,1,2015,Female,2,Research Scientist,Married,46490,0,Y,12,8,0,4,2,3,0,2,4,2,3,2,3,8.008199153
34,No,Non-Travel,Sales,1,1,Marketing,1,2016,Female,2,Research Director,Married,26960,3,Y,23,8,0,6,3,0,0,0,3,4,3,3,4,7.104967993
48,No,Non-Travel,Sales,2,1,Life Sciences,1,2017,Male,2,Sales Executive,Single,23700,2,Y,11,8,0,27,3,5,2,1,1,4,,3,3,6.198536325
45,No,Non-Travel,Research & Development,1,3,Medical,1,2018,Female,2,Human Resources,Married,125040,1,Y,12,8,1,15,2,15,4,12,2,3,3,3,3,6.020285914
52,No,Travel_Rarely,Sales,1,3,Life Sciences,1,2019,Male,1,Sales Executive,Single,59740,7,Y,18,8,1,18,6,8,4,0,2,2,3,3,3,8.013191412
38,No,Travel_Rarely,Research & Development,6,2,Medical,1,2020,Male,1,Research Scientist,Divorced,47360,0,Y,11,8,1,9,3,8,2,7,3,3,3,2,3,10.69246165
29,No,Travel_Rarely,Research & Development,8,3,Medical,1,2021,Female,4,Research Scientist,Divorced,52960,4,Y,14,8,0,11,3,7,1,7,3,4,3,4,3,6.314566116
28,No,Travel_Rarely,Human Resources,1,3,Human Resources,1,2022,Female,4,Laboratory Technician,Divorced,67810,0,Y,15,8,1,10,2,9,1,7,4,2,2,3,3,6.909151102
46,No,Travel_Rarely,Research & Development,6,4,Medical,1,2023,Male,3,Sales Executive,Married,21740,3,Y,11,8,1,23,3,12,4,9,1,3,3,3,3,6.393413225
38,No,Travel_Rarely,Research & Development,7,4,Medical,1,2024,Male,1,Sales Executive,Single,66530,7,Y,20,8,1,10,2,1,0,0,4,2,3,3,4,7.378476431
43,No,Travel_Frequently,Research & Development,5,3,Medical,1,2025,Female,2,Laboratory Technician,Married,96990,8,Y,19,8,1,18,3,8,0,1,3,1,3,3,3,7.070169881
39,Yes,Travel_Frequently,Sales,1,3,Marketing,1,2026,Male,2,Healthcare Representative,Divorced,67550,7,Y,14,8,1,21,2,18,11,5,1,4,3,3,3,7.210405143
40,No,Travel_Rarely,Research & Development,1,1,Life Sciences,1,2027,Male,1,Healthcare Representative,Single,22130,1,Y,17,8,0,21,4,20,4,9,3,3,4,3,3,6.00847508
21,No,Travel_Rarely,Research & Development,1,4,Life Sciences,1,2028,Female,1,Research Scientist,Single,26100,1,Y,11,8,1,2,3,2,2,2,4,2,4,2,3,10.50781506
39,No,Non-Travel,Research & Development,6,3,Life Sciences,1,2029,Male,1,Laboratory Technician,Single,28510,9,Y,15,8,0,9,2,5,0,3,3,2,2,3,3,6.212142204
36,No,Non-Travel,Research & Development,1,3,Medical,1,2030,Male,3,Sales Representative,Single,34520,2,Y,13,8,3,18,4,11,0,9,1,4,3,4,3,7.214043468
31,No,Travel_Frequently,Research & Development,7,3,Life Sciences,1,2031,Male,1,Sales Executive,Married,52580,0,Y,14,8,3,3,5,2,2,2,3,4,3,3,3,6.611494929
28,No,Travel_Rarely,Sales,2,4,Marketing,1,2032,Male,1,Sales Executive,Married,93550,0,Y,11,8,0,6,4,5,0,4,1,2,1,3,3,7.515389123
35,No,Travel_Frequently,Research & Development,9,2,Other,1,2033,Female,1,Manufacturing Director,Divorced,104960,1,Y,13,8,1,5,2,5,0,2,4,4,3,3,3,6.602540382
49,No,Travel_Rarely,Sales,2,2,Medical,1,2034,Female,1,Sales Executive,Married,63800,6,Y,23,8,1,22,1,9,2,3,4,2,3,2,4,7.179248024
34,No,Travel_Frequently,Sales,9,1,Technical Degree,1,2035,Male,2,Sales Executive,Single,26570,2,Y,13,8,1,5,3,3,0,2,4,3,2,2,3,8.006655188
29,No,Travel_Frequently,Research & Development,1,4,Medical,1,2036,Male,3,Research Scientist,Divorced,27160,0,Y,18,8,0,8,2,7,1,1,4,2,2,1,3,7.090194444
42,No,Travel_Rarely,Sales,21,2,Life Sciences,1,2037,Female,1,Healthcare Representative,Single,22010,4,Y,12,8,1,16,3,1,0,0,2,4,3,4,3,7.204965127
29,No,Travel_Rarely,Sales,4,2,Other,1,2038,Female,2,Healthcare Representative,Married,65400,1,Y,22,8,0,10,2,10,1,2,2,4,2,1,4,10.86811134
38,No,Travel_Rarely,Research & Development,1,3,Medical,1,2039,Female,1,Human Resources,Married,38160,1,Y,13,8,2,7,2,7,5,0,3,3,4,2,3,6.522217412
28,No,Travel_Frequently,Sales,6,4,Life Sciences,1,2040,Male,1,Manager,Divorced,52530,1,Y,15,8,0,3,2,3,0,2,3,3,3,3,3,10.72350638
18,Yes,Non-Travel,Research & Development,2,4,Medical,1,2041,Male,3,Laboratory Technician,Single,109650,1,Y,18,8,0,0,5,0,0,0,3,3,3,4,3,6.990631092
33,Yes,Travel_Rarely,Research & Development,3,2,Life Sciences,1,2042,Male,1,Sales Executive,Single,49360,0,Y,14,8,0,6,2,5,0,3,1,1,3,2,3,8.961151762
41,No,Travel_Rarely,Research & Development,4,2,Medical,1,2043,Male,2,Research Scientist,Married,25430,3,Y,12,8,0,6,3,1,0,0,2,4,3,3,3,8.104184473
31,Yes,Travel_Frequently,Sales,10,3,Technical Degree,1,2044,Female,1,Research Director,Married,53040,1,Y,17,8,0,2,3,2,2,2,3,3,2,4,3,7.059042185
37,No,Travel_Rarely,Research & Development,23,3,Life Sciences,1,2045,Male,3,Manufacturing Director,Divorced,166590,7,Y,16,8,1,9,2,6,1,3,3,4,3,3,3,7.96013776
27,No,Travel_Rarely,Research & Development,6,2,Medical,1,2046,Female,1,Healthcare Representative,Married,42600,1,Y,11,8,2,4,2,4,2,2,4,3,3,3,3,7.396815777
34,No,Travel_Rarely,Sales,1,1,Marketing,1,2047,Female,2,Laboratory Technician,Married,24760,1,Y,19,8,0,6,2,6,1,3,2,3,2,3,3,7.093543132
35,No,Travel_Rarely,Research & Development,6,3,Life Sciences,1,2048,Female,3,Laboratory Technician,Single,31020,1,Y,13,8,1,6,3,5,1,4,3,3,1,2,3,6.78836877
29,Yes,Travel_Rarely,Research & Development,6,3,Life Sciences,1,2049,Male,1,Sales Executive,Married,22440,1,Y,12,8,3,11,5,11,3,10,4,1,1,1,3,6.798305898
40,No,Travel_Frequently,Research & Development,2,4,Medical,1,2050,Male,4,Human Resources,Single,75960,9,Y,11,8,0,20,0,18,2,13,2,3,2,1,3,6.733001867
42,Yes,Travel_Frequently,Sales,2,4,Life Sciences,1,2051,Male,1,Laboratory Technician,Single,22850,0,Y,16,8,0,22,3,21,13,14,3,1,2,1,3,8.040693297
42,No,Travel_Rarely,Research & Development,1,2,Life Sciences,1,2052,Male,4,Laboratory Technician,Single,30340,7,Y,21,8,1,9,3,6,1,5,2,1,4,2,4,7.692869168
35,No,Travel_Rarely,Research & Development,5,3,Medical,1,2053,Male,1,Healthcare Representative,Married,57150,6,Y,24,8,2,10,0,8,1,7,4,3,3,3,4,7.069662261
24,No,Travel_Rarely,Sales,7,4,Life Sciences,1,2054,Female,1,Laboratory Technician,Single,25760,8,Y,17,8,3,6,3,4,1,2,4,2,3,3,3,7.866042885
28,Yes,Travel_Rarely,Research & Development,15,4,Life Sciences,1,2055,Male,2,Sales Executive,Married,41970,1,Y,13,8,0,1,3,1,0,0,3,4,2,1,3,10.26487133
26,No,Travel_Rarely,Research & Development,1,4,Life Sciences,1,2056,Male,2,Sales Representative,Married,143360,1,Y,21,8,1,8,3,8,0,7,1,4,3,3,4,7.494103209
30,No,Travel_Rarely,Research & Development,7,2,Life Sciences,1,2057,Female,1,Manufacturing Director,Married,34480,1,Y,11,8,0,10,3,10,1,4,3,3,3,3,3,7.70689854
40,No,Travel_Frequently,Research & Development,26,4,Life Sciences,1,2058,Male,2,Research Scientist,Married,194060,3,Y,20,8,3,16,2,1,0,0,3,4,1,3,4,10.53714775
35,No,Travel_Rarely,Research & Development,18,5,Medical,1,2059,Female,2,Research Scientist,Divorced,65380,2,Y,16,8,1,15,3,7,6,4,3,2,4,3,3,6.88926571
34,No,Travel_Frequently,Research & Development,6,2,Life Sciences,1,2060,Male,1,Research Director,Single,43060,0,Y,11,8,0,14,2,13,4,9,4,1,3,3,3,7.550421941
35,No,Travel_Frequently,Research & Development,3,3,Medical,1,2061,Female,2,Laboratory Technician,Married,22580,1,Y,11,8,1,2,2,2,2,2,4,4,4,3,3,7.985769774
43,Yes,Travel_Rarely,Sales,5,3,Marketing,1,2062,Female,3,Research Scientist,Single,45220,8,Y,15,8,1,7,3,4,1,3,1,3,2,3,3,7.502324074
32,No,Non-Travel,Research & Development,11,2,Other,1,2063,Female,2,Research Scientist,Divorced,44870,1,Y,11,8,0,1,5,1,0,0,3,1,3,2,3,6.622759182
56,No,Travel_Rarely,Research & Development,3,2,Other,1,2064,Male,2,Healthcare Representative,Divorced,44490,4,Y,15,8,0,28,3,5,4,2,4,1,3,1,3,6.28131397
29,No,Travel_Rarely,Research & Development,26,1,Life Sciences,1,2065,Male,1,Laboratory Technician,Married,22180,1,Y,24,8,1,10,1,10,0,8,2,4,3,3,4,7.507831426
19,No,Travel_Rarely,Research & Development,23,4,Life Sciences,1,2066,Male,2,Laboratory Technician,Single,191970,1,Y,12,8,0,1,2,1,0,0,3,1,3,3,3,7.27834857
45,No,Travel_Rarely,Research & Development,22,3,Life Sciences,1,2067,Female,2,Sales Representative,Married,132120,4,Y,13,8,0,7,4,3,0,2,1,3,2,3,3,8.794382716
37,No,Travel_Rarely,Research & Development,14,4,Life Sciences,1,2068,Male,3,Research Scientist,Married,65770,1,Y,13,8,0,14,1,14,3,11,4,4,2,1,3,6.772597895
20,No,Travel_Rarely,Research & Development,6,3,Medical,1,2069,Male,5,Research Director,Single,83920,1,Y,17,8,0,2,5,2,1,2,1,3,2,3,3,6.708462963
44,Yes,Travel_Rarely,Human Resources,6,2,Human Resources,1,2070,Male,3,Sales Executive,Single,45580,1,Y,13,8,1,6,2,6,0,2,3,3,3,1,3,10.42826932
53,No,Travel_Rarely,Research & Development,6,4,Life Sciences,1,2071,Male,1,Research Director,Divorced,40310,3,Y,12,8,1,26,3,7,4,7,4,3,3,2,3,5.994680247
29,No,Travel_Rarely,Research & Development,23,3,Medical,1,2072,Male,1,Sales Executive,Married,79690,0,Y,14,8,0,6,3,5,1,3,2,4,2,3,3,8.89940391
22,Yes,Travel_Frequently,Research & Development,22,4,Medical,1,2073,Male,1,Sales Representative,Married,26540,0,Y,24,8,0,1,5,0,0,0,3,4,3,2,4,9.891059847
46,No,Travel_Rarely,Research & Development,2,3,Life Sciences,1,2074,Male,2,Research Scientist,Married,165550,8,Y,14,8,2,28,4,26,15,9,3,1,3,3,3,6.031081999
44,No,Non-Travel,Research & Development,20,3,Life Sciences,1,2075,Male,1,Sales Representative,Single,45560,2,Y,13,8,0,6,4,0,0,0,4,3,3,3,3,6.196875604
33,No,Travel_Rarely,Research & Development,28,4,Life Sciences,1,2076,Female,1,Manager,Married,60910,1,Y,15,8,0,5,6,5,1,4,2,3,3,1,3,7.840530612
41,Yes,Non-Travel,Research & Development,12,3,Life Sciences,1,2077,Male,2,Sales Representative,Divorced,195660,6,Y,16,8,0,5,2,1,0,0,1,1,1,4,3,7.201252315
30,No,Travel_Rarely,Sales,20,3,Marketing,1,2078,Male,3,Sales Executive,Divorced,48100,8,Y,18,8,0,8,3,4,0,3,3,1,3,2,3,7.487695163
40,No,Travel_Frequently,Sales,9,3,Medical,1,2079,Male,1,Manufacturing Director,Married,45230,5,Y,16,8,1,5,5,0,0,0,2,2,3,4,3,6.765425774
50,No,Travel_Frequently,Research & Development,25,4,Life Sciences,1,2080,Female,2,Healthcare Representative,Married,32020,2,Y,24,8,1,32,2,2,2,2,4,1,,3,4,7.20008226
28,No,Travel_Rarely,Research & Development,6,3,Technical Degree,1,2081,Male,2,Research Scientist,Married,23510,1,Y,16,8,0,6,4,6,3,3,4,1,3,3,3,7.164030683
46,No,Travel_Rarely,Research & Development,8,4,Other,1,2082,Male,3,Manager,Married,17020,5,Y,21,8,0,25,2,4,0,3,4,2,3,3,4,7.305633102
35,No,Travel_Rarely,Sales,4,4,Marketing,1,2083,Male,1,Laboratory Technician,Married,180410,3,Y,20,8,1,15,3,7,1,7,3,1,3,2,4,8.515865209
24,Yes,Travel_Rarely,Human Resources,28,4,Human Resources,1,2084,Male,3,Manufacturing Director,Married,28860,1,Y,19,8,1,1,5,1,0,0,4,2,1,3,3,6.630590887
33,No,Travel_Frequently,Research & Development,9,2,Medical,1,2085,Female,1,Sales Executive,Married,20970,1,Y,14,8,2,10,5,10,0,1,2,3,2,2,3,5.950504161
36,No,Travel_Rarely,Research & Development,9,2,Medical,1,2086,Male,2,Sales Executive,Divorced,119350,1,Y,11,8,3,7,6,7,1,7,3,3,3,4,3,6.629711353
30,No,Travel_Rarely,Sales,29,3,Marketing,1,2087,Male,1,Sales Executive,Divorced,25460,1,Y,14,8,1,10,2,10,8,9,3,3,2,3,3,5.997364092
44,No,Travel_Rarely,Research & Development,3,4,Medical,1,2088,Male,2,Research Scientist,Single,25640,1,Y,12,8,3,20,3,20,13,17,4,4,3,1,3,7.625331284
20,No,Travel_Rarely,Research & Development,18,4,Medical,1,2089,Male,1,Human Resources,Single,84120,1,Y,13,8,0,2,2,2,2,2,3,4,3,2,3,6.31577755
46,No,Travel_Rarely,Sales,9,1,Medical,1,2090,Female,1,Sales Executive,Divorced,141180,2,Y,22,8,0,12,3,6,1,4,4,4,2,3,4,6.200008102
42,No,Non-Travel,Research & Development,5,4,Medical,1,2091,Male,5,Sales Executive,Married,170460,7,Y,11,8,0,10,3,4,0,3,4,1,4,2,3,7.506798186
60,No,Travel_Rarely,Sales,2,2,Life Sciences,1,2092,Male,2,Sales Executive,Divorced,25640,0,Y,14,8,1,12,3,11,1,9,2,4,3,3,3,8.590920139
32,No,Travel_Frequently,Sales,10,3,Life Sciences,1,2093,Female,1,Sales Executive,Married,102660,1,Y,11,8,0,2,3,2,2,2,3,2,3,3,3,7.303264761
32,No,Travel_Frequently,Research & Development,9,3,Life Sciences,1,2094,Female,2,Research Scientist,Single,50700,4,Y,12,8,1,10,6,8,0,7,4,3,3,3,3,8.455582287
36,No,Travel_Rarely,Sales,3,2,Marketing,1,2095,Male,4,Healthcare Representative,Divorced,178610,2,Y,18,8,0,17,2,7,7,7,3,1,3,2,3,8.004746482
33,No,Travel_Rarely,Sales,26,2,Marketing,1,2096,Male,1,Research Scientist,Married,42300,0,Y,12,8,0,15,0,14,4,10,1,4,3,3,3,6.08662963
40,No,Travel_Rarely,Research & Development,1,3,Medical,1,2097,Female,2,Research Scientist,Divorced,37800,7,Y,12,8,0,7,2,5,1,3,2,2,4,1,3,7.340324473
25,No,Travel_Rarely,Research & Development,6,2,Medical,1,2098,Female,1,Laboratory Technician,Single,27680,0,Y,22,8,1,5,0,4,1,1,3,4,3,3,4,8.001937261
30,No,Travel_Rarely,Sales,9,3,Marketing,1,2099,Female,1,Research Scientist,Married,90710,0,Y,19,8,1,12,2,11,5,7,4,2,3,2,3,9.193778475
42,No,Travel_Frequently,Human Resources,8,2,Medical,1,2100,Male,1,Sales Executive,Married,106480,3,Y,13,8,1,20,1,1,0,0,1,1,3,3,3,9.488813458
35,No,Non-Travel,Research & Development,1,1,Life Sciences,1,2101,Male,2,Sales Executive,Married,136100,4,Y,22,8,2,16,4,13,4,12,3,4,2,2,4,9.791557622
27,No,Travel_Rarely,Research & Development,7,3,Life Sciences,1,2102,Male,3,Manufacturing Director,Married,34080,1,Y,24,8,0,9,2,9,6,8,1,1,2,3,4,9.20765076
54,No,Travel_Frequently,Research & Development,9,2,Medical,1,2103,Male,2,Sales Representative,Divorced,29830,7,Y,14,8,1,33,2,5,1,4,4,3,1,2,3,6.36914539
44,No,Travel_Rarely,Human Resources,4,4,Life Sciences,1,2104,Male,5,Laboratory Technician,Married,76320,1,Y,21,8,0,10,3,10,7,7,1,4,3,3,4,5.984183884
19,Yes,Non-Travel,Sales,2,2,Other,1,2105,Male,3,Healthcare Representative,Single,98240,1,Y,18,8,0,1,2,1,0,0,1,2,4,3,3,8.402396125
29,No,Travel_Rarely,Research & Development,19,4,Life Sciences,1,2106,Male,1,Manufacturing Director,Divorced,99500,1,Y,20,8,0,3,3,3,1,2,1,4,3,3,4,7.39556606
54,No,Travel_Rarely,Research & Development,9,4,Life Sciences,1,2107,Male,2,Sales Executive,Married,20930,3,Y,19,8,0,36,2,10,0,9,4,4,3,3,3,7.695237069
31,No,Travel_Rarely,Research & Development,21,3,Life Sciences,1,2108,Male,2,Laboratory Technician,Married,99800,1,Y,12,8,0,6,1,6,0,1,3,1,2,3,3,8.594112022
31,No,Travel_Rarely,Sales,24,1,Marketing,1,2109,Female,1,Sales Executive,Single,38940,1,Y,12,8,0,10,3,10,1,8,3,1,3,4,3,7.301323529
59,No,Travel_Rarely,Research & Development,3,4,Technical Degree,1,2110,Male,1,Research Scientist,Single,40510,5,Y,16,8,3,13,3,6,0,5,3,4,3,3,3,7.442859275
43,No,Travel_Rarely,Research & Development,11,2,Life Sciences,1,2111,Male,3,Laboratory Technician,Married,168350,3,Y,17,8,1,25,3,8,0,7,3,4,3,3,3,6.608296846
49,No,Travel_Rarely,Sales,14,4,Life Sciences,1,2112,Male,2,Research Scientist,Married,62300,2,Y,14,8,0,23,2,1,0,0,1,3,4,2,3,6.688532088
36,No,Travel_Frequently,Sales,5,2,Marketing,1,2113,Female,1,Laboratory Technician,Married,47170,1,Y,19,8,1,12,3,11,0,7,3,2,2,3,3,6.095977496
48,No,Travel_Rarely,Research & Development,1,4,Life Sciences,1,2114,Female,2,Laboratory Technician,Single,132370,5,Y,13,8,1,7,2,1,0,0,4,2,2,4,3,6.110347222
27,No,Travel_Rarely,Research & Development,6,4,Life Sciences,1,2115,Male,2,Laboratory Technician,Divorced,37550,1,Y,19,8,0,5,2,5,0,3,1,3,3,3,3,8.001521438
29,No,Travel_Rarely,Sales,17,4,Medical,1,2116,Male,1,Laboratory Technician,Divorced,65820,1,Y,19,8,1,6,3,6,1,0,3,4,3,3,3,8.799048289
48,No,Travel_Rarely,Sales,1,1,Marketing,1,2117,Male,2,Manufacturing Director,Single,74060,6,Y,14,8,2,25,2,1,0,0,4,4,4,3,3,6.18902658
29,No,Travel_Rarely,Research & Development,3,3,Technical Degree,1,2118,Female,2,Healthcare Representative,Divorced,48050,3,Y,16,8,1,9,2,7,1,7,4,4,2,3,3,6.878174931
34,No,Travel_Rarely,Sales,9,4,Medical,1,2119,Female,2,Laboratory Technician,Married,27410,0,Y,15,8,1,2,3,1,0,0,3,3,2,3,3,6.000829861
44,No,Travel_Rarely,Research & Development,4,3,Life Sciences,1,2120,Female,1,Laboratory Technician,Married,42620,7,Y,18,8,0,26,2,22,3,10,2,2,3,3,3,6.994620773
33,No,Travel_Rarely,Research & Development,8,2,Life Sciences,1,2121,Female,2,Research Scientist,Divorced,161840,0,Y,13,8,1,10,2,9,0,8,4,3,3,4,3,11.02582209
19,No,Travel_Rarely,Sales,2,4,Marketing,1,2122,Male,3,Laboratory Technician,Single,115570,1,Y,22,8,0,1,0,1,0,1,2,4,3,3,4,10.8116171
23,No,Travel_Rarely,Sales,2,3,Medical,1,2123,Male,3,Laboratory Technician,Married,18780,1,Y,13,8,1,1,2,1,0,1,4,3,3,3,3,7.476028369
25,Yes,Travel_Frequently,Research & Development,1,1,Life Sciences,1,2124,Male,1,Manufacturing Director,Single,109320,1,Y,11,8,1,1,3,1,1,0,3,4,3,3,3,9.166382797
26,No,Travel_Rarely,Human Resources,9,3,Life Sciences,1,2125,Male,2,Research Scientist,Single,68110,1,Y,11,8,1,8,4,8,2,2,3,4,2,3,3,8.707262583
45,Yes,Travel_Rarely,Human Resources,12,3,Human Resources,1,2126,Male,2,Laboratory Technician,Single,43060,2,Y,11,8,2,26,3,24,1,11,1,2,3,3,3,9.911379819
55,No,Non-Travel,Research & Development,27,3,Life Sciences,1,2127,Female,2,Manager,Divorced,48590,1,Y,24,8,1,34,3,33,15,0,4,2,3,4,4,9.584091559
21,Yes,Travel_Frequently,Research & Development,20,2,Medical,1,2128,Female,4,Research Scientist,Single,53370,1,Y,14,8,1,2,2,2,2,2,1,3,1,3,3,7.613900511
46,No,Travel_Rarely,Research & Development,1,4,Life Sciences,1,2129,Male,1,Manufacturing Director,Married,23400,2,Y,13,8,1,26,2,11,0,8,4,2,3,1,3,6.879879071
34,No,Travel_Rarely,Sales,13,4,Medical,1,2130,Male,3,Sales Representative,Single,74910,0,Y,14,8,1,4,3,3,0,2,3,1,3,2,3,8.90902602
51,No,Travel_Frequently,Research & Development,14,3,Life Sciences,1,2131,Male,2,Research Director,Divorced,105270,4,Y,14,8,0,31,3,29,11,10,4,2,2,3,3,11.00611588
59,No,Travel_Rarely,Research & Development,4,2,Life Sciences,1,2132,Male,2,Research Scientist,Single,165950,6,Y,21,8,1,25,2,9,5,4,4,4,2,3,4,6.608805441
34,No,Travel_Frequently,Sales,14,4,Medical,1,2133,Female,3,Research Scientist,Divorced,88340,4,Y,13,8,1,15,1,11,5,10,3,2,4,3,3,6.784572368
28,No,Travel_Frequently,Research & Development,2,3,Other,1,2134,Female,1,Manager,Single,55770,0,Y,19,8,0,5,3,4,0,2,4,3,2,3,3,10.42061614
44,No,Travel_Rarely,Research & Development,3,4,Life Sciences,1,2135,Male,2,Research Scientist,Divorced,47070,1,Y,17,8,0,26,4,25,14,13,3,1,2,1,3,7.802089425
34,No,Travel_Frequently,Sales,1,3,Life Sciences,1,2136,Male,2,Sales Executive,Married,24000,4,Y,18,8,1,14,3,10,1,8,3,2,4,3,3,7.470801006
35,No,Travel_Rarely,Research & Development,9,3,Life Sciences,1,2137,Male,4,Healthcare Representative,Married,98240,0,Y,19,8,0,4,2,3,2,2,3,3,3,3,3,10.50347959
42,No,Travel_Rarely,Research & Development,23,4,Life Sciences,1,2138,Female,1,Manager,Married,64470,6,Y,13,8,0,18,3,1,0,0,2,2,3,3,3,9.416206349
43,No,Travel_Rarely,Research & Development,7,2,Medical,1,2139,Female,1,Laboratory Technician,Single,195020,3,Y,18,8,2,23,3,21,15,17,4,4,4,4,3,6.409671276
36,No,Travel_Rarely,Research & Development,2,4,Medical,1,2140,Male,1,Healthcare Representative,Single,27250,9,Y,21,8,1,18,4,16,5,12,3,2,3,2,4,10.607795
44,Yes,Travel_Rarely,Research & Development,21,4,Life Sciences,1,2141,Female,2,Laboratory Technician,Married,62720,1,Y,19,8,1,10,3,10,0,5,1,4,3,3,3,6.012525585
28,No,Travel_Frequently,Research & Development,2,3,Life Sciences,1,2142,Female,2,Sales Representative,Married,21270,1,Y,14,8,0,2,3,2,2,2,4,4,3,3,3,9.6791966
51,No,Travel_Frequently,Sales,21,4,Medical,1,2143,Male,2,Research Scientist,Single,182000,0,Y,17,8,0,8,3,7,7,7,2,3,,3,3,7.017285782
30,No,Non-Travel,Research & Development,2,4,Other,1,2144,Male,1,Research Scientist,Single,20960,7,Y,11,8,3,10,2,8,1,7,3,3,3,3,3,9.497514124
29,Yes,Travel_Rarely,Research & Development,29,4,Technical Degree,1,2145,Female,1,Sales Representative,Divorced,28860,3,Y,13,8,0,10,4,7,7,7,2,3,3,3,3,8.390624406
28,No,Travel_Rarely,Sales,1,4,Life Sciences,1,2146,Female,2,Sales Representative,Single,20330,2,Y,15,8,1,5,5,3,1,2,4,1,2,3,3,6.76589233
25,No,Travel_Rarely,Research & Development,18,2,Life Sciences,1,2147,Male,1,Research Scientist,Single,36220,1,Y,25,8,0,2,0,2,2,1,4,2,2,3,4,7.982099673
32,No,Travel_Rarely,Research & Development,10,4,Other,1,2148,Female,1,Sales Executive,Married,42330,1,Y,11,8,0,10,5,10,0,8,3,4,4,3,3,6.819500237
45,No,Travel_Frequently,Research & Development,19,3,Medical,1,2149,Male,3,Laboratory Technician,Single,36810,3,Y,17,8,1,22,2,0,0,0,,2,3,3,3,5.978748242
39,No,Travel_Rarely,Sales,29,1,Marketing,1,2150,Female,1,Laboratory Technician,Divorced,54600,6,Y,13,8,2,21,3,19,15,2,3,2,3,3,3,8.400860405
58,No,Travel_Rarely,Research & Development,27,3,Other,1,2151,Male,2,Laboratory Technician,Divorced,21870,1,Y,18,8,1,2,1,2,2,2,1,3,3,1,3,5.99301087
32,Yes,Travel_Rarely,Research & Development,5,3,Technical Degree,1,2152,Female,1,Sales Executive,Married,96020,1,Y,13,8,1,10,3,10,1,1,4,3,3,3,3,6.479733992
39,Yes,Travel_Rarely,Research & Development,18,2,Life Sciences,1,2153,Male,2,Laboratory Technician,Single,28360,0,Y,20,8,0,6,3,5,0,3,3,1,3,2,4,7.703856421
30,No,Travel_Rarely,Sales,9,1,Marketing,1,2154,Male,4,Research Director,Married,40890,0,Y,18,8,0,10,2,9,6,7,1,4,3,4,3,6.166816415
36,No,Travel_Rarely,Sales,1,3,Marketing,1,2155,Male,2,Sales Executive,Married,166270,3,Y,12,8,0,10,5,7,1,7,4,3,3,2,3,6.71133501
46,No,Travel_Rarely,Sales,4,3,Medical,1,2156,Male,1,Research Scientist,Single,26190,6,Y,12,8,1,10,3,7,5,7,4,1,4,2,3,7.706544995
28,No,Non-Travel,Research & Development,1,3,Medical,1,2157,Male,5,Sales Executive,Married,56790,0,Y,13,8,0,10,2,9,7,5,3,4,3,2,3,7.98418566
50,No,Travel_Rarely,Research & Development,20,2,Medical,1,2158,Female,5,Laboratory Technician,Married,154020,4,Y,21,8,0,25,3,3,1,2,4,1,3,2,4,10.44104809
40,Yes,Travel_Rarely,Sales,8,1,Other,1,2159,Male,1,Laboratory Technician,Single,59850,2,Y,13,8,3,9,1,5,1,0,4,2,3,2,3,9.797106082
52,Yes,Travel_Rarely,Research & Development,3,2,Technical Degree,1,2160,Male,3,Laboratory Technician,Single,25790,9,Y,19,8,1,10,1,8,7,7,2,2,2,3,3,10.01804189
30,No,Travel_Rarely,Research & Development,6,4,Medical,1,2161,Female,1,Sales Executive,Married,30410,1,Y,11,8,1,9,2,9,0,8,2,1,3,2,3,10.36132783
39,No,Travel_Rarely,Research & Development,26,1,Medical,1,2162,Male,2,Healthcare Representative,Single,34470,0,Y,14,8,0,9,5,8,1,7,1,3,3,3,3,5.976122449
31,No,Non-Travel,Research & Development,1,2,Medical,1,2163,Male,1,Sales Executive,Divorced,195130,1,Y,12,8,1,10,1,10,9,6,4,3,2,2,3,10.10100211
41,No,Non-Travel,Sales,6,3,Life Sciences,1,2164,Female,1,Research Director,Single,27730,1,Y,11,8,0,19,3,19,11,9,3,2,3,3,3,7.795501134
31,Yes,Travel_Frequently,Research & Development,3,1,Life Sciences,1,2165,Male,1,Sales Executive,Single,71040,1,Y,14,8,1,3,3,3,2,2,4,2,4,3,3,9.135941291
44,Yes,Travel_Rarely,Sales,5,3,Life Sciences,1,2166,Male,1,Laboratory Technician,Married,63220,4,Y,11,8,1,10,2,3,1,2,1,1,4,3,3,6.027372246
42,No,Non-Travel,Research & Development,4,3,Life Sciences,1,2167,Male,2,Laboratory Technician,Married,20830,0,Y,12,8,2,21,3,20,2,10,3,3,2,2,3,9.710156956
55,No,Travel_Rarely,Sales,11,3,Technical Degree,1,2168,Male,2,Manufacturing Director,Married,83810,4,Y,15,8,1,23,3,19,9,11,4,3,3,3,3,6.629416787
56,No,Travel_Rarely,Sales,3,2,Medical,1,2169,Female,3,Manufacturing Director,Single,26910,6,Y,16,8,1,36,6,7,7,7,4,2,3,3,3,7.995408022
40,No,Non-Travel,Research & Development,1,1,Life Sciences,1,2170,Male,1,Laboratory Technician,Divorced,42860,9,Y,15,8,0,6,6,4,0,0,3,3,3,3,3,7.337527538
34,No,Travel_Rarely,Research & Development,3,2,Technical Degree,1,2171,Male,2,Research Director,Divorced,26590,0,Y,24,8,3,10,2,9,1,6,4,4,2,3,4,7.418435734
40,No,Travel_Rarely,Sales,4,3,Medical,1,2172,Male,2,Sales Executive,Single,94340,1,Y,13,8,1,9,3,9,8,8,3,4,3,2,3,5.998701389
41,No,Travel_Frequently,Sales,1,4,Other,1,2173,Female,2,Healthcare Representative,Divorced,55610,0,Y,11,8,0,10,2,9,1,7,3,1,3,2,3,7.690605201
35,No,Travel_Frequently,Sales,1,2,Technical Degree,1,2174,Male,2,Manager,Single,66460,1,Y,13,8,1,9,2,9,1,1,3,3,3,2,3,9.508205128
51,No,Travel_Rarely,Sales,18,2,Life Sciences,1,2175,Male,4,Manufacturing Director,Divorced,77250,1,Y,13,8,1,33,2,33,0,10,3,2,3,3,3,9.480235308
38,No,Travel_Rarely,Sales,2,4,Life Sciences,1,2176,Female,1,Research Scientist,Divorced,107250,3,Y,18,8,0,11,5,7,1,7,2,1,3,2,3,6.585955744
34,No,Travel_Rarely,Sales,4,3,Life Sciences,1,2177,Male,2,Research Scientist,Single,88470,1,Y,16,8,0,10,3,10,9,6,3,1,4,4,3,7.233560814
25,No,Travel_Rarely,Research & Development,6,2,Medical,1,2178,Female,4,Research Scientist,Married,20450,3,Y,19,8,0,7,3,3,1,2,4,4,2,3,3,6.2904
58,Yes,Travel_Rarely,Sales,1,4,Technical Degree,1,2179,Male,2,Sales Executive,Married,10090,7,Y,13,8,2,31,3,10,5,9,3,1,2,4,3,8.488845154
40,No,Travel_Rarely,Research & Development,14,4,Medical,1,2180,Female,1,Research Scientist,Married,33480,3,Y,22,8,0,7,2,4,0,3,2,2,3,1,4,6.117230461
36,No,Travel_Frequently,Sales,16,2,Life Sciences,1,2181,Male,1,Research Scientist,Married,12810,2,Y,11,8,0,17,2,15,6,13,1,1,2,3,3,6.086681839
48,No,Travel_Rarely,Research & Development,2,1,Life Sciences,1,2182,Male,2,Research Scientist,Single,28190,1,Y,20,8,0,11,2,10,0,8,4,4,3,2,4,7.596445652
27,No,Travel_Rarely,Research & Development,2,3,Life Sciences,1,2183,Female,2,Laboratory Technician,Married,48510,8,Y,18,8,0,5,2,1,0,0,3,,3,3,3,7.097427984
51,No,Travel_Rarely,Research & Development,4,1,Medical,1,2184,Female,3,Manufacturing Director,Single,40280,3,Y,14,8,0,29,3,5,0,3,4,2,2,3,3,7.494571708
18,No,Non-Travel,Research & Development,1,4,Medical,1,2185,Male,2,Sales Executive,Single,27200,1,Y,22,8,1,0,2,0,0,0,4,4,4,3,4,7.905436671
35,No,Travel_Rarely,Research & Development,1,4,Other,1,2186,Female,2,Research Director,Married,81200,0,Y,13,8,0,10,2,9,0,0,4,4,3,2,3,7.180452899
27,No,Travel_Frequently,Research & Development,26,4,Medical,1,2187,Female,1,Research Director,Single,46470,3,Y,17,8,0,8,3,6,0,0,4,4,3,4,3,7.35218661
55,Yes,Travel_Rarely,Research & Development,19,3,Technical Degree,1,2188,Male,1,Human Resources,Single,46800,6,Y,14,8,3,24,0,19,3,8,1,3,2,4,3,8.682690901
56,No,Travel_Rarely,Research & Development,24,4,Life Sciences,1,2189,Male,2,Laboratory Technician,Married,32210,4,Y,15,8,2,33,2,19,15,9,4,2,3,3,3,10.3802619
34,No,Non-Travel,Sales,1,2,Life Sciences,1,2190,Male,2,Research Scientist,Divorced,86210,1,Y,17,8,1,5,1,5,0,0,1,3,3,3,3,6.379191176
40,No,Travel_Rarely,Research & Development,3,3,Life Sciences,1,2191,Male,2,Sales Executive,Divorced,45770,5,Y,11,8,1,15,3,12,11,8,2,3,3,2,3,6.479356113
34,No,Travel_Rarely,Research & Development,5,3,Life Sciences,1,2192,Male,1,Research Scientist,Married,45530,4,Y,18,8,1,10,2,8,7,7,2,3,3,4,3,7.176949193
31,Yes,Travel_Frequently,Research & Development,2,2,Medical,1,2193,Female,2,Manufacturing Director,Single,53960,7,Y,17,8,1,3,2,1,0,0,3,4,4,1,3,7.673500229
35,Yes,Travel_Frequently,Research & Development,1,2,Medical,1,2194,Male,1,Manufacturing Director,Married,67960,0,Y,13,8,0,5,2,4,3,2,4,3,2,3,3,9.072801783
38,No,Travel_Frequently,Research & Development,7,3,Medical,1,2195,Female,2,Sales Representative,Divorced,76250,1,Y,15,8,0,4,2,4,0,3,4,3,3,2,3,6.375856481
34,No,Travel_Rarely,Research & Development,10,4,Other,1,2196,Female,2,Laboratory Technician,Single,74120,1,Y,24,8,0,14,4,14,4,11,3,4,4,3,4,7.90669894
28,No,Travel_Rarely,Research & Development,2,3,Life Sciences,1,2197,Female,2,Healthcare Representative,Married,111590,1,Y,12,8,0,5,2,5,0,4,3,1,3,3,3,6.683007545
31,Yes,Travel_Rarely,Research & Development,15,2,Life Sciences,1,2198,Male,2,Sales Executive,Married,49600,1,Y,15,8,0,10,3,10,6,7,4,3,2,2,3,10.88627206
39,No,Travel_Rarely,Research & Development,17,4,Technical Degree,1,2199,Female,2,Healthcare Representative,Married,104750,3,Y,11,8,1,8,3,5,1,4,1,4,4,3,3,10.3225467
51,No,Travel_Frequently,Research & Development,20,3,Medical,1,2200,Male,2,Sales Executive,Married,148140,2,Y,11,8,1,14,2,4,3,2,2,2,3,2,3,7.075589709
41,No,Travel_Frequently,Research & Development,1,3,Life Sciences,1,2201,Male,4,Sales Executive,Divorced,191410,3,Y,12,8,1,12,2,6,3,3,4,4,2,3,3,10.66936309
37,No,Travel_Rarely,Research & Development,2,2,Medical,1,2202,Female,1,Healthcare Representative,Married,54050,7,Y,15,8,0,8,3,6,1,3,3,3,3,4,3,10.39074153
33,No,Travel_Frequently,Research & Development,2,3,Medical,1,2203,Female,1,Sales Executive,Married,87930,6,Y,17,8,0,8,2,5,1,2,2,4,4,3,3,7.778146961
32,No,Travel_Rarely,Research & Development,1,4,Medical,1,2204,Male,5,Research Director,Married,191890,0,Y,12,8,1,4,3,3,1,2,3,2,2,3,3,10.39585695
39,No,Non-Travel,Research & Development,29,2,Life Sciences,1,2205,Male,2,Sales Executive,Married,38750,3,Y,15,8,0,13,3,6,0,5,3,3,3,3,3,6.594622175
25,No,Travel_Rarely,Research & Development,7,4,Life Sciences,1,2206,Male,1,Sales Executive,Married,22160,2,Y,13,8,3,6,2,3,1,2,1,3,2,2,3,7.208837844
52,No,Travel_Frequently,Research & Development,2,1,Life Sciences,1,2207,Male,2,Sales Executive,Married,117130,2,Y,14,8,0,24,2,5,0,2,4,3,2,3,3,9.086195857
43,No,Travel_Rarely,Research & Development,2,2,Medical,1,2208,Male,1,Laboratory Technician,Single,78610,1,Y,14,8,2,20,1,20,1,8,1,3,1,3,3,9.686829297
27,No,Travel_Rarely,Research & Development,2,4,Life Sciences,1,2209,Male,1,Human Resources,Married,37080,1,Y,16,8,2,6,2,6,4,4,4,4,3,3,3,10.31497371
27,Yes,Travel_Rarely,Research & Development,2,5,Life Sciences,1,2210,Female,1,Research Scientist,Single,137700,1,Y,18,8,1,8,3,8,7,7,4,3,3,4,3,10.00466184
26,No,Travel_Rarely,Research & Development,2,2,Other,1,2211,Male,3,Laboratory Technician,Single,53040,0,Y,20,8,1,5,2,4,1,1,1,4,3,3,4,6.323119288
42,No,Travel_Rarely,Sales,23,3,Marketing,1,2212,Female,3,Research Scientist,Married,26420,0,Y,13,8,1,21,3,20,0,9,3,1,3,3,3,6.129594857
52,No,Travel_Rarely,Research & Development,5,2,Life Sciences,1,2213,Female,1,Healthcare Representative,Married,27590,9,Y,18,8,1,12,6,5,0,4,3,1,1,3,3,6.506946759
37,No,Travel_Rarely,Research & Development,20,5,Life Sciences,1,2214,Male,2,Manager,Single,68040,4,Y,13,8,1,8,1,3,0,2,1,3,3,3,3,7.468182819
35,No,Travel_Frequently,Research & Development,6,4,Medical,1,2215,Female,2,Research Director,Single,61420,2,Y,15,8,1,10,2,2,2,2,3,4,3,3,3,7.665282466
25,No,Travel_Rarely,Research & Development,1,4,Medical,1,2216,Male,2,Sales Executive,Married,25000,4,Y,14,8,2,7,2,3,0,2,1,4,2,1,3,7.995907332
26,No,Travel_Rarely,Research & Development,29,4,Life Sciences,1,2217,Male,1,Research Scientist,Single,63890,0,Y,22,8,0,8,2,7,0,7,3,1,3,2,4,6.798512803
29,No,Travel_Rarely,Sales,9,3,Life Sciences,1,2218,Male,1,Laboratory Technician,Single,111030,1,Y,12,8,0,10,5,10,0,9,2,1,2,2,3,6.206890838
49,Yes,Travel_Frequently,Sales,6,5,Medical,1,2219,Female,2,Healthcare Representative,Single,23420,3,Y,18,8,0,20,2,4,1,3,1,1,3,3,3,7.049729053
29,Yes,Travel_Frequently,Sales,3,2,Marketing,1,2220,Female,2,Laboratory Technician,Single,68110,0,Y,15,8,1,9,2,8,7,7,3,4,3,3,3,8.612993956
54,No,Travel_Rarely,Sales,1,3,Medical,1,2221,Female,2,Manager,Single,22970,6,Y,18,8,2,29,2,20,12,7,4,4,2,2,3,6.248981481
58,No,Travel_Rarely,Sales,22,3,Life Sciences,1,2222,Female,2,Laboratory Technician,Married,24500,3,Y,12,8,1,32,2,9,1,5,4,1,3,3,3,10.56941384
55,No,Travel_Rarely,Research & Development,7,3,Life Sciences,1,2223,Female,3,Research Scientist,Divorced,50930,2,Y,16,8,1,31,3,7,0,0,2,4,4,3,3,7.494744681
36,No,Travel_Rarely,Research & Development,1,3,Medical,1,2224,Male,2,Sales Executive,Single,53090,3,Y,13,8,0,15,5,5,0,1,1,2,3,3,3,9.398778229
31,Yes,Travel_Frequently,Sales,4,3,Life Sciences,1,2225,Male,2,Manager,Single,30570,1,Y,19,8,0,1,3,1,0,0,2,3,3,3,3,7.304688233
30,No,Travel_Rarely,Sales,3,3,Life Sciences,1,2226,Male,3,Sales Executive,Divorced,51210,7,Y,13,8,0,8,4,3,0,2,4,1,3,3,3,7.491903249
31,No,Travel_Rarely,Research & Development,1,3,Medical,1,2227,Male,1,Laboratory Technician,Single,168560,3,Y,12,8,1,9,3,3,1,0,1,2,,3,3,7.301046648
34,No,Travel_Frequently,Sales,2,1,Marketing,1,2228,Female,5,Manager,Divorced,26860,5,Y,11,8,0,10,3,4,1,3,4,1,3,4,3,7.592990665
31,Yes,Travel_Rarely,Sales,20,3,Technical Degree,1,2229,Male,1,Research Scientist,Single,61800,1,Y,14,8,1,1,2,1,0,0,1,2,4,1,3,8.002105442
27,No,Travel_Rarely,Human Resources,11,4,Medical,1,2230,Male,4,Sales Executive,Married,66320,0,Y,16,8,0,6,3,5,1,4,2,1,4,3,3,7.18484127
36,No,Travel_Rarely,Sales,1,3,Marketing,1,2231,Male,2,Research Scientist,Single,35050,1,Y,12,8,2,10,2,10,1,8,1,4,2,2,3,6.319475172
36,No,Travel_Rarely,Research & Development,24,3,Other,1,2232,Female,3,Research Director,Married,63970,4,Y,14,8,1,11,3,3,0,2,3,1,2,3,3,7.314436376
47,No,Travel_Rarely,Research & Development,23,4,Life Sciences,1,2233,Female,2,Sales Executive,Married,62740,7,Y,14,8,2,17,0,6,1,2,1,4,2,3,3,7.791398226
25,Yes,Travel_Rarely,Sales,16,4,Life Sciences,1,2234,Male,2,Research Scientist,Married,198590,3,Y,19,8,0,6,3,3,2,2,1,1,3,2,3,7.192815217
37,No,Non-Travel,Sales,8,4,Medical,1,2235,Male,1,Healthcare Representative,Single,75870,0,Y,22,8,1,7,5,6,1,3,3,3,1,3,4,7.562411616
56,No,Travel_Rarely,Research & Development,10,4,Other,1,2236,Male,2,Sales Representative,Married,42580,2,Y,16,8,0,5,2,3,1,0,1,1,4,3,3,6.606830422
47,No,Travel_Rarely,Research & Development,3,2,Medical,1,2237,Male,2,Laboratory Technician,Married,43640,3,Y,11,8,1,26,3,20,5,6,1,3,4,3,3,6.341896552
24,No,Travel_Rarely,Research & Development,5,1,Other,1,2238,Male,1,Manufacturing Director,Married,43350,1,Y,15,8,1,5,5,5,0,3,4,3,3,3,3,9.695608412
32,No,Travel_Rarely,Sales,4,3,Marketing,1,2239,Male,1,Research Scientist,Married,53260,4,Y,14,8,1,7,2,4,0,3,4,4,2,3,3,7.510473995
34,No,Travel_Rarely,Research & Development,9,2,Medical,1,2240,Male,1,Sales Executive,Married,32800,5,Y,13,8,0,7,3,5,0,2,4,2,2,3,3,6.13232396
41,No,Travel_Rarely,Research & Development,26,3,Medical,1,2241,Female,3,Sales Executive,Married,54850,2,Y,17,8,2,7,2,4,0,3,2,3,2,3,3,10.50124361
40,No,Non-Travel,Sales,3,2,Life Sciences,1,2242,Male,1,Sales Executive,Divorced,43420,3,Y,11,8,1,11,6,8,0,7,3,3,4,2,3,6.365344868
31,No,Travel_Rarely,Research & Development,16,3,Medical,1,2243,Male,2,Human Resources,Divorced,27820,1,Y,19,8,1,13,5,13,9,9,1,4,3,3,3,6.728463694
46,Yes,Travel_Rarely,Research & Development,18,1,Medical,1,2244,Male,1,Manufacturing Director,Divorced,59800,4,Y,11,8,1,28,2,7,4,3,1,4,4,3,3,6.68452657
39,Yes,Non-Travel,Research & Development,2,4,Medical,1,2245,Male,2,Manufacturing Director,Single,43810,2,Y,15,8,2,11,1,1,0,0,1,1,4,2,3,9.386380887
31,Yes,Travel_Frequently,Sales,2,3,Medical,1,2246,Male,2,Sales Executive,Single,25720,1,Y,13,8,3,10,3,10,4,7,3,2,3,3,3,6.794415866
45,No,Travel_Rarely,Sales,10,2,Marketing,1,2247,Male,1,Sales Executive,Divorced,38330,2,Y,14,8,0,24,1,7,0,7,2,1,3,3,3,10.50859028
31,No,Travel_Rarely,Research & Development,16,4,Life Sciences,1,2248,Male,3,Human Resources,Single,42440,9,Y,13,8,0,8,3,3,0,2,4,2,3,3,3,6.73029454
31,Yes,Travel_Frequently,Research & Development,7,4,Life Sciences,1,2249,Male,1,Laboratory Technician,Married,65000,6,Y,23,8,1,7,5,2,2,2,2,4,1,3,4,10.27663053
45,No,Travel_Rarely,Research & Development,1,2,Life Sciences,1,2250,Female,1,Research Scientist,Married,184300,4,Y,12,8,1,10,5,3,1,2,2,4,4,3,3,10.56585677
48,No,Travel_Rarely,Research & Development,24,3,Technical Degree,1,2251,Male,2,Research Scientist,Divorced,16010,4,Y,12,8,0,15,3,2,2,2,3,1,3,3,3,7.085850767
34,Yes,Travel_Rarely,Research & Development,7,4,Medical,1,2252,Male,2,Research Scientist,Married,26940,1,Y,16,8,1,2,3,2,2,2,1,3,3,3,3,7.422883428
40,No,Non-Travel,Research & Development,25,4,Other,1,2253,Female,1,Sales Executive,Divorced,31490,2,Y,15,8,1,16,1,9,4,8,4,2,3,2,3,7.98513947
28,No,Travel_Rarely,Research & Development,1,2,Technical Degree,1,2254,Female,1,Research Scientist,Single,176390,0,Y,13,8,1,6,0,5,1,3,4,1,3,3,3,6.513891156
44,No,Non-Travel,Research & Development,5,3,Life Sciences,1,2255,Male,1,Laboratory Technician,Single,23190,3,Y,18,8,0,7,4,5,0,3,3,3,3,2,3,6.589474507
53,No,Travel_Rarely,Research & Development,2,4,Technical Degree,1,2256,Male,2,Manager,Single,116910,4,Y,20,8,0,35,2,9,8,8,4,2,2,3,4,6.90184576
49,No,Travel_Rarely,Research & Development,7,3,Life Sciences,1,2257,Male,3,Laboratory Technician,Married,53240,2,Y,19,8,0,20,2,3,1,2,1,3,2,1,3,6.786344907
40,No,Travel_Rarely,Research & Development,2,4,Life Sciences,1,2258,Male,3,Laboratory Technician,Divorced,167520,2,Y,18,8,1,8,3,3,1,2,3,3,4,3,3,6.509148472
44,No,Travel_Rarely,Research & Development,5,1,Other,1,2259,Male,3,Research Scientist,Single,52280,1,Y,13,8,0,6,2,5,1,3,4,2,2,4,3,6.917345546
33,No,Travel_Frequently,Human Resources,10,3,Medical,1,2260,Female,2,Sales Executive,Married,27000,0,Y,14,8,3,5,2,4,0,3,4,1,3,3,3,7.285915103
34,No,Travel_Rarely,Research & Development,10,4,Life Sciences,1,2261,Female,1,Sales Representative,Single,192460,3,Y,15,8,1,15,5,13,3,12,4,1,3,3,3,6.873781436
30,No,Travel_Rarely,Sales,1,2,Technical Degree,1,2262,Male,1,Laboratory Technician,Married,25060,8,Y,22,8,0,4,3,2,2,2,4,3,2,3,4,6.1275962
42,No,Travel_Frequently,Research & Development,8,4,Medical,1,2263,Female,1,Sales Executive,Single,60620,1,Y,22,8,2,12,2,12,5,8,1,4,3,3,4,7.286386584
44,No,Travel_Frequently,Research & Development,5,3,Life Sciences,1,2264,Female,5,Manufacturing Director,Married,43820,7,Y,16,8,2,11,2,1,0,0,1,3,2,3,3,7.600639124
30,No,Non-Travel,Research & Development,8,3,Life Sciences,1,2265,Male,1,Manufacturing Director,Divorced,21430,1,Y,17,8,1,1,2,1,0,0,3,3,2,3,3,6.172838215
57,No,Travel_Rarely,Sales,2,1,Life Sciences,1,2266,Male,3,Research Scientist,Married,61620,0,Y,14,8,0,13,5,12,2,8,2,3,2,2,3,7.604345067
49,No,Travel_Rarely,Research & Development,7,3,Technical Degree,1,2267,Female,2,Sales Executive,Divorced,50940,3,Y,15,8,0,29,5,8,0,7,3,2,3,3,3,6.90729654
34,No,Travel_Frequently,Research & Development,2,4,Medical,1,2268,Female,2,Sales Representative,Divorced,68770,7,Y,20,8,0,16,3,14,6,9,2,1,2,3,4,6.293506173
28,Yes,Travel_Frequently,Research & Development,2,3,Medical,1,2269,Male,1,Research Scientist,Married,22740,3,Y,20,8,1,5,5,3,1,2,1,3,4,3,4,6.492943287
29,Yes,Travel_Frequently,Research & Development,28,3,Medical,1,2270,Female,5,Research Scientist,Single,44340,5,Y,17,8,3,7,1,5,0,0,1,2,1,3,3,7.808987142
34,Yes,Travel_Rarely,Research & Development,7,1,Medical,1,2271,Male,1,Research Scientist,Single,62880,0,Y,15,8,1,16,2,15,10,10,1,2,4,3,3,8.52708989
35,No,Travel_Rarely,Sales,7,4,Other,1,2272,Female,4,Healthcare Representative,Married,25530,1,Y,14,8,1,1,4,1,0,0,4,3,3,2,3,6.614800538
24,Yes,Travel_Frequently,Sales,3,3,Life Sciences,1,2273,Male,2,Research Scientist,Single,76540,2,Y,17,8,1,4,3,0,0,0,2,1,2,2,3,8.507790456
24,No,Non-Travel,Research & Development,10,3,Life Sciences,1,2274,Female,2,Manager,Married,51600,1,Y,17,8,1,1,3,1,0,0,4,2,3,1,3,7.406158173
44,No,Travel_Frequently,Research & Development,5,2,Medical,1,2275,Female,2,Research Scientist,Single,171590,5,Y,22,8,1,16,1,2,2,2,2,3,2,2,4,10.29623101
29,No,Travel_Rarely,Sales,10,2,Life Sciences,1,2276,Female,1,Sales Executive,Divorced,128080,1,Y,13,8,0,10,6,10,0,4,3,3,3,3,3,6.980078861
30,No,Travel_Rarely,Research & Development,1,2,Life Sciences,1,2277,Male,3,Sales Executive,Divorced,102210,0,Y,19,8,1,6,2,5,1,3,3,3,4,3,3,6.101316739
55,No,Travel_Rarely,Sales,20,3,Marketing,1,2278,Male,2,Research Scientist,Married,47790,0,Y,14,8,1,4,6,3,1,2,4,3,3,3,3,10.70099337
33,No,Travel_Rarely,Research & Development,7,2,Life Sciences,1,2279,Male,2,Research Scientist,Married,37370,8,Y,22,8,2,8,2,5,0,2,1,2,3,3,4,7.897586957
47,No,Travel_Rarely,Research & Development,8,4,Medical,1,2280,Female,2,Sales Representative,Married,23660,3,Y,17,8,0,11,5,5,1,2,3,3,2,2,3,10.88412578
28,Yes,Travel_Frequently,Sales,1,3,Marketing,1,2281,Male,2,Laboratory Technician,Single,17060,7,Y,12,8,0,8,3,0,0,0,3,1,2,3,3,7.586788269
28,No,Travel_Rarely,Sales,8,4,Marketing,1,2282,Male,1,Laboratory Technician,Divorced,163070,1,Y,16,8,0,1,3,1,0,0,1,3,1,2,3,6.109356168
28,No,Travel_Frequently,Research & Development,9,3,Life Sciences,1,2283,Female,2,Sales Executive,Single,59330,0,Y,11,8,0,5,3,4,1,3,3,1,3,3,3,7.0358026
49,No,Travel_Rarely,Research & Development,5,4,Life Sciences,1,2284,Female,1,Research Scientist,Married,34240,4,Y,11,8,0,10,3,3,1,2,3,1,3,3,3,6.407399758
29,No,Travel_Frequently,Research & Development,8,1,Medical,1,2285,Male,1,Research Scientist,Married,40370,0,Y,14,8,0,4,2,3,0,2,4,2,3,1,3,7.117046337
28,No,Travel_Rarely,Research & Development,5,1,Technical Degree,1,2286,Male,2,Laboratory Technician,Married,25590,1,Y,11,8,0,8,3,8,1,7,3,2,2,2,3,5.9865551
33,No,Travel_Rarely,Research & Development,15,4,Life Sciences,1,2287,Female,1,Sales Executive,Single,62010,2,Y,15,8,3,14,2,0,0,0,4,3,3,2,3,8.492564279
32,No,Travel_Rarely,Research & Development,7,3,Life Sciences,1,2288,Female,3,Laboratory Technician,Single,44030,2,Y,20,8,0,10,3,5,0,0,3,4,4,2,4,7.435967391
54,No,Travel_Frequently,Sales,10,3,Life Sciences,1,2289,Female,4,Research Scientist,Divorced,37610,3,Y,12,8,0,26,3,14,1,12,2,4,3,2,3,6.97286715
29,Yes,Travel_Rarely,Research & Development,5,3,Life Sciences,1,2290,Female,2,Research Scientist,Single,109340,6,Y,17,8,2,11,2,9,0,7,1,1,1,3,3,6.550877069
44,No,Travel_Rarely,Sales,26,1,Marketing,1,2291,Male,1,Sales Representative,Married,107610,3,Y,11,8,1,24,5,20,14,17,4,1,4,2,3,7.896398072
39,No,Travel_Rarely,Sales,6,1,Technical Degree,1,2292,Female,2,Laboratory Technician,Single,51750,4,Y,17,8,1,9,2,2,2,2,2,2,3,4,3,7.128395981
46,No,Travel_Rarely,Research & Development,4,2,Life Sciences,1,2293,Male,3,Manufacturing Director,Married,138260,8,Y,11,8,0,23,1,13,5,1,3,2,4,2,3,7.025510974
35,No,Travel_Rarely,Research & Development,23,4,Life Sciences,1,2294,Male,2,Research Scientist,Single,63340,1,Y,14,8,0,11,2,11,3,3,4,2,1,4,3,6.211119179
23,No,Travel_Rarely,Research & Development,2,4,Medical,1,2295,Female,2,Manager,Single,49360,0,Y,19,8,1,5,2,4,1,2,1,3,3,2,3,7.679793981
40,Yes,Travel_Rarely,Research & Development,2,3,Medical,1,2296,Male,2,Research Director,Single,47750,3,Y,15,8,1,15,3,5,1,0,4,1,1,4,3,7.5913497
34,No,Travel_Rarely,Human Resources,2,3,Human Resources,1,2297,Male,2,Manufacturing Director,Married,28180,1,Y,13,8,1,10,2,10,8,6,4,3,3,3,3,10.29017174
31,Yes,Travel_Frequently,Research & Development,29,3,Life Sciences,1,2298,Female,2,Healthcare Representative,Single,25150,1,Y,14,8,0,7,3,7,7,7,4,3,1,2,3,6.366089181
50,No,Travel_Frequently,Research & Development,6,3,Medical,1,2299,Male,1,Manager,Single,23420,1,Y,12,8,1,32,2,32,13,9,3,4,3,2,3,9.990187943
34,No,Travel_Rarely,Sales,25,5,Marketing,1,2300,Female,1,Research Scientist,Married,41940,0,Y,17,8,2,12,3,11,5,7,2,3,3,3,3,10.49956597
42,No,Travel_Rarely,Research & Development,1,3,Life Sciences,1,2301,Female,1,Manufacturing Director,Married,106850,4,Y,11,8,3,4,2,1,0,0,3,2,3,3,3,6.572412764
37,No,Travel_Rarely,Research & Development,2,2,Medical,1,2302,Male,1,Research Scientist,Married,20220,1,Y,12,8,0,10,1,10,3,7,1,4,3,3,3,8.039399718
29,No,Travel_Rarely,Research & Development,1,3,Medical,1,2303,Female,1,Manager,Married,23140,3,Y,13,8,0,9,5,7,0,7,3,1,3,4,3,6.173074388
33,No,Travel_Rarely,Research & Development,1,1,Life Sciences,1,2304,Male,1,Research Scientist,Single,42560,1,Y,13,8,3,5,1,5,0,2,4,2,3,3,3,7.202849239
45,No,Travel_Rarely,Sales,3,3,Life Sciences,1,2305,Male,3,Laboratory Technician,Married,35800,4,Y,20,8,1,8,1,5,0,3,4,4,3,2,4,5.980826023
42,No,Travel_Frequently,Human Resources,1,4,Technical Degree,1,2306,Male,2,Manufacturing Director,Married,31620,2,Y,17,8,2,24,1,20,13,9,4,4,1,3,3,8.106577635
40,No,Travel_Rarely,Sales,10,1,Life Sciences,1,2307,Female,1,Manufacturing Director,Married,65240,0,Y,13,8,1,9,2,8,7,1,1,1,4,4,3,6.295314168
33,No,Travel_Rarely,Research & Development,9,3,Medical,1,2308,Female,2,Manufacturing Director,Married,28990,1,Y,17,8,0,15,3,15,5,7,2,3,3,2,3,10.62316057
40,No,Travel_Rarely,Sales,5,5,Life Sciences,1,2309,Male,1,Manufacturing Director,Single,52310,1,Y,12,8,2,21,4,21,7,7,3,4,3,3,3,8.386603273
24,No,Travel_Rarely,Sales,10,2,Marketing,1,2310,Male,1,Manufacturing Director,Divorced,23560,0,Y,13,8,0,2,5,1,0,0,3,1,3,3,3,6.112486111
40,No,Non-Travel,Research & Development,7,3,Medical,1,2311,Male,1,Research Scientist,Divorced,28000,3,Y,12,8,2,8,0,2,2,2,4,4,,2,3,8.397320128
45,No,Travel_Rarely,Research & Development,4,3,Medical,1,2312,Female,3,Laboratory Technician,Divorced,118360,1,Y,22,8,0,10,2,10,7,7,1,2,3,4,4,6.563907164
35,No,Travel_Rarely,Research & Development,10,1,Life Sciences,1,2313,Male,1,Healthcare Representative,Married,109030,0,Y,11,8,0,6,3,5,4,2,2,3,3,4,3,7.803651927
32,No,Travel_Rarely,Research & Development,22,4,Medical,1,2314,Male,1,Sales Executive,Married,29730,3,Y,22,8,0,12,0,7,2,5,4,2,3,4,4,7.286747539
36,No,Travel_Rarely,Sales,9,3,Marketing,1,2315,Female,4,Research Scientist,Single,142750,3,Y,18,8,1,7,5,3,1,2,3,4,2,2,3,9.097270686
48,No,Travel_Rarely,Research & Development,12,4,Medical,1,2316,Male,1,Laboratory Technician,Divorced,55620,8,Y,13,8,1,18,2,8,7,7,3,3,3,3,3,7.873355697
29,No,Travel_Rarely,Research & Development,23,4,Life Sciences,1,2317,Female,2,Healthcare Representative,Married,45370,6,Y,18,8,1,5,5,1,0,0,3,3,2,4,3,7.791838913
33,No,Travel_Rarely,Research & Development,9,1,Medical,1,2318,Male,1,Healthcare Representative,Married,76420,2,Y,20,8,1,8,2,2,2,2,1,1,1,2,4,7.097097622
30,Yes,Travel_Rarely,Research & Development,1,3,Other,1,2319,Male,3,Sales Executive,Married,179240,1,Y,13,8,2,10,2,10,6,7,2,1,3,3,3,7.396179337
38,No,Travel_Frequently,Sales,9,3,Marketing,1,2320,Male,1,Manufacturing Director,Married,52040,3,Y,13,8,1,10,2,6,1,2,3,3,3,3,3,6.897724051
35,No,Travel_Rarely,Sales,7,2,Life Sciences,1,2321,Male,1,Sales Executive,Single,22770,1,Y,12,8,1,3,2,3,1,2,4,1,3,3,3,6.788795488
30,No,Travel_Rarely,Research & Development,14,3,Technical Degree,1,2322,Male,5,Research Director,Married,27950,3,Y,13,8,0,9,4,4,1,3,3,2,3,3,3,6.51413118
35,Yes,Travel_Rarely,Research & Development,2,3,Medical,1,2323,Female,1,Research Scientist,Divorced,25320,1,Y,13,8,0,1,2,1,0,0,1,1,3,1,3,9.681411443
53,Yes,Travel_Rarely,Research & Development,19,3,Life Sciences,1,2324,Male,2,Manager,Married,25590,0,Y,25,8,0,34,2,33,1,9,3,4,3,3,4,6.491736976
38,Yes,Travel_Rarely,Research & Development,2,3,Medical,1,2325,Female,3,Sales Executive,Married,49080,4,Y,19,8,1,7,3,5,1,4,3,2,3,2,3,7.613203552
32,No,Non-Travel,Research & Development,10,4,Life Sciences,1,2326,Female,5,Research Scientist,Married,23800,4,Y,13,8,0,9,5,6,1,2,4,1,2,3,3,7.385480419
48,No,Travel_Rarely,Research & Development,2,5,Life Sciences,1,2327,Male,1,Sales Executive,Married,47650,8,Y,12,8,1,10,4,8,7,6,3,1,2,3,3,7.093524155
34,No,Travel_Rarely,Research & Development,3,3,Life Sciences,1,2328,Male,2,Sales Executive,Single,20440,1,Y,11,8,0,1,2,1,0,0,1,4,1,3,3,7.419126462
55,No,Travel_Rarely,Research & Development,11,1,Medical,1,2329,Female,1,Laboratory Technician,Married,26930,1,Y,18,8,0,36,6,36,2,13,3,4,3,2,3,6.409076114
34,No,Travel_Rarely,Research & Development,2,2,Life Sciences,1,2330,Male,2,Research Scientist,Married,65860,9,Y,18,8,1,9,3,2,2,1,2,4,2,3,3,6.112743363
26,No,Travel_Rarely,Research & Development,4,3,Life Sciences,1,2331,Male,1,Research Director,Married,32940,1,Y,11,8,0,1,6,1,0,0,1,4,3,3,3,7.309532775
38,No,Travel_Rarely,Sales,14,2,Marketing,1,2332,Female,1,Sales Executive,Married,41710,0,Y,23,8,0,10,4,9,7,7,3,2,3,4,4,6.96694786
38,No,Travel_Rarely,Research & Development,2,3,Life Sciences,1,2333,Female,1,Manufacturing Director,Single,27780,2,Y,13,8,0,8,5,3,1,2,2,2,4,2,3,7.210002334
36,No,Travel_Rarely,Human Resources,1,3,Human Resources,1,2334,Male,1,Research Scientist,Single,23770,6,Y,13,8,2,15,3,1,0,0,2,3,3,3,3,7.385652896
29,No,Travel_Rarely,Research & Development,10,3,Life Sciences,1,2335,Male,1,Sales Representative,Single,24040,1,Y,17,8,0,10,3,10,1,5,2,1,3,2,3,8.066179972
35,No,Travel_Rarely,Sales,12,2,Life Sciences,1,2336,Female,2,Sales Executive,Single,23180,3,Y,19,8,0,10,4,5,0,4,1,3,3,4,3,9.313444679
39,No,Travel_Rarely,Sales,2,2,Medical,1,2337,Female,1,Sales Executive,Married,20080,2,Y,12,8,0,11,3,7,7,6,4,3,3,3,3,7.799657651
29,No,Travel_Frequently,Research & Development,5,1,Medical,1,2338,Female,1,Research Scientist,Divorced,62440,1,Y,22,8,0,6,3,6,1,3,1,4,4,3,4,6.811413399
50,No,Travel_Rarely,Research & Development,4,2,Medical,1,2339,Female,1,Laboratory Technician,Married,27990,4,Y,12,8,1,27,0,1,0,0,3,3,3,1,3,9.386987811
23,No,Travel_Rarely,Research & Development,7,2,Life Sciences,1,2340,Female,3,Manager,Married,105520,2,Y,11,8,0,4,2,2,2,2,4,3,3,3,3,6.71481767
36,No,Travel_Frequently,Sales,21,3,Life Sciences,1,2341,Male,2,Human Resources,Married,23290,3,Y,15,8,0,9,2,3,0,2,1,1,3,3,3,9.199428946
42,No,Travel_Rarely,Research & Development,8,2,Life Sciences,1,2342,Female,5,Manager,Single,40140,8,Y,13,8,1,24,3,1,0,1,4,4,3,3,3,5.99606616
35,No,Travel_Rarely,Sales,4,3,Medical,1,2343,Female,2,Laboratory Technician,Married,74030,1,Y,12,8,1,10,4,10,6,8,2,3,2,3,3,6.420092193
34,No,Travel_Frequently,Research & Development,25,1,Life Sciences,1,2344,Female,1,Manager,Married,22590,1,Y,14,8,0,8,2,8,7,7,4,3,2,3,3,6.02311824
40,No,Travel_Rarely,Research & Development,1,4,Life Sciences,1,2345,Male,2,Laboratory Technician,Married,69320,1,Y,13,8,0,5,5,5,1,2,4,1,3,3,3,6.508975257
43,No,Travel_Rarely,Research & Development,1,1,Other,1,2346,Male,1,Manager,Divorced,46780,5,Y,25,8,1,8,0,6,0,2,4,2,3,4,4,6.996113465
35,No,Travel_Rarely,Sales,6,3,Marketing,1,2347,Female,3,Sales Representative,Married,135820,1,Y,17,8,1,1,3,1,0,1,3,4,2,2,3,7.355165198
46,No,Travel_Rarely,Research & Development,12,4,Technical Degree,1,2348,Male,1,Laboratory Technician,Single,23320,1,Y,11,8,0,27,2,26,0,12,4,1,1,3,3,6.600259503
28,Yes,Travel_Rarely,Human Resources,1,3,Medical,1,2349,Female,2,Laboratory Technician,Married,24130,1,Y,16,8,1,1,2,1,0,0,3,2,3,3,3,8.397721755
22,No,Non-Travel,Sales,17,2,Marketing,1,2350,Male,3,Sales Executive,Married,97050,1,Y,18,8,2,4,3,4,1,3,2,3,2,2,3,8.875546373
50,No,Travel_Frequently,Research & Development,3,3,Other,1,2351,Male,2,Research Scientist,Married,42940,2,Y,20,8,0,32,2,30,12,13,2,3,3,2,4,9.39608477
32,No,Travel_Rarely,Research & Development,3,2,Life Sciences,1,2352,Male,3,Research Scientist,Married,47210,3,Y,14,8,1,6,3,3,0,2,2,4,3,3,3,6.289856974
44,No,Travel_Rarely,Research & Development,10,3,Technical Degree,1,2353,Male,3,Manager,Divorced,25190,0,Y,21,8,2,23,2,22,1,10,2,4,2,3,4,8.780275463
30,No,Travel_Rarely,Research & Development,4,3,Medical,1,2354,Female,1,Research Director,Married,21210,1,Y,13,8,1,6,2,6,1,1,2,2,2,3,3,6.6125962
45,No,Travel_Rarely,Sales,29,2,Technical Degree,1,2355,Female,2,Research Scientist,Single,29730,1,Y,12,8,0,10,2,10,1,4,3,1,3,3,3,8.907959089
45,No,Non-Travel,Sales,2,4,Life Sciences,1,2356,Male,2,Manufacturing Director,Married,58550,1,Y,14,8,1,10,3,10,4,5,1,1,3,2,3,7.881596648
31,No,Travel_Frequently,Research & Development,7,3,Medical,1,2357,Male,2,Research Scientist,Single,36170,7,Y,21,8,1,10,5,5,0,3,4,1,3,3,4,7.217484231
36,No,Travel_Rarely,Research & Development,18,1,Medical,1,2358,Male,2,Manufacturing Director,Married,67250,9,Y,17,8,1,7,3,3,1,1,3,3,3,3,3,10.91356295
34,No,Travel_Frequently,Sales,28,4,Marketing,1,2359,Male,5,Manufacturing Director,Divorced,103250,1,Y,11,8,1,9,3,9,7,2,3,4,3,2,3,6.067014815
49,No,Travel_Rarely,Research & Development,1,4,Life Sciences,1,2360,Male,3,Healthcare Representative,Married,69490,1,Y,14,8,1,10,2,9,1,4,3,1,2,3,3,7.268998179
39,No,Travel_Rarely,Research & Development,6,2,Life Sciences,1,2361,Male,3,Research Scientist,Married,106090,2,Y,17,8,1,10,2,7,7,7,2,1,3,3,3,6.571264749
27,No,Travel_Rarely,Research & Development,2,1,Life Sciences,1,2362,Male,4,Research Scientist,Divorced,44470,1,Y,13,8,0,7,4,7,0,7,4,1,3,3,3,6.109443247
35,No,Travel_Rarely,Research & Development,2,3,Medical,1,2363,Female,2,Sales Executive,Married,21570,1,Y,25,8,0,16,1,16,1,10,2,1,3,2,4,7.590426329
28,No,Travel_Rarely,Research & Development,23,3,Life Sciences,1,2364,Male,3,Manufacturing Director,Divorced,46010,0,Y,15,8,2,6,2,5,0,0,2,1,2,3,3,7.431320621
21,No,Travel_Rarely,Research & Development,3,1,Life Sciences,1,2365,Female,1,Laboratory Technician,Single,170990,1,Y,14,8,1,3,2,2,2,2,3,4,3,3,3,7.932450023
18,Yes,Travel_Frequently,Research & Development,3,5,Medical,1,2366,Male,1,Research Director,Single,24790,,Y,12,8,1,0,2,0,0,0,2,4,4,2,3,8.383343037
47,No,Travel_Rarely,Research & Development,25,4,Medical,1,2367,Male,2,Research Scientist,Married,148520,3,Y,19,8,3,27,3,5,1,0,4,3,3,2,3,6.011422414
39,No,Travel_Rarely,Sales,2,4,Life Sciences,1,2368,Male,1,Laboratory Technician,Divorced,72640,0,Y,17,8,0,,5,10,0,7,3,3,3,3,3,6.894523107
40,No,Travel_Rarely,Research & Development,22,1,Life Sciences,1,2369,Male,1,Laboratory Technician,Married,56660,1,Y,14,8,1,18,2,18,14,12,1,3,3,3,3,7.528335718
35,No,Non-Travel,Research & Development,29,3,Medical,1,2370,Female,2,Sales Executive,Married,78230,1,Y,13,8,1,15,3,14,2,9,3,3,3,3,3,6.192031401
37,No,Travel_Rarely,Research & Development,29,4,Technical Degree,1,2371,Male,1,Laboratory Technician,Married,78800,3,Y,12,8,1,9,2,4,0,2,3,3,2,4,3,8.023858151
39,No,Travel_Frequently,Research & Development,2,3,Technical Degree,1,2372,Female,2,Manager,Single,131940,0,Y,11,8,0,10,2,9,3,8,1,3,1,3,3,6.660232861
45,No,Travel_Rarely,Research & Development,28,3,Life Sciences,1,2373,Female,2,Laboratory Technician,Divorced,50670,1,Y,11,8,2,10,3,10,3,9,4,4,3,2,3,7.326619991
38,No,Travel_Rarely,Research & Development,2,4,Life Sciences,1,2374,Female,3,Sales Executive,Married,50790,3,Y,11,8,0,10,3,5,0,2,4,3,4,3,3,9.600522405
35,Yes,Travel_Rarely,Research & Development,2,3,Life Sciences,1,2375,Male,3,Healthcare Representative,Married,23210,9,Y,12,8,1,15,0,13,6,0,4,1,3,3,3,5.999986942
37,No,Travel_Rarely,Research & Development,22,3,Life Sciences,1,2376,Female,2,Healthcare Representative,Married,174440,1,Y,14,8,0,8,4,8,7,7,2,2,1,3,3,7.986035024
40,No,Travel_Rarely,Research & Development,8,3,Technical Degree,1,2377,Female,2,Healthcare Representative,Single,24040,6,Y,17,8,0,18,2,4,3,3,3,4,2,2,3,9.199227317
44,No,Travel_Frequently,Sales,2,2,Marketing,1,2378,Male,1,Laboratory Technician,Married,34520,4,Y,11,8,1,14,2,10,0,2,1,4,3,2,3,8.615238962
48,No,Travel_Frequently,Sales,10,4,Marketing,1,2379,Female,3,Manager,Married,22700,2,Y,14,8,3,23,2,2,2,2,3,4,3,3,3,7.076158565
35,Yes,Travel_Rarely,Research & Development,9,3,Life Sciences,1,2380,Male,2,Manager,Divorced,173990,6,Y,12,8,0,7,3,2,2,2,,4,2,1,3,10.70255061
24,No,Travel_Frequently,Research & Development,15,3,Life Sciences,1,2381,Male,2,Research Scientist,Single,54880,1,Y,22,8,1,6,6,6,1,3,1,4,3,3,4,8.667874197
27,No,Travel_Rarely,Sales,10,4,Life Sciences,1,2382,Male,3,Sales Executive,Married,194190,7,Y,14,8,1,5,2,3,0,2,2,3,3,1,3,7.234342707
27,No,Travel_Frequently,Research & Development,7,3,Life Sciences,1,2383,Male,1,Research Scientist,Single,28110,2,Y,20,8,0,6,3,4,1,2,4,4,2,3,4,6.421498792
40,Yes,Travel_Rarely,Sales,16,4,Marketing,1,2384,Male,1,Research Director,Single,36330,3,Y,16,8,2,10,0,4,0,3,1,1,1,3,3,10.47129592
29,No,Travel_Rarely,Research & Development,20,1,Medical,1,2385,Female,2,Manager,Single,41630,9,Y,15,8,1,8,4,5,1,4,3,3,3,2,3,7.317852914
36,No,Travel_Rarely,Research & Development,23,3,Life Sciences,1,2386,Female,3,Sales Executive,Married,21320,4,Y,20,8,0,9,1,3,0,2,2,1,3,2,4,7.927488569
25,No,Travel_Frequently,Sales,5,1,Marketing,1,2387,Male,4,Manufacturing Director,Divorced,139730,1,Y,14,8,0,7,3,7,0,7,4,3,3,2,3,6.126019737
39,No,Travel_Rarely,Sales,10,3,Marketing,1,2388,Female,2,Research Director,Married,26840,4,Y,12,8,0,7,2,5,1,0,4,2,3,3,3,6.755457302
49,No,Travel_Rarely,Sales,4,2,Life Sciences,1,2389,Male,2,Research Director,Married,108450,3,Y,24,8,0,27,4,4,1,2,1,2,3,2,4,7.779442029
50,No,Travel_Rarely,Research & Development,2,2,Medical,1,2390,Male,3,Sales Executive,Divorced,43770,5,Y,12,8,1,19,2,14,1,11,4,1,3,2,3,7.804605201
20,No,Travel_Rarely,Research & Development,18,4,Medical,1,2391,Female,2,Sales Executive,Single,37430,1,Y,13,8,1,2,2,2,2,2,3,3,3,3,3,6.620019324
34,No,Travel_Rarely,Research & Development,10,3,Medical,1,2392,Male,3,Laboratory Technician,Divorced,41480,1,Y,11,8,0,11,3,11,7,9,4,2,3,3,3,7.673401601
36,No,Travel_Rarely,Research & Development,1,3,Life Sciences,1,2393,Female,2,Healthcare Representative,Single,10510,2,Y,14,8,0,15,2,4,1,3,1,2,3,3,3,5.979037274
49,No,Travel_Rarely,Human Resources,6,2,Life Sciences,1,2394,Female,2,Research Scientist,Married,107390,2,Y,11,8,3,30,3,15,2,12,3,3,3,3,3,8.466084379
36,No,Non-Travel,Research & Development,8,4,Life Sciences,1,2395,Male,4,Laboratory Technician,Married,103880,0,Y,14,8,0,4,2,3,1,2,4,3,,3,3,8.007373843
36,No,Travel_Rarely,Research & Development,2,2,Medical,1,2396,Female,2,Healthcare Representative,Divorced,114160,6,Y,16,8,0,13,2,5,0,4,4,1,3,3,3,6.281566713
54,No,Travel_Rarely,Sales,24,3,Marketing,1,2397,Male,1,Laboratory Technician,Married,26000,3,Y,14,8,0,36,5,10,4,7,2,3,3,3,3,7.595829694
43,No,Travel_Rarely,Research & Development,2,4,Life Sciences,1,2398,Female,1,Research Scientist,Married,24220,1,Y,11,8,1,14,2,14,6,11,3,3,3,3,3,7.581850262
35,Yes,Travel_Frequently,Research & Development,17,4,Medical,1,2399,Male,1,Research Director,Single,54720,3,Y,11,8,1,13,3,11,6,7,4,4,4,2,3,8.392455273
38,No,Travel_Frequently,Research & Development,19,2,Life Sciences,1,2400,Male,2,Research Scientist,Married,24510,7,Y,12,8,1,19,3,13,2,9,4,4,4,3,3,7.190964792
29,No,Travel_Rarely,Research & Development,1,2,Medical,1,2401,Male,2,Sales Representative,Divorced,42400,1,Y,14,8,0,10,2,10,0,9,1,2,2,2,3,10.69297291
33,No,Travel_Rarely,Research & Development,7,3,Medical,1,2402,Male,5,Sales Executive,Divorced,109990,1,Y,18,8,3,6,3,6,0,4,4,4,3,2,3,6.363958333
32,No,Travel_Rarely,Research & Development,5,4,Technical Degree,1,2403,Male,5,Research Scientist,Divorced,50030,0,Y,13,8,0,10,5,9,1,6,4,2,2,3,3,6.58832989
31,No,Travel_Rarely,Research & Development,28,4,Technical Degree,1,2404,Female,2,Sales Executive,Married,127420,1,Y,11,8,0,10,4,10,0,2,1,4,3,2,3,7.418722452
49,No,Travel_Rarely,Research & Development,2,4,Medical,1,2405,Male,1,Laboratory Technician,Divorced,42270,4,Y,18,8,0,17,3,2,2,2,4,1,2,2,3,9.698152665
38,No,Travel_Frequently,Sales,29,2,Medical,1,2406,Female,1,Sales Executive,Single,39170,1,Y,15,8,3,4,2,4,3,3,4,2,3,3,3,7.830377069
47,No,Travel_Rarely,Research & Development,1,4,Medical,1,2407,Male,3,Laboratory Technician,Divorced,183030,6,Y,22,8,1,29,2,3,1,2,2,2,3,2,4,6.737826868
49,No,Travel_Rarely,Research & Development,21,3,Medical,1,2408,Male,2,Manufacturing Director,Single,23800,4,Y,13,8,0,23,3,8,0,0,3,3,3,1,3,6.414545874
41,No,Travel_Rarely,Research & Development,24,4,Life Sciences,1,2409,Female,4,Manager,Single,137260,3,Y,12,8,0,21,6,2,0,2,4,3,3,4,3,10.98809764
20,No,Travel_Rarely,Research & Development,1,3,Life Sciences,1,2410,Male,1,Sales Representative,Single,47770,1,Y,18,8,1,2,3,2,0,2,4,1,3,3,3,7.671119113
33,No,Non-Travel,Research & Development,18,2,Medical,1,2411,Female,2,Healthcare Representative,Divorced,63850,1,Y,13,8,0,7,6,6,1,2,3,4,3,2,3,9.46895176
36,No,Travel_Rarely,Research & Development,2,2,Technical Degree,1,2412,Male,3,Sales Executive,Married,199730,6,Y,12,8,0,10,2,3,0,2,1,3,2,3,3,5.98896809
44,No,Travel_Rarely,Research & Development,9,3,Technical Degree,1,2413,Female,3,Healthcare Representative,Divorced,68610,4,Y,12,8,0,8,2,2,2,2,3,4,3,2,3,8.491249419
23,Yes,Travel_Rarely,Human Resources,6,3,Life Sciences,1,2414,Female,3,Laboratory Technician,Single,49690,1,Y,12,8,0,5,3,5,1,2,4,3,3,3,3,8.127344736
38,No,Travel_Rarely,Research & Development,11,2,Life Sciences,1,2415,Male,1,Sales Executive,Married,198450,7,Y,11,8,1,7,3,0,0,0,4,3,2,3,3,7.38709022
53,No,Travel_Rarely,Research & Development,24,3,Life Sciences,1,2416,Male,4,Research Director,Married,133200,3,Y,11,8,0,11,2,4,1,2,2,4,3,3,3,8.002307692
48,Yes,Travel_Frequently,Sales,10,2,Marketing,1,2417,Male,1,Healthcare Representative,Married,63470,2,Y,12,8,1,19,3,9,7,7,4,3,3,1,3,9.926055786
32,Yes,Travel_Rarely,Sales,1,3,Life Sciences,1,2418,Male,2,Research Scientist,Single,27430,1,Y,19,8,1,1,2,1,0,0,4,2,3,3,3,7.488606259
26,No,Non-Travel,Research & Development,18,2,Medical,1,2419,Male,1,Human Resources,Single,108800,1,Y,23,8,1,7,5,7,5,7,4,4,3,3,4,7.173929739
55,No,Travel_Rarely,Research & Development,23,1,Life Sciences,1,2420,Male,5,Laboratory Technician,Divorced,23420,5,Y,11,8,2,8,2,4,1,2,1,2,3,3,3,7.686730956
34,No,Travel_Rarely,Sales,28,3,Life Sciences,1,2421,Female,2,Research Scientist,Married,176500,1,Y,19,8,1,15,6,15,4,13,2,4,4,1,3,7.996798001
60,No,Travel_Rarely,Sales,17,4,Medical,1,2422,Male,1,Manager,Divorced,40250,3,Y,13,8,1,19,5,1,0,0,3,4,4,2,3,6.191782807
33,No,Travel_Rarely,Sales,3,3,Life Sciences,1,2423,Male,3,Manager,Married,97250,1,Y,11,8,0,14,0,14,2,13,2,2,3,3,3,7.780635574
37,No,Travel_Frequently,Research & Development,13,3,Life Sciences,1,2424,Male,1,Laboratory Technician,Divorced,119040,1,Y,12,8,1,6,4,6,1,3,3,4,2,3,3,6.484710351
34,No,Travel_Rarely,Research & Development,7,2,Life Sciences,1,2425,Male,1,Healthcare Representative,Married,21770,1,Y,13,8,0,10,5,10,8,7,2,4,3,3,3,7.116946721
23,Yes,Travel_Rarely,Research & Development,12,2,Medical,1,2426,Male,2,Research Scientist,Divorced,75250,1,Y,14,8,2,3,2,3,0,2,3,4,3,3,3,9.214260446
44,No,Travel_Rarely,Human Resources,1,3,Life Sciences,1,2427,Male,1,Research Scientist,Married,48340,1,Y,14,8,0,9,1,8,6,7,3,4,3,4,3,8.474362948
35,No,Travel_Frequently,Research & Development,13,3,Life Sciences,1,2428,Male,3,Sales Executive,Single,20420,0,Y,16,8,0,6,2,5,1,4,1,4,4,3,3,8.168764124
43,No,Travel_Rarely,Research & Development,25,4,Life Sciences,1,2429,Male,2,Sales Executive,Married,22200,1,Y,11,8,0,10,2,10,8,8,4,4,3,1,3,8.106120858
24,No,Travel_Rarely,Research & Development,6,3,Life Sciences,1,2430,Male,3,Sales Executive,Married,10520,1,Y,13,8,0,5,3,5,0,4,3,3,3,3,3,6.718498818
41,No,Travel_Rarely,Sales,6,4,Marketing,1,2431,Male,1,Research Scientist,Single,28210,1,Y,17,8,0,10,3,10,8,7,4,3,3,3,3,6.988722944
29,No,Travel_Rarely,Research & Development,2,2,Life Sciences,1,2432,Male,2,Research Scientist,Married,192370,9,Y,11,8,1,9,2,5,1,2,4,3,3,3,3,7.874943237
36,No,Travel_Rarely,Human Resources,1,4,Life Sciences,1,2433,Female,3,Research Scientist,Single,41070,3,Y,11,8,1,17,2,13,6,7,3,4,2,1,3,6.298267085
45,No,Non-Travel,Sales,2,3,Life Sciences,1,2434,Female,2,Manufacturing Director,Married,83960,3,Y,15,8,2,25,3,23,14,4,3,3,2,2,3,6.324778481
24,Yes,Travel_Rarely,Sales,6,2,Medical,1,2435,Female,2,Manager,Married,20070,1,Y,12,8,0,1,2,1,0,0,4,3,3,2,3,6.430741135
47,Yes,Travel_Frequently,Research & Development,1,3,Medical,1,2436,Female,2,Sales Executive,Married,196270,7,Y,11,8,2,25,1,23,14,10,3,3,1,3,3,6.79687409
26,No,Travel_Rarely,Research & Development,9,1,Medical,1,2437,Male,1,Sales Executive,Married,106860,1,Y,14,8,1,3,2,3,0,2,4,3,4,3,3,7.681713535
45,No,Travel_Rarely,Research & Development,1,4,Life Sciences,1,2438,Male,1,Research Director,Single,29420,1,Y,22,8,1,21,4,21,8,6,4,2,3,3,4,6.625135234
32,No,Travel_Frequently,Sales,1,1,Marketing,1,2439,Male,2,Laboratory Technician,Married,88580,6,Y,16,8,1,10,2,5,1,3,1,3,2,3,3,6.893607565
31,No,Travel_Rarely,Research & Development,14,2,Life Sciences,1,2440,Male,1,Sales Executive,Married,167560,1,Y,11,8,2,6,5,5,0,3,2,3,4,3,3,7.198543735
41,No,Non-Travel,Sales,2,2,Medical,1,2441,Male,2,Research Scientist,Married,107980,6,Y,14,8,2,10,5,3,1,2,3,2,3,1,3,7.699780446
40,No,Travel_Rarely,Research & Development,22,2,Technical Degree,1,2442,Male,1,Healthcare Representative,Married,23230,2,Y,16,8,1,18,2,1,0,0,2,1,3,3,3,9.824216149
24,No,Travel_Rarely,Research & Development,3,3,Life Sciences,1,2443,Female,1,Research Scientist,Divorced,14160,1,Y,15,8,1,6,3,6,1,2,2,1,4,2,3,6.013961203
46,No,Travel_Rarely,Research & Development,6,3,Medical,1,2444,Male,4,Sales Executive,Single,46150,6,Y,12,8,0,19,3,10,0,9,3,2,3,2,3,7.563393458
35,No,Travel_Rarely,Sales,8,4,Life Sciences,1,2445,Male,1,Laboratory Technician,Married,24610,2,Y,20,8,1,17,4,7,0,7,4,3,3,3,4,7.413913043
30,No,Travel_Rarely,Sales,9,4,Marketing,1,2446,Male,1,Laboratory Technician,Married,87220,1,Y,17,8,1,10,3,10,0,8,2,4,2,3,3,7.298294175
47,No,Non-Travel,Research & Development,3,2,Life Sciences,1,2447,Female,2,Sales Executive,Married,39550,7,Y,12,8,1,4,5,1,0,0,3,2,1,3,3,7.683868086
46,No,Travel_Rarely,Research & Development,1,4,Technical Degree,1,2448,Female,3,Sales Executive,Divorced,99570,4,Y,20,8,0,13,1,10,0,3,3,4,2,3,4,9.7929645
36,Yes,Travel_Rarely,Research & Development,1,3,Medical,1,2449,Male,2,Manufacturing Director,Divorced,33760,5,Y,20,8,0,16,3,2,2,2,2,1,3,3,4,10.40676113
32,Yes,Travel_Rarely,Research & Development,26,3,Medical,1,2450,Female,2,Research Director,Single,88230,6,Y,13,8,2,10,3,0,0,0,1,2,3,3,3,7.000198087
23,No,Travel_Rarely,Sales,6,4,Life Sciences,1,2451,Male,3,Manufacturing Director,Single,103220,1,Y,14,8,2,3,2,3,1,2,3,2,1,3,3,6.011363426
31,No,Travel_Frequently,Sales,3,3,Marketing,1,2452,Male,2,Sales Executive,Single,46210,2,Y,18,8,1,9,3,5,1,4,4,4,2,3,3,6.504944904
39,No,Non-Travel,Research & Development,3,3,Life Sciences,1,2453,Female,2,Manufacturing Director,Married,109760,1,Y,11,8,0,9,3,9,5,8,4,4,3,2,3,10.17439435
32,No,Travel_Rarely,Research & Development,6,3,Technical Degree,1,2454,Male,1,Research Scientist,Married,36600,3,Y,11,8,2,10,0,4,0,2,4,3,1,2,3,7.647353556
40,No,Travel_Rarely,Sales,6,3,Life Sciences,1,2455,Male,3,Manufacturing Director,Single,104820,1,Y,11,8,1,21,6,21,12,8,2,2,2,2,3,7.936594517
45,No,Travel_Rarely,Research & Development,19,4,Medical,1,2456,Male,1,Sales Representative,Married,71190,4,Y,15,8,0,9,2,5,0,3,3,3,4,3,3,7.796080499
30,No,Travel_Frequently,Sales,9,3,Life Sciences,1,2457,Male,1,Research Director,Single,95820,0,Y,12,8,1,10,2,9,0,7,4,1,3,3,3,6.204518762
24,No,Travel_Frequently,Sales,3,4,Marketing,1,2458,Male,1,Sales Executive,Married,45080,0,Y,11,8,1,3,5,2,2,1,1,4,3,3,3,5.991230823
30,Yes,Travel_Frequently,Research & Development,10,3,Life Sciences,1,2459,Female,1,Human Resources,Divorced,22070,6,Y,14,8,0,6,4,4,1,2,3,4,2,3,3,6.712487426
31,No,Travel_Rarely,Research & Development,3,2,Life Sciences,1,2460,Male,3,Laboratory Technician,Married,77560,1,Y,15,8,2,6,3,5,0,2,1,3,3,4,3,7.615965986
27,No,Travel_Rarely,Sales,3,3,Life Sciences,1,2461,Male,1,Manager,Single,66940,1,Y,13,8,1,6,2,6,1,4,3,4,2,2,3,6.324247828
29,Yes,Travel_Rarely,Sales,4,3,Marketing,1,2462,Male,5,Research Scientist,Single,36910,1,Y,13,8,0,2,3,2,2,2,2,2,3,3,3,6.809577875
29,No,Travel_Frequently,Research & Development,8,4,Life Sciences,1,2463,Female,1,Sales Executive,Single,23770,8,Y,21,8,1,10,2,3,0,2,4,3,4,3,4,8.806621339
30,No,Travel_Rarely,Sales,7,3,Life Sciences,1,2464,Male,3,Sales Executive,Divorced,23130,2,Y,11,8,0,12,5,7,1,7,3,1,3,3,3,7.96613388
34,No,Travel_Rarely,Research & Development,1,2,Medical,1,2465,Female,2,Healthcare Representative,Married,176650,0,Y,11,8,0,6,5,5,1,2,4,4,3,2,3,9.900068861
33,No,Non-Travel,Research & Development,2,4,Medical,1,2466,Male,1,Sales Representative,Single,25960,8,Y,14,8,1,13,4,11,1,7,4,2,2,3,3,7.385372316
49,No,Travel_Rarely,Sales,3,4,Marketing,1,2467,Male,1,Sales Executive,Single,47280,3,Y,11,8,1,8,4,5,0,4,4,4,4,3,3,7.704099816
33,Yes,Travel_Rarely,Research & Development,10,3,Life Sciences,1,2468,Male,1,Sales Executive,Single,43020,2,Y,13,8,0,11,3,0,0,0,1,1,2,1,3,8.287419501
38,No,Travel_Frequently,Research & Development,28,3,Medical,1,2469,Male,1,Healthcare Representative,Married,29790,4,Y,12,8,1,9,3,6,0,5,3,2,2,3,3,7.855806878
31,Yes,Travel_Rarely,Human Resources,9,4,Human Resources,1,2470,Male,2,Laboratory Technician,Married,168850,2,Y,14,8,2,10,2,1,0,0,1,3,3,3,3,6.192894226
29,No,Travel_Rarely,Research & Development,3,4,Other,1,2471,Female,2,Sales Representative,Divorced,55930,1,Y,13,8,1,1,3,1,0,0,4,1,3,3,3,6.334084406
30,No,Travel_Rarely,Research & Development,2,1,Medical,1,2472,Male,1,Sales Representative,Married,104450,3,Y,18,8,1,10,3,7,1,7,3,3,3,3,3,6.778561947
32,No,Non-Travel,Research & Development,10,4,Life Sciences,1,2473,Female,1,Laboratory Technician,Single,87400,2,Y,11,8,1,12,2,7,0,7,2,2,3,3,3,5.983953544
38,No,Travel_Rarely,Research & Development,8,2,Technical Degree,1,2474,Female,1,Manufacturing Director,Married,25140,3,Y,11,8,0,15,2,1,1,0,2,4,3,2,3,9.004004923
43,Yes,Travel_Frequently,Research & Development,1,4,Other,1,2475,Male,3,Sales Executive,Married,76550,9,Y,12,8,1,6,3,1,0,0,3,3,3,3,3,8.375763889
42,No,Travel_Rarely,Human Resources,1,3,Other,1,2476,Female,1,Healthcare Representative,Divorced,174650,8,Y,13,8,1,7,3,5,0,4,2,2,2,3,3,6.706082499
55,No,Travel_Rarely,Research & Development,3,2,Life Sciences,1,2477,Female,1,Sales Executive,Married,73510,8,Y,20,8,1,34,3,1,0,0,3,,3,3,4,7.595277778
33,No,Non-Travel,Research & Development,14,3,Other,1,2478,Male,1,Research Scientist,Divorced,108200,5,Y,12,8,0,11,2,9,1,7,4,2,2,3,3,6.70041148
41,No,Travel_Rarely,Research & Development,5,3,Medical,1,2479,Male,1,Sales Representative,Divorced,121690,1,Y,19,8,0,5,2,5,0,4,3,1,,3,3,6.290448068
34,No,Non-Travel,Research & Development,7,4,Medical,1,2480,Female,1,Research Scientist,Divorced,196260,1,Y,21,8,0,15,5,15,0,7,4,3,3,2,4,8.189454861
53,No,Non-Travel,Research & Development,10,4,Medical,1,2481,Male,2,Healthcare Representative,Married,20700,4,Y,13,8,2,27,2,3,0,2,1,3,2,4,3,8.101309354
43,No,Travel_Rarely,Sales,16,2,Marketing,1,2482,Female,1,Laboratory Technician,Single,67820,0,Y,16,8,1,10,2,9,1,8,2,4,3,3,3,6.097704741
34,No,Travel_Rarely,Sales,10,2,Life Sciences,1,2483,Female,5,Sales Executive,Single,77790,5,Y,12,8,1,6,2,2,2,2,4,4,3,3,3,7.703959552
21,Yes,Travel_Rarely,Sales,1,2,Marketing,1,2484,Male,5,Healthcare Representative,Single,27910,1,Y,14,8,0,1,3,1,1,0,2,2,3,4,3,7.52442537
38,No,Travel_Rarely,Research & Development,8,2,Life Sciences,1,2485,Female,2,Sales Executive,Married,32010,1,Y,11,8,1,5,3,5,0,4,4,3,3,2,3,6.38877018
22,Yes,Travel_Rarely,Research & Development,1,3,Other,1,2486,Male,4,Research Scientist,Married,49680,1,Y,14,8,0,1,3,1,0,0,3,1,3,3,3,8.890420082
31,No,Travel_Rarely,Research & Development,8,5,Life Sciences,1,2487,Male,5,Sales Executive,Married,131200,1,Y,12,8,2,13,6,12,5,7,1,4,3,2,3,7.280066194
51,No,Travel_Rarely,Research & Development,1,4,Life Sciences,1,2488,Female,1,Manager,Married,40330,2,Y,14,8,0,15,2,2,2,2,1,3,3,3,3,6.703338102
37,No,Travel_Rarely,Research & Development,24,1,Life Sciences,1,2489,Male,2,Sales Executive,Married,32910,1,Y,16,8,3,5,2,5,0,3,2,2,3,2,3,8.021012583
46,No,Travel_Rarely,Sales,3,4,Marketing,1,2490,Female,1,Sales Representative,Divorced,42720,7,Y,13,8,0,24,3,2,2,2,3,4,3,4,3,9.994054374
36,No,Travel_Rarely,Research & Development,27,3,Technical Degree,1,2491,Female,4,Research Scientist,Married,50560,7,Y,12,8,0,15,2,12,5,7,4,1,3,2,3,9.50415721
44,Yes,Travel_Frequently,Sales,10,4,Life Sciences,1,2492,Male,1,Research Scientist,Divorced,28440,1,Y,12,8,0,6,2,5,2,3,3,2,2,4,3,9.287852011
37,No,Travel_Rarely,Research & Development,19,2,Technical Degree,1,2493,Male,2,Sales Executive,Divorced,27030,2,Y,14,8,0,19,2,10,4,7,3,2,2,3,3,6.133804045
35,Yes,Travel_Rarely,Research & Development,15,4,Life Sciences,1,2494,Male,2,Research Scientist,Single,19040,1,Y,22,8,1,10,4,10,7,7,3,4,3,3,4,8.582574919
33,No,Travel_Rarely,Research & Development,8,5,Medical,1,2495,Male,2,Laboratory Technician,Married,82240,6,Y,19,8,0,14,3,10,7,6,4,1,3,3,3,7.992180316
28,No,Travel_Rarely,Sales,9,3,Medical,1,2496,Female,2,Sales Executive,Married,47660,1,Y,12,8,0,5,3,5,0,3,3,4,4,3,3,7.389827423
39,No,Travel_Rarely,Sales,3,4,Marketing,1,2497,Female,2,Laboratory Technician,Single,26100,7,Y,12,8,0,9,2,4,2,2,3,3,3,2,3,6.908993801
46,No,Non-Travel,Research & Development,9,2,Life Sciences,1,2498,Male,2,Manufacturing Director,Single,57310,8,Y,17,8,0,6,2,2,2,2,2,2,3,3,3,6.69190609
40,No,Travel_Rarely,Research & Development,2,2,Medical,1,2499,Male,1,Research Director,Married,25390,4,Y,12,8,1,7,3,4,0,2,3,1,2,3,3,6.555122819
42,No,Travel_Rarely,Research & Development,7,4,Other,1,2500,Female,2,Laboratory Technician,Married,57140,5,Y,11,8,0,10,2,0,0,0,2,1,2,3,3,6.600409664
35,No,Non-Travel,Sales,10,1,Life Sciences,1,2501,Female,2,Research Director,Divorced,43230,2,Y,18,8,3,15,3,7,1,7,2,4,3,3,3,6.70278235
38,No,Non-Travel,Sales,6,4,Marketing,1,2502,Male,3,Sales Executive,Divorced,73360,5,Y,11,8,0,13,3,11,3,8,1,2,3,3,3,7.757895439
34,Yes,Travel_Frequently,Research & Development,2,1,Life Sciences,1,2503,Male,1,Manufacturing Director,Married,134990,4,Y,23,8,2,11,2,7,0,7,4,1,2,4,4,7.888297258
37,Yes,Travel_Rarely,Research & Development,24,3,Life Sciences,1,2504,Male,1,Laboratory Technician,Single,137580,1,Y,11,8,1,10,5,10,0,8,4,1,1,3,3,6.19627662
39,No,Travel_Frequently,Research & Development,2,1,Medical,1,2505,Male,2,Healthcare Representative,Divorced,51550,2,Y,18,8,1,7,3,2,2,2,3,4,3,2,3,6.196037759
43,No,Non-Travel,Human Resources,8,5,Medical,1,2506,Female,3,Sales Executive,Single,22580,4,Y,18,8,0,7,2,3,1,2,1,3,2,3,3,7.399991582
41,No,Travel_Rarely,Research & Development,3,3,Life Sciences,1,2507,Male,3,Research Scientist,Single,35970,3,Y,13,8,1,11,2,3,1,2,2,2,1,1,3,7.812406189
41,No,Travel_Rarely,Research & Development,1,1,Technical Degree,1,2508,Male,3,Laboratory Technician,Divorced,25150,0,Y,18,8,0,23,2,22,13,5,3,3,4,2,3,10.28176968
30,No,Travel_Rarely,Sales,26,3,Marketing,1,2509,Female,2,Manager,Single,44200,9,Y,11,8,0,9,3,7,0,2,1,3,3,3,3,7.11470679
26,Yes,Travel_Rarely,Human Resources,2,1,Technical Degree,1,2510,Female,3,Sales Executive,Married,65780,0,Y,15,8,2,6,3,5,1,4,4,2,3,2,3,8.718123249
46,Yes,Travel_Rarely,Research & Development,10,3,Medical,1,2511,Male,1,Sales Executive,Married,44220,4,Y,11,8,1,13,2,9,3,7,4,2,4,3,3,8.025100473
40,No,Travel_Rarely,Sales,27,2,Medical,1,2512,Female,3,Sales Executive,Divorced,102740,4,Y,18,8,0,12,3,5,0,3,3,4,3,3,3,6.611040528
34,No,Travel_Rarely,Research & Development,2,3,Life Sciences,1,2513,Male,2,Laboratory Technician,Married,53430,1,Y,14,8,0,10,5,10,4,8,2,3,3,2,3,7.37671412
58,No,Non-Travel,Research & Development,2,4,Medical,1,2514,Male,1,Laboratory Technician,Divorced,23760,4,Y,12,8,1,37,3,16,14,14,2,2,2,3,3,6.598882058
35,No,Travel_Rarely,Research & Development,8,1,Technical Degree,1,2515,Female,3,Manufacturing Director,Married,53460,0,Y,14,8,0,6,3,5,0,3,2,3,4,2,3,7.41087285
47,No,Travel_Rarely,Research & Development,19,5,Medical,1,2516,Female,2,Research Scientist,Divorced,28270,8,Y,14,8,1,28,3,22,14,10,3,2,3,3,3,10.67891017
40,No,Travel_Rarely,Research & Development,1,4,Life Sciences,1,2517,Male,2,Manager,Divorced,199430,2,Y,13,8,1,15,3,7,7,7,2,1,3,3,3,7.227091715
54,No,Travel_Rarely,Sales,27,4,Medical,1,2518,Male,1,Research Scientist,Married,31310,4,Y,14,8,0,14,3,7,1,7,4,4,2,2,3,7.074631268
31,No,Travel_Frequently,Sales,8,4,Other,1,2519,Female,3,Manufacturing Director,Married,25520,2,Y,18,8,0,9,2,3,2,2,1,1,3,3,3,7.494165454
28,No,Travel_Rarely,Sales,1,2,Life Sciences,1,2520,Male,3,Manager,Married,44770,1,Y,15,8,0,3,6,3,1,2,3,1,3,3,3,7.611939872
38,No,Travel_Rarely,Research & Development,19,3,Medical,1,2521,Female,2,Manufacturing Director,Married,64740,2,Y,13,8,2,20,3,4,0,3,2,4,2,1,3,9.500636717
26,No,Travel_Rarely,Sales,8,3,Marketing,1,2522,Female,1,Healthcare Representative,Single,30330,1,Y,12,8,0,5,2,5,1,2,3,4,3,2,3,6.11575715
58,No,Travel_Frequently,Research & Development,10,4,Technical Degree,1,2523,Female,1,Sales Representative,Married,29360,2,Y,13,8,1,23,3,2,2,2,1,3,3,3,3,9.615240363
18,No,Non-Travel,Research & Development,2,3,Life Sciences,1,2524,Male,3,Sales Representative,Single,186060,1,Y,24,8,2,0,4,0,0,0,2,3,1,3,4,7.631033479
31,Yes,Travel_Rarely,Research & Development,2,3,Life Sciences,1,2525,Male,3,Laboratory Technician,Married,21680,0,Y,14,8,1,2,2,1,0,0,4,1,3,3,3,6.141918768
29,Yes,Travel_Rarely,Research & Development,8,2,Medical,1,2526,Male,1,Manager,Divorced,28530,4,Y,14,8,1,4,5,2,2,0,1,1,3,2,3,8.672918925
45,No,Non-Travel,Sales,1,4,Technical Degree,1,2527,Male,1,Research Scientist,Married,170480,4,Y,15,8,0,10,3,8,5,7,3,3,4,2,3,7.199625123
36,No,Travel_Rarely,Sales,2,3,Technical Degree,1,2528,Female,5,Laboratory Technician,Married,22900,4,Y,11,8,0,15,5,1,0,0,4,2,3,3,3,10.68200553
43,No,Travel_Frequently,Sales,8,3,Medical,1,2529,Male,1,Research Director,Married,36000,1,Y,23,8,0,7,2,7,7,7,1,4,3,3,4,7.031896433
27,No,Travel_Frequently,Sales,8,4,Life Sciences,1,2530,Male,5,Research Scientist,Single,21070,0,Y,13,8,0,6,2,5,0,2,4,4,2,3,3,10.22136281
29,No,Travel_Frequently,Research & Development,6,2,Medical,1,2531,Male,1,Human Resources,Married,41150,1,Y,11,8,0,11,1,11,3,10,4,4,4,3,3,7.692630316
32,No,Travel_Frequently,Sales,9,4,Life Sciences,1,2532,Male,4,Sales Executive,Single,43270,8,Y,13,8,0,4,4,0,0,0,4,4,4,3,3,7.596130519
42,No,Non-Travel,Research & Development,11,3,Medical,1,2533,Male,1,Manager,Married,178560,3,Y,18,8,0,10,2,6,3,3,3,3,2,3,3,6.496671316
47,No,Travel_Rarely,Sales,2,2,Life Sciences,1,2534,Female,5,Manager,Single,31960,4,Y,14,8,1,7,3,2,2,0,2,3,3,2,3,6.115582858
46,No,Travel_Rarely,Human Resources,1,3,Life Sciences,1,2535,Female,1,Laboratory Technician,Divorced,190810,3,Y,21,8,0,12,2,9,4,7,4,4,2,3,4,7.192263244
28,No,Non-Travel,Research & Development,7,3,Life Sciences,1,2536,Male,1,Sales Executive,Divorced,89660,1,Y,16,8,1,3,3,3,2,2,3,4,3,2,3,7.716707028
29,No,Travel_Rarely,Research & Development,16,3,Medical,1,2537,Female,1,Manufacturing Director,Divorced,22100,8,Y,11,8,1,11,4,7,1,6,4,3,3,3,3,8.041272584
42,No,Travel_Rarely,Sales,2,4,Medical,1,2538,Female,2,Research Director,Single,45390,4,Y,17,8,1,8,5,0,0,0,4,3,3,3,3,6.596468765
32,Yes,Travel_Rarely,Research & Development,1,1,Medical,1,2539,Male,2,Laboratory Technician,Single,27410,7,Y,11,8,0,7,3,2,2,2,3,2,2,3,3,10.42669995
46,No,Travel_Rarely,Research & Development,23,1,Life Sciences,1,2540,Male,2,Laboratory Technician,Divorced,34910,2,Y,14,8,0,25,0,19,2,8,1,1,3,3,3,7.880292398
27,No,Travel_Rarely,Sales,2,3,Life Sciences,1,2541,Female,5,Research Scientist,Married,45410,1,Y,14,8,2,9,4,9,5,8,2,3,3,4,3,7.124595624
29,No,Travel_Rarely,Research & Development,1,2,Medical,1,2542,Male,3,Sales Executive,Married,26780,1,Y,25,8,1,1,3,1,0,0,4,2,3,3,4,7.963377872
43,No,Travel_Rarely,Research & Development,1,3,Life Sciences,1,2543,Male,1,Manufacturing Director,Married,73790,7,Y,13,8,2,21,3,16,6,14,1,3,3,2,3,6.286693588
48,No,Travel_Rarely,Research & Development,2,3,Life Sciences,1,2544,Female,2,Manager,Married,62720,4,Y,14,8,0,29,3,22,12,9,4,2,3,2,3,6.08562591
29,Yes,Travel_Frequently,Research & Development,13,2,Life Sciences,1,2545,Female,1,Laboratory Technician,Single,52200,1,Y,17,8,0,1,3,1,1,0,4,4,2,2,3,8.599234595
46,Yes,Travel_Rarely,Research & Development,4,4,Medical,1,2546,Female,2,Sales Representative,Married,27430,5,Y,25,8,1,14,1,8,0,7,3,2,3,4,4,7.888104167
27,No,Travel_Frequently,Research & Development,16,4,Medical,1,2547,Male,3,Healthcare Representative,Married,49980,0,Y,20,8,2,8,3,7,7,3,4,1,2,3,4,7.678046139
39,No,Travel_Rarely,Research & Development,2,3,Technical Degree,1,2548,Male,3,Healthcare Representative,Divorced,102520,8,Y,13,8,1,7,3,2,2,2,4,4,3,3,3,6.535387205
55,No,Travel_Rarely,Research & Development,2,3,Life Sciences,1,2549,Female,1,Human Resources,Married,27810,8,Y,13,8,1,19,2,5,0,4,2,4,4,3,3,6.190505162
28,No,Travel_Rarely,Research & Development,29,2,Life Sciences,1,2550,Male,2,Laboratory Technician,Married,68520,1,Y,18,8,1,1,2,1,0,0,2,2,3,4,3,6.993290687
30,Yes,Travel_Rarely,Sales,12,4,Life Sciences,1,2551,Female,2,Sales Executive,Single,49500,1,Y,12,8,2,1,3,1,0,0,2,4,2,3,3,7.683623685
22,Yes,Travel_Rarely,Research & Development,16,2,Life Sciences,1,2552,Female,2,Laboratory Technician,Single,35790,1,Y,19,8,3,1,3,1,0,0,4,2,3,3,3,10.50865588
36,No,Travel_Rarely,Research & Development,11,3,Life Sciences,1,2553,Male,1,Sales Executive,Married,131910,1,Y,14,8,1,10,2,10,1,7,2,3,3,2,3,9.496987923
31,No,Travel_Rarely,Research & Development,2,4,Life Sciences,1,2554,Female,5,Manager,Divorced,103770,1,Y,14,8,0,10,2,10,0,2,2,3,3,3,3,7.516973022
34,No,Travel_Rarely,Sales,14,2,Technical Degree,1,2555,Female,1,Sales Executive,Married,22350,2,Y,14,8,1,9,2,5,1,0,3,4,3,3,3,8.095313853
29,No,Travel_Rarely,Research & Development,5,5,Life Sciences,1,2556,Female,1,Sales Executive,Single,105020,3,Y,12,8,0,11,4,3,1,2,4,1,3,2,3,7.075585399
37,No,Travel_Rarely,Research & Development,7,2,Medical,1,2557,Male,1,Manufacturing Director,Married,20110,5,Y,13,8,0,16,4,5,0,4,4,1,3,4,3,8.703231884
35,No,Travel_Rarely,Sales,2,1,Technical Degree,1,2558,Male,2,Laboratory Technician,Married,18590,0,Y,25,8,1,4,2,3,0,2,4,2,3,2,4,10.51571511
45,No,Travel_Rarely,Research & Development,3,3,Medical,1,2559,Female,2,Sales Executive,Married,37600,0,Y,14,8,1,10,2,9,3,8,2,4,2,2,3,7.114031279
36,No,Travel_Frequently,Research & Development,5,3,Medical,1,2560,Female,4,Manufacturing Director,Single,177790,1,Y,17,8,1,10,5,10,0,8,2,4,2,1,3,6.537147667
40,No,Travel_Rarely,Research & Development,3,3,Other,1,2561,Male,1,Sales Executive,Divorced,68330,2,Y,13,8,0,22,3,19,11,16,1,1,3,3,3,6.808731725
26,No,Travel_Rarely,Research & Development,26,2,Life Sciences,1,2562,Male,2,Human Resources,Married,68120,1,Y,13,8,0,1,2,1,1,0,2,3,2,2,3,9.306218303
27,No,Travel_Rarely,Research & Development,4,3,Technical Degree,1,2563,Male,2,Manufacturing Director,Single,51710,0,Y,20,8,1,9,1,8,0,7,1,3,2,2,4,7.593683261
48,No,Travel_Frequently,Research & Development,2,3,Life Sciences,1,2564,Male,2,Research Director,Divorced,197400,3,Y,14,8,0,24,2,22,4,7,4,4,3,4,3,7.185576132
44,No,Travel_Rarely,Sales,1,2,Medical,1,2565,Male,4,Manager,Married,187110,2,Y,12,8,1,10,0,2,2,2,2,1,3,3,3,7.078182471
34,Yes,Non-Travel,Research & Development,27,2,Life Sciences,1,2566,Female,1,Sales Representative,Married,36920,1,Y,12,8,1,5,5,5,3,0,4,1,3,3,3,10.21411496
56,Yes,Travel_Rarely,Human Resources,1,2,Medical,1,2567,Female,5,Sales Executive,Single,25590,1,Y,21,8,0,5,3,4,1,0,1,4,3,3,4,6.895618056
36,No,Travel_Rarely,Research & Development,13,3,Technical Degree,1,2568,Female,3,Healthcare Representative,Married,25170,2,Y,14,8,0,12,3,4,1,3,3,2,1,3,3,7.319204331
41,No,Travel_Rarely,Research & Development,5,3,Life Sciences,1,2569,Female,1,Sales Executive,Married,66230,5,Y,18,8,0,14,3,5,1,4,,2,3,3,3,6.396317358
42,No,Travel_Rarely,Research & Development,7,3,Technical Degree,1,2570,Female,2,Sales Executive,Married,182650,9,Y,12,8,1,18,4,13,5,7,3,1,4,3,3,7.415789855
31,No,Travel_Rarely,Sales,9,4,Life Sciences,1,2571,Female,1,Sales Executive,Divorced,161240,2,Y,23,8,1,8,2,5,1,4,3,4,3,2,4,8.31741748
34,No,Travel_Rarely,Research & Development,8,1,Life Sciences,1,2572,Female,3,Laboratory Technician,Married,25850,3,Y,12,8,0,9,5,4,0,1,4,4,2,3,3,9.213606557
31,No,Travel_Rarely,Sales,25,2,Life Sciences,1,2573,Female,3,Manufacturing Director,Divorced,182130,8,Y,21,8,2,4,3,2,2,2,1,3,2,4,4,6.783251706
26,No,Travel_Frequently,Sales,16,2,Life Sciences,1,2574,Male,2,Healthcare Representative,Married,83800,0,Y,14,8,0,8,3,7,7,7,3,4,3,4,3,6.094803384
45,No,Travel_Frequently,Research & Development,8,4,Life Sciences,1,2575,Female,2,Manager,Single,29940,4,Y,18,8,1,12,2,4,0,3,2,3,3,3,3,7.788163009
33,No,Travel_Rarely,Sales,1,3,Life Sciences,1,2576,Female,5,Sales Executive,Single,12230,1,Y,13,8,1,10,3,10,0,9,2,3,2,3,3,6.366932773
28,No,Travel_Frequently,Sales,8,3,Life Sciences,1,2577,Male,4,Research Scientist,Married,11180,1,Y,11,8,0,7,3,7,0,7,3,4,3,3,3,10.5959482
29,Yes,Travel_Frequently,Human Resources,2,4,Human Resources,1,2578,Male,2,Sales Executive,Single,28750,1,Y,11,8,0,1,3,1,0,0,3,1,3,3,3,6.790143443
39,No,Non-Travel,Research & Development,8,5,Medical,1,2579,Female,2,Sales Representative,Married,188240,6,Y,19,8,1,10,4,3,1,2,1,3,3,3,3,6.278269324
27,No,Travel_Rarely,Sales,3,2,Technical Degree,1,2580,Male,2,Healthcare Representative,Married,135770,1,Y,12,8,1,6,2,5,1,2,2,2,2,3,3,7.282654195
34,No,Travel_Frequently,Research & Development,9,4,Life Sciences,1,2581,Female,2,Manufacturing Director,Married,26250,1,Y,12,8,3,16,4,15,6,11,3,4,3,3,3,8.898696494
28,Yes,Travel_Rarely,Research & Development,25,3,Technical Degree,1,2582,Male,1,Research Director,Single,187890,3,Y,16,8,1,6,4,2,2,2,4,3,3,3,3,9.392832404
47,No,Non-Travel,Research & Development,1,4,Medical,1,2583,Male,1,Research Scientist,Married,45380,8,Y,11,8,0,16,3,8,1,7,3,2,4,3,3,5.995739569
56,No,Travel_Rarely,Research & Development,4,3,Technical Degree,1,2584,Female,2,Sales Executive,Married,198470,4,Y,14,8,0,6,6,0,0,0,4,1,,3,3,7.906703784
39,No,Travel_Rarely,Research & Development,1,3,Other,1,2585,Female,1,Laboratory Technician,Married,105120,1,Y,12,8,1,10,2,10,7,9,1,1,3,3,3,7.018032693
38,No,Travel_Frequently,Research & Development,4,2,Medical,1,2586,Female,1,Manager,Divorced,44440,1,Y,13,8,0,20,2,20,0,7,4,2,3,3,3,10.80012372
58,No,Travel_Rarely,Sales,5,3,Marketing,1,2587,Male,5,Sales Representative,Married,21540,4,Y,21,8,1,29,3,1,0,0,4,4,2,3,4,9.880895981
32,Yes,Travel_Frequently,Research & Development,9,3,Life Sciences,1,2588,Male,2,Laboratory Technician,Single,191900,3,Y,17,8,1,8,2,4,0,3,1,3,3,3,3,10.22026359
38,No,Travel_Rarely,Research & Development,3,4,Life Sciences,1,2589,Female,1,Sales Representative,Divorced,44900,2,Y,21,8,1,10,1,5,0,3,2,4,4,3,4,7.61587963
49,No,Travel_Frequently,Sales,11,4,Life Sciences,1,2590,Male,2,Research Scientist,Married,35060,3,Y,11,8,1,28,4,5,4,3,2,4,3,2,3,6.336143791
42,No,Travel_Rarely,Sales,1,3,Life Sciences,1,2591,Female,1,Sales Executive,Divorced,23720,3,Y,12,8,1,14,3,0,0,0,2,4,3,3,3,8.703656028
27,Yes,Travel_Frequently,Sales,8,1,Life Sciences,1,2592,Male,4,Laboratory Technician,Married,102310,1,Y,13,8,1,1,2,1,0,0,1,2,3,3,3,6.453629071
35,No,Travel_Rarely,Research & Development,25,1,Medical,1,2593,Male,1,Sales Executive,Married,54100,0,Y,18,8,0,6,4,5,0,4,2,1,1,3,3,6.594681026
28,No,Non-Travel,Research & Development,21,1,Medical,1,2594,Male,3,Research Scientist,Single,79780,1,Y,16,8,2,5,2,5,1,4,3,3,2,3,3,6.666081999
31,No,Non-Travel,Sales,23,1,Medical,1,2595,Male,1,Sales Executive,Divorced,38670,1,Y,11,8,1,4,4,4,2,3,3,1,4,4,3,9.782472565
36,No,Non-Travel,Research & Development,1,3,Life Sciences,1,2596,Male,2,Research Scientist,Married,28380,1,Y,19,8,2,5,5,5,0,2,1,2,3,1,3,7.088763889
34,No,Travel_Rarely,Sales,2,3,Marketing,1,2597,Male,4,Healthcare Representative,Single,46950,1,Y,16,8,1,14,2,14,2,1,1,4,2,3,3,5.99783046
34,No,Travel_Rarely,Research & Development,19,3,Technical Degree,1,2598,Female,1,Research Director,Divorced,33390,1,Y,16,8,0,9,2,8,1,1,4,3,2,2,3,6.761289352
26,No,Travel_Rarely,Research & Development,2,2,Life Sciences,1,2599,Male,2,Research Scientist,Single,20800,0,Y,13,8,0,8,6,7,7,6,3,1,2,4,3,6.794783407
29,No,Travel_Rarely,Research & Development,2,4,Other,1,2600,Male,2,Laboratory Technician,Married,20960,0,Y,22,8,0,6,2,5,0,2,1,1,2,4,4,7.750866858
32,No,Non-Travel,Research & Development,3,1,Life Sciences,1,2601,Male,3,Manager,Divorced,62090,5,Y,17,8,1,9,5,5,1,2,3,4,3,4,3,6.603443014
31,No,Travel_Frequently,Research & Development,25,5,Technical Degree,1,2602,Female,2,Human Resources,Married,180610,1,Y,14,8,1,10,2,10,8,7,4,1,3,3,3,6.878268247
28,Yes,Travel_Rarely,Sales,7,5,Life Sciences,1,2603,Female,2,Sales Representative,Divorced,171230,5,Y,15,8,1,6,2,4,0,3,3,4,2,2,3,6.291164759
38,No,Travel_Rarely,Research & Development,9,2,Technical Degree,1,2604,Male,3,Sales Representative,Single,23720,4,Y,12,8,0,20,3,1,0,0,1,1,2,2,3,7.180157882
35,No,Travel_Rarely,Research & Development,5,3,Life Sciences,1,2605,Male,2,Sales Representative,Married,48830,1,Y,18,8,1,10,1,10,0,9,3,4,3,1,3,8.805177083
27,No,Travel_Rarely,Sales,2,3,Life Sciences,1,2606,Female,1,Manager,Single,39040,1,Y,15,8,0,7,2,7,0,7,4,4,3,3,3,7.914374699
32,No,Travel_Rarely,Research & Development,8,1,Medical,1,2607,Female,2,Research Scientist,Single,46270,8,Y,17,8,1,8,2,1,0,0,4,4,3,2,3,7.296955829
31,Yes,Travel_Frequently,Research & Development,2,1,Other,1,2608,Male,3,Sales Executive,Married,70940,1,Y,14,8,1,10,2,10,0,8,1,4,3,3,3,10.30499529
53,Yes,Travel_Rarely,Research & Development,18,3,Medical,1,2609,Male,1,Research Scientist,Single,34230,6,Y,15,8,1,15,4,2,2,2,1,1,2,3,3,10.80300591
54,No,Travel_Rarely,Research & Development,14,3,Other,1,2610,Male,3,Research Scientist,Married,66740,3,Y,17,8,1,9,2,4,2,3,1,3,2,3,3,7.911286997
33,No,Travel_Frequently,Research & Development,2,4,Medical,1,2611,Female,4,Sales Executive,Divorced,168800,1,Y,14,8,3,9,2,9,2,8,4,3,3,3,3,7.888442289
43,No,Travel_Rarely,Research & Development,3,3,Medical,1,2612,Male,1,Research Scientist,Married,90940,1,Y,12,8,1,10,0,10,0,9,1,3,3,3,3,7.491992754
38,No,Travel_Frequently,Research & Development,2,5,Medical,1,2613,Female,4,Sales Executive,Married,84460,0,Y,14,8,0,7,3,6,1,2,4,2,3,2,3,8.016118085
55,No,Travel_Rarely,Sales,9,3,Marketing,1,2614,Male,2,Laboratory Technician,Married,119160,4,Y,15,8,1,35,3,10,1,4,3,2,3,2,3,8.237924285
31,No,Travel_Rarely,Sales,6,3,Other,1,2615,Male,1,Manufacturing Director,Divorced,45340,1,Y,13,8,0,1,2,1,0,0,4,4,3,3,3,10.800427
39,No,Travel_Rarely,Research & Development,4,3,Life Sciences,1,2616,Male,2,Sales Executive,Single,98520,0,Y,12,8,1,21,5,20,11,10,2,1,3,2,3,6.100789895
42,No,Non-Travel,Research & Development,10,4,Life Sciences,1,2617,Female,2,Research Scientist,Single,61510,1,Y,13,8,1,20,3,20,3,7,4,3,3,3,3,6.595412494
31,No,Non-Travel,Research & Development,14,2,Life Sciences,1,2618,Male,2,Healthcare Representative,Married,23020,4,Y,14,8,0,13,3,11,4,8,3,3,4,3,3,6.112748666
54,No,Travel_Rarely,Research & Development,1,3,Medical,1,2619,Female,2,Human Resources,Single,23620,6,Y,13,8,1,9,2,5,1,4,3,1,3,4,3,10.46367271
24,No,Travel_Rarely,Research & Development,5,4,Other,1,2620,Male,1,Manufacturing Director,Single,178610,1,Y,11,8,2,4,5,4,1,2,2,3,2,1,3,6.878420569
23,No,Travel_Rarely,Research & Development,7,3,Life Sciences,1,2621,Male,2,Research Scientist,Single,191870,1,Y,11,8,1,5,2,5,1,4,4,4,4,3,3,6.989227053
40,No,Travel_Frequently,Research & Development,21,3,Medical,1,2622,Female,3,Research Scientist,Married,197170,1,Y,21,8,0,10,1,10,9,4,4,3,4,2,4,7.810896135
40,No,Travel_Rarely,Research & Development,8,1,Medical,1,2623,Female,5,Research Scientist,Married,35440,3,Y,18,8,3,15,3,11,5,10,2,2,3,2,3,6.205795297
25,No,Travel_Rarely,Sales,20,5,Medical,1,2624,Female,2,Laboratory Technician,Married,85000,4,Y,12,8,0,6,2,2,1,2,3,2,3,3,3,6.186274718
30,No,Travel_Rarely,Human Resources,20,4,Life Sciences,1,2625,Male,2,Research Scientist,Married,46610,1,Y,11,8,0,12,3,12,1,7,4,2,2,2,3,6.082886123
25,No,Travel_Rarely,Research & Development,7,2,Medical,1,2626,Male,5,Sales Executive,Divorced,41030,6,Y,15,8,1,7,2,2,0,2,4,3,2,3,3,10.18604469
47,No,Travel_Rarely,Research & Development,1,4,Life Sciences,1,2627,Male,2,Sales Executive,Single,42490,2,Y,13,8,1,25,2,17,12,11,1,3,3,2,3,7.804060284
33,No,Non-Travel,Research & Development,1,3,Life Sciences,1,2628,Male,2,Research Scientist,Divorced,140260,1,Y,12,8,0,1,4,1,0,0,2,3,2,3,3,6.205515366
38,No,Travel_Rarely,Research & Development,19,3,Life Sciences,1,2629,Female,2,Sales Executive,Married,68930,0,Y,17,8,0,16,3,15,5,8,4,2,3,3,3,7.887488474
31,No,Travel_Rarely,Research & Development,10,4,Medical,1,2630,Female,3,Sales Executive,Married,61250,0,Y,13,8,1,3,3,2,1,2,1,3,3,3,3,7.201739281
38,No,Travel_Frequently,Research & Development,1,4,Other,1,2631,Male,2,Research Scientist,Married,36690,2,Y,19,8,0,10,2,8,7,7,1,3,3,3,3,6.505002286
42,No,Travel_Rarely,Research & Development,6,3,Medical,1,2632,Male,2,Laboratory Technician,Divorced,100080,6,Y,19,8,1,9,3,4,1,2,4,1,2,1,3,9.820030474
41,No,Travel_Rarely,Sales,2,2,Medical,1,2633,Male,1,Healthcare Representative,Married,23870,3,Y,17,8,1,12,1,5,1,0,4,4,3,1,3,7.692067511
47,No,Non-Travel,Research & Development,21,2,Medical,1,2634,Male,1,Sales Executive,Married,46390,0,Y,11,8,1,14,2,13,5,12,3,2,1,2,3,7.175159752
35,No,Travel_Rarely,Research & Development,4,3,Life Sciences,1,2635,Male,2,Healthcare Representative,Married,78980,7,Y,15,8,0,5,2,2,2,2,4,3,3,2,3,10.43448462
22,No,Travel_Rarely,Human Resources,12,1,Human Resources,1,2636,Male,2,Sales Executive,Single,25340,0,Y,11,8,0,4,1,3,1,2,4,3,4,3,3,6.435723594
35,No,Travel_Rarely,Research & Development,9,3,Medical,1,2637,Female,2,Sales Executive,Single,131420,1,Y,25,8,2,10,4,10,0,8,2,3,3,3,4,8.021547281
33,No,Travel_Rarely,Sales,3,4,Medical,1,2638,Male,3,Healthcare Representative,Married,16110,0,Y,14,8,0,10,2,9,8,1,2,4,3,2,3,9.094859353
32,No,Travel_Rarely,Research & Development,3,2,Technical Degree,1,2639,Male,3,Manufacturing Director,Single,53630,1,Y,13,8,0,6,4,6,4,1,3,2,3,3,3,7.001826879
40,No,Travel_Rarely,Research & Development,1,4,Medical,1,2640,Male,2,Research Director,Married,50710,8,Y,17,8,1,8,3,1,0,0,1,4,2,2,3,6.184851395
32,No,Travel_Rarely,Research & Development,1,2,Medical,1,2641,Male,3,Sales Executive,Married,136950,0,Y,13,8,0,3,3,2,2,2,2,2,3,3,3,6.001692029
39,No,Travel_Rarely,Research & Development,4,4,Life Sciences,1,2642,Male,1,Sales Executive,Single,134020,7,Y,14,8,1,18,1,7,1,7,1,4,3,3,3,8.016600694
38,No,Travel_Rarely,Sales,20,4,Medical,1,2643,Female,2,Research Director,Married,20290,3,Y,11,8,1,20,3,18,1,11,2,3,3,2,3,8.024595411
32,No,Travel_Rarely,Research & Development,18,3,Life Sciences,1,2644,Male,2,Manager,Married,63770,1,Y,12,8,2,14,3,14,5,7,3,4,3,3,3,7.891302801
37,No,Travel_Rarely,Research & Development,1,3,Life Sciences,1,2645,Female,4,Sales Executive,Married,54290,1,Y,17,8,1,16,3,16,6,8,3,4,3,3,3,9.417802185
25,No,Travel_Rarely,Research & Development,2,4,Medical,1,2646,Female,2,Manufacturing Director,Divorced,27850,0,Y,21,8,0,6,2,5,0,4,1,3,2,3,4,8.030438218
52,No,Non-Travel,Research & Development,2,4,Other,1,2647,Male,1,Manager,Divorced,46140,2,Y,16,8,1,16,3,9,0,0,1,4,2,3,3,6.812064472
44,No,Travel_Rarely,Research & Development,8,1,Life Sciences,1,2648,Female,1,Sales Representative,Single,26100,6,Y,15,8,0,6,2,4,1,2,2,4,3,3,3,10.76902213
21,No,Travel_Rarely,Sales,10,5,Medical,1,2649,Male,3,Research Scientist,Single,66870,1,Y,19,8,3,2,0,2,1,2,3,1,3,3,3,8.209698276
39,No,Non-Travel,Research & Development,3,4,Life Sciences,1,2650,Female,2,Research Director,Single,47240,2,Y,12,8,1,21,4,6,1,3,4,4,2,4,3,6.314996313
23,Yes,Travel_Frequently,Research & Development,2,4,Life Sciences,1,2651,Female,2,Manufacturing Director,Married,61790,1,Y,11,8,0,1,3,1,1,0,4,1,2,3,3,7.957643062
36,No,Travel_Rarely,Research & Development,24,3,Life Sciences,1,2652,Female,2,Laboratory Technician,Married,61200,0,Y,19,8,0,10,2,9,3,4,1,4,3,3,3,7.830423338
36,No,Travel_Frequently,Research & Development,16,1,Medical,1,2653,Male,2,Sales Executive,Divorced,105960,7,Y,15,8,0,18,3,4,0,2,4,2,3,2,3,7.825021008
56,No,Non-Travel,Research & Development,8,1,Life Sciences,1,2654,Male,1,Sales Executive,Divorced,54670,1,Y,20,8,0,13,6,13,1,9,3,3,2,2,4,6.620111586
29,Yes,Travel_Rarely,Research & Development,9,4,Medical,1,2655,Male,2,Sales Representative,Married,29960,9,Y,25,8,0,4,4,2,2,2,1,4,4,3,4,10.87696113
42,No,Travel_Rarely,Research & Development,17,1,Life Sciences,1,2656,Male,3,Research Scientist,Married,99980,5,Y,24,8,2,24,3,22,4,14,1,3,2,2,4,7.378281544
56,Yes,Travel_Rarely,Sales,10,4,Other,1,2657,Male,2,Sales Executive,Married,40780,8,Y,24,8,1,14,3,10,9,8,4,3,1,3,4,6.812821328
41,No,Travel_Rarely,Research & Development,13,4,Life Sciences,1,2658,Female,1,Healthcare Representative,Married,109200,0,Y,15,8,1,21,3,20,0,10,1,2,3,4,3,7.812496469
34,No,Travel_Rarely,Sales,1,3,Medical,1,2659,Female,1,Laboratory Technician,Married,62320,1,Y,13,8,1,8,3,8,1,7,4,3,3,3,3,7.357590188
36,No,Non-Travel,Sales,1,1,Medical,1,2660,Female,1,Human Resources,Divorced,132470,1,Y,14,8,0,15,3,15,11,11,4,4,2,3,3,7.693746556
41,No,Travel_Rarely,Research & Development,1,5,Medical,1,2661,Male,1,Healthcare Representative,Divorced,40810,2,Y,13,8,0,14,3,5,0,4,3,2,3,3,3,7.083069561
32,No,Travel_Rarely,Sales,9,4,Life Sciences,1,2662,Female,2,Research Scientist,Single,57690,1,Y,11,8,0,4,3,4,1,2,4,1,3,3,3,6.697839897
35,No,Travel_Rarely,Research & Development,16,3,Medical,1,2663,Female,2,Healthcare Representative,Single,23940,1,Y,16,8,1,9,3,9,1,7,3,4,3,3,3,10.48613071
38,No,Travel_Rarely,Research & Development,23,3,Medical,1,2664,Male,3,Sales Representative,Married,39040,1,Y,22,8,0,10,3,10,1,9,1,4,3,2,4,6.913981102
50,Yes,Travel_Frequently,Sales,4,2,Life Sciences,1,2665,Female,2,Laboratory Technician,Divorced,167990,7,Y,14,8,1,12,2,6,0,1,2,3,3,2,3,7.196671395
36,No,Travel_Rarely,Research & Development,22,4,Life Sciences,1,2666,Male,1,Healthcare Representative,Married,29500,4,Y,14,8,0,8,1,6,0,0,2,4,2,2,3,6.297541667
45,No,Travel_Rarely,Sales,24,3,Life Sciences,1,2667,Male,1,Laboratory Technician,Single,36290,8,Y,16,8,1,8,2,5,0,1,4,3,3,4,3,6.082725322
40,No,Travel_Rarely,Sales,10,4,Life Sciences,1,2668,Male,1,Research Scientist,Single,93620,2,Y,11,8,1,8,6,2,2,2,3,3,3,3,3,6.216711969
35,No,Travel_Frequently,Sales,7,2,Life Sciences,1,2669,Male,2,Manufacturing Director,Married,32290,1,Y,25,8,0,10,2,10,0,2,3,3,4,2,4,8.381166667
40,No,Travel_Rarely,Research & Development,17,4,Life Sciences,1,2670,Male,1,Manager,Married,35780,2,Y,14,8,1,20,2,5,0,2,3,3,3,3,3,7.506722222
35,No,Travel_Rarely,Human Resources,14,1,Life Sciences,1,2671,Male,2,Research Scientist,Married,79880,1,Y,18,8,0,4,3,4,1,1,3,4,3,3,3,6.899807505
29,No,Travel_Rarely,Research & Development,1,3,Medical,1,2672,Male,3,Sales Executive,Married,42840,4,Y,11,8,0,10,5,4,0,3,4,2,3,2,3,9.795089869
29,No,Travel_Rarely,Research & Development,5,3,Medical,1,2673,Male,2,Sales Representative,Single,75530,1,Y,19,8,0,5,3,5,0,4,4,1,1,3,3,6.1166765
50,Yes,Travel_Rarely,Research & Development,17,3,Medical,1,2674,Male,1,Research Scientist,Divorced,173280,4,Y,15,8,2,20,1,3,2,0,4,1,3,3,3,9.596655983
39,No,Travel_Rarely,Sales,25,3,Medical,1,2675,Male,2,Sales Executive,Married,197010,0,Y,11,8,0,21,3,20,9,6,2,4,2,4,3,7.494827134
31,No,Non-Travel,Research & Development,8,4,Life Sciences,1,2676,Female,4,Sales Executive,Single,147320,0,Y,12,8,0,10,3,9,1,7,2,1,3,3,3,7.26115721
26,No,Travel_Rarely,Research & Development,11,4,Medical,1,2677,Male,2,Manager,Single,92780,0,Y,20,8,0,5,3,4,0,0,4,3,3,3,4,7.523019006
36,No,Travel_Frequently,Research & Development,5,1,Technical Degree,1,2678,Male,1,Sales Executive,Married,13590,4,Y,12,8,0,17,2,5,0,3,3,4,3,3,3,7.697297359
39,No,Travel_Rarely,Research & Development,2,1,Medical,1,2679,Female,1,Research Scientist,Married,47790,4,Y,14,8,2,9,3,7,1,7,4,1,3,3,3,5.987375911
27,No,Travel_Rarely,Research & Development,8,2,Medical,1,2680,Male,1,Laboratory Technician,Married,164220,1,Y,20,8,1,6,3,6,0,3,2,2,3,3,4,9.29579033
49,No,Travel_Frequently,Research & Development,6,1,Medical,1,2681,Male,3,Healthcare Representative,Married,29960,2,Y,18,8,1,17,2,9,0,8,4,2,2,2,3,6.415900997
34,No,Travel_Rarely,Sales,4,3,Medical,1,2682,Female,1,Sales Executive,Married,12610,2,Y,14,8,1,6,6,4,1,2,2,3,4,3,3,6.470493025
41,Yes,Travel_Rarely,Research & Development,7,2,Life Sciences,1,2683,Female,1,Research Scientist,Single,20990,8,Y,12,8,1,8,2,6,0,5,2,4,1,3,3,8.594232302
49,No,Travel_Frequently,Sales,1,4,Life Sciences,1,2684,Female,2,Manufacturing Director,Married,58100,1,Y,21,8,1,10,2,10,1,7,3,2,3,3,4,6.697707115
37,Yes,Travel_Rarely,Research & Development,2,3,Life Sciences,1,2685,Male,1,Sales Executive,Single,56470,6,Y,19,8,0,7,2,0,0,0,4,3,3,3,3,8.492027417
33,No,Travel_Frequently,Research & Development,10,2,Medical,1,2686,Male,2,Research Scientist,Married,34200,1,Y,14,8,0,8,3,8,3,0,4,3,3,3,3,9.51720178
27,No,Travel_Rarely,Sales,5,4,Medical,1,2687,Female,4,Manufacturing Director,Married,44000,9,Y,17,8,1,6,3,2,2,2,1,2,3,2,3,6.387039715
32,No,Travel_Frequently,Research & Development,9,2,Medical,1,2688,Female,2,Research Scientist,Single,35000,0,Y,16,8,1,8,2,7,3,6,4,4,2,2,3,7.246658462
59,No,Travel_Rarely,Sales,2,2,Marketing,1,2689,Female,5,Sales Representative,Married,20660,4,Y,12,8,1,12,3,1,0,0,3,1,2,3,3,9.969735007
30,No,Travel_Rarely,Research & Development,11,4,Medical,1,2690,Male,2,Laboratory Technician,Divorced,171690,1,Y,17,8,2,1,2,1,0,0,4,3,3,3,3,6.39668566
38,No,Travel_Frequently,Sales,18,4,Life Sciences,1,2691,Male,2,Healthcare Representative,Single,41620,0,Y,15,8,1,10,1,9,1,8,4,3,3,3,3,7.990215537
36,No,Travel_Rarely,Research & Development,7,3,Life Sciences,1,2692,Male,1,Sales Executive,Married,92040,6,Y,23,8,1,17,2,7,7,7,3,3,2,3,4,7.820515174
35,No,Travel_Rarely,Human Resources,3,4,Human Resources,1,2693,Male,2,Manager,Married,32940,0,Y,11,8,0,6,2,5,0,3,1,2,3,3,3,7.497904896
29,No,Travel_Rarely,Sales,29,4,Life Sciences,1,2694,Male,2,Laboratory Technician,Single,21270,0,Y,11,8,1,10,3,9,0,8,4,3,3,2,3,10.72930316
31,No,Travel_Rarely,Research & Development,2,2,Medical,1,2695,Male,2,Laboratory Technician,Divorced,39750,1,Y,15,8,1,5,3,5,4,3,1,3,2,3,3,6.335467225
34,No,Travel_Rarely,Research & Development,28,3,Technical Degree,1,2696,Male,1,Laboratory Technician,Divorced,107930,0,Y,11,8,3,3,1,2,1,2,2,4,3,2,3,7.589471983
28,Yes,Travel_Rarely,Research & Development,1,4,Life Sciences,1,2697,Male,5,Research Director,Single,100960,,Y,13,8,0,6,2,4,0,3,3,3,3,3,3,10.51412437
29,No,Travel_Rarely,Research & Development,16,2,Life Sciences,1,2698,Female,4,Laboratory Technician,Divorced,36460,1,Y,14,8,0,10,3,10,8,8,2,1,3,4,3,8.011080786
32,No,Travel_Rarely,Human Resources,22,3,Human Resources,1,2699,Female,2,Research Director,Divorced,74460,0,Y,19,8,0,7,3,6,0,5,1,2,2,3,3,10.6998319
22,No,Non-Travel,Research & Development,8,3,Life Sciences,1,2700,Female,3,Sales Executive,Divorced,108510,1,Y,16,8,1,1,2,1,0,0,4,4,2,4,3,9.987742486
53,No,Travel_Rarely,Research & Development,11,3,Medical,1,2701,Male,2,Manager,Married,21090,2,Y,13,8,0,31,3,25,3,7,1,4,3,3,3,8.013222456
38,No,Travel_Rarely,Research & Development,29,3,Life Sciences,1,2702,Female,1,Manufacturing Director,Single,37220,5,Y,14,8,0,6,0,3,1,2,4,4,3,3,3,9.679868114
24,No,Non-Travel,Research & Development,1,5,Life Sciences,1,2703,Male,3,Research Scientist,Divorced,93800,0,Y,16,8,0,5,2,4,1,3,1,3,2,2,3,6.901887707
36,Yes,Travel_Rarely,Research & Development,1,3,Life Sciences,1,2704,Male,1,Research Director,Single,54860,7,Y,12,8,1,10,2,5,0,3,3,1,3,3,3,6.500812622
34,No,Travel_Rarely,Sales,24,3,Marketing,1,2705,Male,4,Research Scientist,Single,27420,0,Y,11,8,1,13,2,12,2,11,1,2,3,3,3,6.12079235
21,No,Travel_Rarely,Sales,2,3,Life Sciences,1,2706,Male,2,Manufacturing Director,Single,137570,1,Y,12,8,1,0,3,0,0,0,3,4,3,3,3,5.980667388
34,Yes,Travel_Rarely,Sales,15,2,Marketing,1,2707,Female,2,Research Scientist,Single,84630,2,Y,13,8,0,8,2,4,1,3,2,1,3,1,3,7.786240363
53,No,Travel_Rarely,Sales,2,1,Life Sciences,1,2708,Male,5,Human Resources,Divorced,31620,4,Y,15,8,0,26,4,14,4,8,3,,2,3,3,7.499900876
32,Yes,Travel_Frequently,Research & Development,10,3,Medical,1,2709,Female,2,Manufacturing Director,Single,165980,1,Y,13,8,0,10,2,10,6,7,2,1,3,3,3,9.491586648
42,No,Travel_Rarely,Research & Development,10,3,Technical Degree,1,2710,Male,2,Laboratory Technician,Married,66510,0,Y,20,8,0,10,5,9,4,2,3,2,,2,4,6.884506173
44,No,Travel_Rarely,Research & Development,3,1,Life Sciences,1,2711,Female,1,Manufacturing Director,Married,23450,3,Y,15,8,2,24,0,22,5,17,1,4,3,3,3,7.094737395
46,No,Travel_Rarely,Sales,2,3,Life Sciences,1,2712,Female,1,Research Scientist,Single,34200,3,Y,13,8,2,22,3,2,2,1,2,1,2,1,3,8.014655415
33,No,Travel_Rarely,Sales,3,3,Medical,1,2713,Male,1,Manufacturing Director,Single,43730,4,Y,14,8,0,7,3,1,0,0,3,4,3,3,3,6.460929038
44,No,Travel_Rarely,Human Resources,26,3,Life Sciences,1,2714,Male,5,Healthcare Representative,Married,47590,2,Y,21,8,0,9,2,4,1,3,4,4,4,3,4,8.498006536
30,No,Travel_Rarely,Research & Development,1,4,Technical Degree,1,2715,Female,1,Research Scientist,Single,53010,1,Y,16,8,1,10,3,10,1,8,4,3,3,3,3,6.097253214
39,Yes,Travel_Rarely,Human Resources,1,4,Medical,1,2716,Male,1,Sales Executive,Married,36730,3,Y,14,8,1,19,3,1,0,0,4,4,4,3,3,6.489479458
24,Yes,Travel_Rarely,Human Resources,2,5,Human Resources,1,2717,Male,3,Sales Executive,Married,47680,2,Y,11,8,1,6,2,2,2,0,2,4,2,2,3,9.689935721
43,No,Travel_Rarely,Sales,9,5,Technical Degree,1,2718,Female,1,Research Director,Divorced,12740,1,Y,19,8,0,6,3,5,1,4,4,3,2,2,3,6.499559426
50,Yes,Travel_Rarely,Research & Development,12,4,Medical,1,2719,Male,1,Research Director,Married,49000,1,Y,11,8,0,3,3,3,0,2,1,3,3,2,3,8.894330544
35,No,Travel_Rarely,Sales,2,4,Marketing,1,2720,Male,3,Manufacturing Director,Married,104660,1,Y,13,8,0,2,1,2,2,2,4,4,3,3,3,7.104071328
36,No,Travel_Rarely,Research & Development,25,1,Life Sciences,1,2721,Female,4,Sales Executive,Married,170070,9,Y,12,8,1,6,2,1,0,0,2,1,4,2,3,9.130807971
33,No,Travel_Frequently,Sales,9,2,Marketing,1,2722,Male,4,Human Resources,Married,29090,2,Y,11,8,0,10,2,5,1,3,3,1,3,2,3,6.599109929
35,No,Travel_Rarely,Research & Development,10,1,Medical,1,2723,Male,1,Research Scientist,Divorced,57650,1,Y,14,8,1,1,2,1,0,0,3,4,3,3,3,6.186690009
27,No,Travel_Rarely,Sales,8,2,Marketing,1,2724,Female,3,Research Scientist,Divorced,45990,1,Y,15,8,1,1,3,1,0,0,4,1,3,2,3,7.589501395
26,Yes,Travel_Rarely,Sales,4,3,Marketing,1,2725,Male,2,Manager,Single,24040,1,Y,12,8,0,1,6,1,0,1,1,3,2,3,3,7.700121671
27,No,Travel_Frequently,Sales,24,3,Life Sciences,1,2726,Male,4,Healthcare Representative,Single,31720,1,Y,20,8,1,9,1,9,1,7,4,3,3,3,4,6.773530544
30,No,Travel_Frequently,Research & Development,1,4,Medical,1,2727,Male,1,Research Scientist,Single,20330,1,Y,14,8,1,12,3,12,3,7,3,4,3,1,3,6.813341335
41,Yes,Travel_Rarely,Sales,20,4,Marketing,1,2728,Male,2,Sales Executive,Married,102090,1,Y,13,8,1,23,2,22,15,8,2,3,3,3,3,6.006660855
34,No,Non-Travel,Research & Development,7,2,Technical Degree,1,2729,Female,1,Research Scientist,Single,86200,0,Y,13,8,1,10,2,9,8,7,2,3,3,2,3,7.779143026
37,No,Travel_Rarely,Research & Development,17,3,Life Sciences,1,2730,Female,3,Sales Executive,Married,20640,4,Y,16,8,0,8,3,1,0,0,2,2,3,2,3,6.083371981
46,No,Travel_Frequently,Research & Development,20,3,Technical Degree,1,2731,Male,3,Sales Executive,Single,40350,4,Y,14,8,1,14,2,9,0,8,1,4,3,3,3,9.295620491
35,No,Travel_Rarely,Research & Development,8,4,Medical,1,2732,Female,3,Research Scientist,Married,38380,1,Y,16,8,1,1,2,1,0,1,4,4,3,3,3,6.919921802
48,Yes,Travel_Rarely,Research & Development,2,4,Technical Degree,1,2733,Female,1,Sales Executive,Single,45910,9,Y,16,8,0,23,6,1,0,0,1,3,3,1,3,9.309293685
28,Yes,Travel_Rarely,Research & Development,10,1,Medical,1,2734,Male,1,Sales Executive,Single,25610,1,Y,22,8,1,2,3,2,2,2,3,3,2,3,4,10.67164361
44,No,Travel_Rarely,Research & Development,1,1,Medical,1,2735,Female,3,Research Scientist,Divorced,15630,5,Y,12,8,2,9,3,4,1,3,2,1,2,3,3,9.39121308
35,No,Non-Travel,Research & Development,5,4,Technical Degree,1,2736,Female,3,Manufacturing Director,Married,48980,2,Y,15,8,2,10,2,4,2,3,3,1,3,3,3,9.484306743
26,No,Travel_Rarely,Research & Development,4,4,Life Sciences,1,2737,Female,3,Sales Executive,Married,47890,7,Y,20,8,1,5,2,2,0,0,,4,2,3,4,10.19218287
33,No,Travel_Frequently,Sales,29,4,Life Sciences,1,2738,Female,1,Human Resources,Single,31800,1,Y,14,8,1,15,2,15,8,12,1,4,3,3,3,8.223002268
35,No,Travel_Frequently,Research & Development,15,3,Medical,1,2739,Male,3,Manufacturing Director,Married,65490,1,Y,20,8,0,9,3,9,1,8,2,1,2,3,4,6.477757246
35,No,Travel_Rarely,Human Resources,3,2,Life Sciences,1,2740,Female,1,Laboratory Technician,Married,63880,3,Y,13,8,0,4,6,2,2,2,3,1,3,2,3,8.797342404
31,No,Travel_Rarely,Sales,10,2,Life Sciences,1,2741,Female,2,Research Scientist,Divorced,112440,3,Y,12,8,1,10,3,7,1,7,4,4,2,3,3,6.07994371
37,No,Travel_Rarely,Sales,4,3,Marketing,1,2742,Male,4,Human Resources,Divorced,160320,1,Y,13,8,0,7,2,7,0,7,1,3,4,3,3,7.412775404
32,No,Travel_Rarely,Research & Development,21,3,Other,1,2743,Male,2,Sales Executive,Married,23620,1,Y,11,8,0,9,2,9,7,8,1,4,3,3,3,8.112133191
38,No,Travel_Frequently,Research & Development,25,3,Medical,1,2744,Male,2,Manufacturing Director,Single,163280,1,Y,17,8,3,10,2,10,9,9,4,4,3,3,3,6.18459308
50,No,Travel_Rarely,Sales,2,4,Marketing,1,2745,Female,4,Research Scientist,Divorced,83760,5,Y,14,8,3,29,2,27,13,8,2,3,2,3,3,9.52919161
59,No,Travel_Rarely,Research & Development,1,3,Technical Degree,1,2746,Male,1,Laboratory Technician,Single,166060,7,Y,11,8,0,28,6,21,7,9,1,1,2,3,3,6.903471065
36,No,Travel_Rarely,Sales,1,2,Marketing,1,2747,Female,2,Sales Executive,Divorced,86060,1,Y,14,8,2,17,3,17,12,8,3,3,3,3,3,6.004394258
55,No,Travel_Rarely,Research & Development,7,3,Medical,1,2748,Male,3,Research Scientist,Divorced,22720,2,Y,17,8,1,21,2,5,0,2,4,3,3,3,3,8.117567633
36,No,Travel_Frequently,Research & Development,3,3,Life Sciences,1,2749,Female,2,Laboratory Technician,Single,20180,1,Y,13,8,0,6,5,6,0,3,2,2,3,3,3,7.211824074
45,No,Travel_Rarely,Research & Development,1,2,Medical,1,2750,Female,1,Sales Executive,Divorced,70830,2,Y,12,8,1,25,5,1,0,0,2,1,3,3,3,6.770771475
35,No,Travel_Frequently,Human Resources,9,3,Other,1,2751,Female,2,Sales Representative,Married,40840,4,Y,13,8,1,5,3,3,1,2,2,1,2,3,3,6.082708631
36,Yes,Travel_Rarely,Sales,7,2,Life Sciences,1,2752,Male,4,Laboratory Technician,Married,144110,0,Y,18,8,3,2,2,1,0,0,4,3,2,4,3,8.872987269
59,No,Travel_Frequently,Research & Development,10,4,Life Sciences,1,2753,Male,3,Research Scientist,Single,23080,7,Y,19,8,1,20,4,4,1,3,1,3,2,2,3,6.809138418
29,No,Travel_Rarely,Research & Development,28,4,Life Sciences,1,2754,Female,1,Sales Representative,Married,48410,0,Y,11,8,0,6,3,5,0,4,3,2,3,3,3,7.797563131
31,No,Travel_Rarely,Research & Development,3,2,Medical,1,2755,Female,3,Sales Executive,Single,42850,1,Y,21,8,1,1,2,1,1,0,3,2,3,1,4,6.308999303
32,No,Travel_Rarely,Sales,3,4,Life Sciences,1,2756,Male,2,Manufacturing Director,Married,97150,1,Y,15,8,1,10,1,10,0,9,2,2,3,2,3,7.502165485
36,No,Travel_Rarely,Research & Development,2,3,Life Sciences,1,2757,Male,2,Sales Representative,Married,43200,3,Y,17,8,0,5,2,1,0,0,2,4,3,3,3,7.192458804
31,No,Travel_Rarely,Research & Development,27,3,Medical,1,2758,Female,2,Research Director,Single,21320,1,Y,18,8,0,11,3,11,1,8,3,4,3,3,3,6.103305898
35,No,Travel_Rarely,Research & Development,2,4,Medical,1,2759,Male,2,Healthcare Representative,Single,101240,0,Y,14,8,1,16,2,15,2,8,3,1,3,4,3,6.036447626
45,No,Travel_Rarely,Human Resources,14,3,Human Resources,1,2760,Female,1,Sales Executive,Married,54730,4,Y,13,8,0,17,3,0,0,0,4,1,4,1,3,8.942251334
37,No,Travel_Rarely,Research & Development,1,3,Life Sciences,1,2761,Female,3,Sales Executive,Single,52070,4,Y,17,8,3,16,3,5,0,2,1,3,4,3,3,6.592121101
46,No,Travel_Rarely,Research & Development,9,3,Medical,1,2762,Male,3,Manager,Divorced,164370,8,Y,15,8,1,16,0,4,0,2,2,2,3,3,3,10.29169289
30,No,Travel_Rarely,Sales,18,3,Life Sciences,1,2763,Male,4,Human Resources,Married,22960,1,Y,18,8,1,10,2,10,3,0,4,4,2,3,3,9.193685666
35,No,Travel_Rarely,Research & Development,20,4,Life Sciences,1,2764,Female,3,Human Resources,Single,40690,1,Y,13,8,0,6,5,6,0,4,2,3,3,3,3,7.903942768
55,No,Travel_Rarely,Research & Development,2,3,Life Sciences,1,2765,Female,2,Laboratory Technician,Married,74410,3,Y,12,8,1,24,4,1,1,0,1,4,3,3,3,6.689085039
38,No,Non-Travel,Sales,11,1,Marketing,1,2766,Male,2,Laboratory Technician,Divorced,24300,7,Y,13,8,2,17,2,13,1,9,2,4,3,4,3,8.799516204
34,No,Travel_Rarely,Research & Development,8,2,Medical,1,2767,Male,1,Research Scientist,Married,58780,1,Y,14,8,0,5,1,5,1,3,1,2,3,3,3,7.969375918
56,No,Travel_Rarely,Human Resources,2,1,Medical,1,2768,Male,2,Sales Executive,Single,26440,4,Y,11,8,1,37,2,6,0,2,4,4,2,3,3,6.303037975
23,No,Travel_Rarely,Research & Development,10,3,Medical,1,2769,Male,2,Laboratory Technician,Divorced,64390,3,Y,22,8,3,3,2,0,0,0,3,1,3,3,4,6.400710514
51,No,Travel_Rarely,Research & Development,29,4,Life Sciences,1,2770,Female,5,Manufacturing Director,Married,24510,3,Y,17,8,0,10,2,4,0,3,4,4,3,2,3,6.680548669
30,No,Travel_Rarely,Sales,8,2,Technical Degree,1,2771,Male,1,Sales Representative,Married,63920,1,Y,21,8,1,11,2,11,10,8,3,4,3,4,4,7.580297291
46,Yes,Travel_Rarely,Sales,1,2,Medical,1,2772,Female,2,Research Scientist,Single,97140,1,Y,22,8,0,9,0,9,4,7,3,4,3,3,4,6.212327423
40,No,Travel_Frequently,Research & Development,6,3,Medical,1,2773,Male,1,Healthcare Representative,Married,60770,1,Y,16,8,2,22,2,22,11,11,3,2,2,2,3,7.393092593
51,No,Travel_Rarely,Research & Development,8,4,Life Sciences,1,2774,Female,5,Sales Representative,Single,24500,0,Y,12,8,1,11,2,10,1,0,3,4,1,3,3,10.10807018
30,No,Travel_Rarely,Research & Development,9,3,Life Sciences,1,2775,Male,1,Manufacturing Director,Divorced,92500,1,Y,12,8,3,11,0,11,2,7,3,2,2,3,3,8.085411302
46,No,Travel_Frequently,Research & Development,12,1,Medical,1,2776,Male,1,Laboratory Technician,Married,20740,2,Y,15,8,1,21,3,10,9,5,3,1,2,3,3,9.029782559
32,No,Travel_Rarely,Sales,15,3,Marketing,1,2777,Male,1,Research Scientist,Single,101690,1,Y,14,8,0,12,6,11,5,7,2,3,3,2,3,7.266001182
54,No,Travel_Rarely,Research & Development,25,1,Medical,1,2778,Female,1,Laboratory Technician,Married,48550,9,Y,25,8,1,16,2,4,0,3,1,3,1,2,4,7.628995998
24,No,Travel_Rarely,Sales,6,2,Marketing,1,2779,Male,2,Research Scientist,Married,40870,0,Y,20,8,3,4,1,3,0,2,1,3,2,3,4,7.780240272
28,No,Non-Travel,Sales,9,4,Medical,1,2780,Male,2,Laboratory Technician,Married,23670,1,Y,13,8,0,5,2,5,0,4,2,3,4,2,3,5.983655797
58,No,Travel_Rarely,Research & Development,8,4,Life Sciences,1,2781,Male,2,Sales Executive,Single,29720,0,Y,14,8,0,38,2,37,1,8,4,3,2,4,3,7.103534836
44,No,Non-Travel,Research & Development,23,2,Medical,1,2782,Female,1,Research Scientist,Married,195860,4,Y,16,8,0,17,3,3,1,2,2,2,4,2,3,6.709030093
37,Yes,Travel_Rarely,Human Resources,9,3,Human Resources,1,2783,Male,2,Healthcare Representative,Divorced,54840,4,Y,17,8,0,7,4,3,0,2,3,1,3,3,3,10.15089456
32,No,Travel_Rarely,Human Resources,12,2,Human Resources,1,2784,Female,1,Sales Representative,Single,20610,1,Y,15,8,1,1,2,1,0,0,4,1,3,2,3,7.979950267
20,Yes,Travel_Frequently,Sales,4,4,Life Sciences,1,2785,Female,2,Healthcare Representative,Single,99240,1,Y,22,8,0,1,3,1,1,0,4,4,3,3,4,10.72587625
34,No,Travel_Rarely,Research & Development,1,4,Other,1,2786,Male,4,Laboratory Technician,Single,41980,1,Y,22,8,1,16,2,16,2,10,1,3,3,2,4,7.589314129
37,No,Non-Travel,Sales,24,2,Life Sciences,1,2787,Male,1,Research Scientist,Divorced,68150,5,Y,20,8,1,17,3,1,0,0,3,4,4,3,4,7.763286838
59,No,Non-Travel,Research & Development,12,2,Life Sciences,1,2788,Male,2,Sales Executive,Married,47230,9,Y,14,8,0,30,0,3,2,2,3,4,3,3,3,7.192599291
50,No,Travel_Frequently,Research & Development,3,4,Medical,1,2789,Male,4,Research Scientist,Married,61420,3,Y,13,8,2,28,3,8,0,7,1,2,2,2,3,9.614590643
25,Yes,Travel_Rarely,Sales,10,1,Marketing,1,2790,Male,2,Research Director,Single,82370,1,Y,13,8,0,6,6,6,0,3,3,3,3,2,3,8.532735761
25,No,Travel_Rarely,Research & Development,26,3,Technical Degree,1,2791,Male,1,Laboratory Technician,Married,88530,1,Y,22,8,1,2,3,2,2,1,4,4,3,3,4,7.701538647
22,No,Travel_Rarely,Research & Development,2,1,Life Sciences,1,2792,Male,1,Sales Representative,Single,193310,1,Y,12,8,1,1,2,0,0,0,2,4,3,3,3,6.311839372
51,No,Travel_Frequently,Research & Development,1,3,Life Sciences,1,2793,Female,1,Sales Executive,Single,20730,3,Y,14,8,1,23,4,13,12,8,1,1,2,3,3,7.474746327
34,Yes,Travel_Frequently,Human Resources,4,4,Life Sciences,1,2794,Female,5,Sales Executive,Single,55620,1,Y,15,8,0,9,3,9,0,6,1,3,3,3,3,8.195805795
54,No,Non-Travel,Research & Development,9,3,Life Sciences,1,2795,Male,1,Laboratory Technician,Single,196130,2,Y,17,8,0,23,5,5,4,4,4,4,3,3,3,8.075190749
24,No,Travel_Rarely,Research & Development,2,1,Life Sciences,1,2796,Male,2,Laboratory Technician,Married,34070,0,Y,13,8,1,6,4,5,1,2,2,3,3,3,3,6.530900673
34,No,Travel_Rarely,Sales,4,3,Marketing,1,2797,Female,2,Sales Representative,Divorced,50630,6,Y,12,8,1,12,2,1,0,0,3,2,3,3,3,6.019647577
37,No,Travel_Rarely,Sales,6,1,Technical Degree,1,2798,Male,1,Laboratory Technician,Single,46390,2,Y,12,8,2,12,3,5,1,3,3,4,3,3,3,6.21949903
34,No,Travel_Rarely,Sales,9,2,Medical,1,2799,Male,2,Healthcare Representative,Single,48760,2,Y,21,8,1,14,3,11,5,8,3,1,3,3,4,7.892017225
36,No,Travel_Frequently,Human Resources,7,3,Medical,1,2800,Male,1,Research Scientist,Married,26900,0,Y,11,8,0,10,1,9,2,8,2,4,3,3,3,8.026875283
36,No,Travel_Rarely,Research & Development,1,3,Medical,1,2801,Female,2,Manufacturing Director,Divorced,175670,5,Y,13,8,0,7,6,1,0,0,1,4,3,3,3,7.506159004
43,No,Travel_Frequently,Research & Development,3,4,Life Sciences,1,2802,Male,1,Sales Executive,Married,24080,1,Y,12,8,1,25,3,25,4,12,3,4,4,3,3,8.667025273
30,No,Travel_Frequently,Research & Development,10,3,Life Sciences,1,2803,Female,3,Healthcare Representative,Divorced,28140,1,Y,24,8,0,10,2,10,0,9,1,3,2,3,4,7.911322082
33,No,Non-Travel,Sales,7,3,Life Sciences,1,2804,Male,2,Sales Executive,Married,112450,0,Y,21,8,0,8,3,7,0,7,3,2,4,3,4,6.736566859
56,Yes,Travel_Rarely,Research & Development,15,3,Life Sciences,1,2805,Male,2,Laboratory Technician,Married,33120,9,Y,19,8,0,7,1,5,4,3,2,2,3,1,3,9.003661723
51,No,Travel_Rarely,Research & Development,3,2,Other,1,2806,Female,2,Sales Representative,Single,190490,7,Y,14,8,1,23,2,20,15,15,1,3,3,3,3,6.718495763
31,Yes,Travel_Rarely,Research & Development,2,4,Technical Degree,1,2807,Female,3,Sales Executive,Married,21410,4,Y,20,8,0,12,2,7,7,7,2,3,2,3,4,8.396202909
26,No,Travel_Rarely,Sales,17,3,Medical,1,2808,Female,2,Manager,Married,57690,1,Y,19,8,0,5,4,5,4,3,3,2,2,2,3,7.718274854
58,Yes,Travel_Rarely,Sales,2,2,Medical,1,2809,Female,1,Research Scientist,Married,43850,1,Y,13,8,1,40,2,40,15,6,4,4,2,2,3,7.566837068
19,Yes,Travel_Rarely,Research & Development,5,2,Life Sciences,1,2810,Male,1,Manager,Single,53320,1,Y,23,8,1,0,2,0,0,0,4,3,2,3,4,9.410347513
22,No,Travel_Rarely,Sales,29,4,Technical Degree,1,2811,Male,1,Sales Executive,Married,46630,0,Y,13,8,1,3,1,2,2,1,3,4,3,3,3,6.39757696
49,No,Travel_Rarely,Research & Development,2,3,Life Sciences,1,2812,Female,1,Sales Executive,Married,47240,1,Y,11,8,1,16,3,15,5,11,3,1,2,2,3,7.196874704
43,No,Travel_Frequently,Sales,2,2,Life Sciences,1,2813,Male,1,Sales Executive,Single,32110,4,Y,13,8,0,18,2,3,1,2,2,3,3,4,3,7.990022676
50,No,Travel_Frequently,Research & Development,19,4,Life Sciences,1,2814,Male,2,Sales Executive,Single,53770,4,Y,14,8,1,16,3,2,2,1,3,4,3,4,3,7.084341339
31,Yes,Travel_Rarely,Research & Development,15,1,Medical,1,2815,Female,2,Sales Executive,Married,40660,3,Y,22,8,0,4,2,2,2,2,2,3,3,2,4,8.38609375
41,No,Travel_Rarely,Research & Development,17,2,Other,1,2816,Male,1,Manufacturing Director,Divorced,52080,3,Y,11,8,3,12,2,9,0,7,3,3,3,1,3,8.089008916
26,No,Travel_Rarely,Research & Development,17,4,Life Sciences,1,2817,Male,2,Sales Executive,Married,48770,1,Y,13,8,1,8,5,8,5,7,3,3,3,4,3,7.879033713
36,No,Travel_Rarely,Human Resources,25,1,Human Resources,1,2818,Male,2,Research Scientist,Divorced,31170,6,Y,21,8,1,7,2,3,0,1,2,2,3,4,4,6.79221542
51,Yes,Travel_Frequently,Research & Development,6,3,Life Sciences,1,2819,Female,1,Manager,Single,15690,2,Y,11,8,0,18,2,4,0,3,1,4,3,4,3,7.193490896
39,No,Travel_Rarely,Research & Development,7,3,Life Sciences,1,2820,Female,1,Research Scientist,Married,196580,4,Y,13,8,1,17,3,15,5,9,4,3,4,4,3,7.933086158
25,No,Travel_Rarely,Sales,29,1,Medical,1,2821,Female,3,Research Scientist,Married,30690,2,Y,14,8,1,6,3,2,2,2,1,3,3,2,3,7.785092208
30,No,Travel_Rarely,Research & Development,21,1,Medical,1,2822,Male,2,Laboratory Technician,Married,104350,0,Y,11,8,0,12,5,11,4,7,3,4,1,3,3,10.03063804
32,Yes,Travel_Rarely,Research & Development,2,4,Life Sciences,1,2823,Female,2,Research Director,Single,41480,7,Y,15,8,0,10,0,5,0,4,1,1,4,2,3,7.915311065
45,No,Travel_Rarely,Research & Development,2,1,Technical Degree,1,2824,Female,2,Healthcare Representative,Single,57680,5,Y,23,8,1,9,4,6,0,3,3,4,2,3,4,7.409882479
38,No,Travel_Rarely,Research & Development,7,4,Life Sciences,1,2825,Female,2,Research Director,Single,50420,3,Y,16,8,1,19,4,3,2,2,4,3,3,3,3,10.4260723
30,No,Travel_Rarely,Sales,13,3,Marketing,1,2826,Female,2,Laboratory Technician,Single,57700,1,Y,16,8,1,5,2,5,0,4,1,3,2,4,3,6.693944902
32,No,Travel_Frequently,Sales,2,3,Marketing,1,2827,Male,3,Laboratory Technician,Divorced,77560,0,Y,21,8,0,9,3,8,0,7,4,4,4,3,4,6.489492544
30,No,Travel_Rarely,Research & Development,1,3,Medical,1,2828,Female,3,Sales Executive,Divorced,103060,5,Y,13,8,0,8,5,3,2,2,4,1,3,3,3,6.674859903
30,No,Travel_Rarely,Sales,9,3,Medical,1,2829,Male,2,Research Scientist,Single,39360,0,Y,11,8,1,6,3,5,1,2,2,4,3,3,3,6.430403609
41,No,Travel_Frequently,Sales,10,2,Medical,1,2830,Female,3,Manufacturing Director,Divorced,79450,4,Y,12,8,1,21,6,7,7,7,4,1,2,2,3,7.281752955
41,No,Travel_Rarely,Research & Development,10,4,Medical,1,2831,Male,4,Research Scientist,Married,57430,2,Y,12,8,3,7,2,5,1,4,3,1,3,4,3,7.99606974
19,No,Travel_Rarely,Research & Development,1,3,Other,1,2832,Female,5,Manufacturing Director,Single,152020,1,Y,18,8,3,1,2,1,0,0,2,2,3,2,3,6.412936508
40,No,Travel_Frequently,Research & Development,26,4,Medical,1,2833,Male,2,Manufacturing Director,Divorced,54400,1,Y,12,8,1,20,2,20,2,13,2,2,3,3,3,7.02268597
35,No,Travel_Rarely,Sales,8,1,Marketing,1,2834,Female,3,Laboratory Technician,Married,37600,1,Y,14,8,3,10,2,10,0,6,3,2,3,3,3,7.35771513
53,No,Travel_Rarely,Sales,14,2,Life Sciences,1,2835,Female,5,Manufacturing Director,Married,35170,2,Y,12,8,1,13,1,7,4,5,2,3,1,2,3,10.93270686
45,No,Travel_Rarely,Sales,1,4,Technical Degree,1,2836,Male,1,Research Scientist,Divorced,25800,8,Y,17,8,3,20,3,17,0,15,2,2,1,3,3,6.843852158
32,No,Travel_Frequently,Sales,2,2,Life Sciences,1,2837,Female,1,Manufacturing Director,Single,21660,1,Y,19,8,1,9,4,9,3,7,2,4,3,1,3,7.894804527
29,No,Non-Travel,Research & Development,10,4,Technical Degree,1,2838,Male,3,Healthcare Representative,Married,58690,1,Y,11,8,1,10,6,10,0,9,4,3,3,4,3,6.118706019
51,No,Travel_Rarely,Research & Development,1,3,Other,1,2839,Female,3,Research Director,Married,80080,2,Y,15,8,1,10,4,1,0,0,2,3,3,3,3,7.583658626
58,No,Travel_Rarely,Sales,3,3,Marketing,1,2840,Female,1,Research Scientist,Married,52060,4,Y,11,8,3,9,4,1,0,0,2,2,2,1,3,9.953753472
40,No,Travel_Rarely,Research & Development,11,2,Technical Degree,1,2841,Male,4,Laboratory Technician,Married,52950,7,Y,18,8,0,15,4,12,2,11,3,4,2,3,3,6.194080543
34,No,Travel_Frequently,Sales,24,4,Marketing,1,2842,Male,2,Manufacturing Director,Married,164130,6,Y,16,8,0,6,1,4,1,2,3,3,3,3,3,7.026667885
22,No,Travel_Rarely,Research & Development,3,3,Medical,1,2843,Male,1,Laboratory Technician,Married,132690,1,Y,25,8,1,2,2,2,2,2,3,4,3,3,4,7.703482553
27,No,Non-Travel,Research & Development,3,3,Medical,1,2844,Male,1,Healthcare Representative,Divorced,27830,6,Y,16,8,1,6,2,2,2,2,4,2,1,4,3,6.283246377
28,No,Travel_Rarely,Sales,4,4,Life Sciences,1,2845,Male,2,Healthcare Representative,Married,54330,1,Y,13,8,1,5,4,5,0,2,3,4,1,2,3,6.489963042
57,No,Travel_Rarely,Research & Development,3,3,Life Sciences,1,2846,Male,2,Manufacturing Director,Divorced,20130,3,Y,14,8,1,12,5,5,1,4,3,4,1,3,3,10.8871844
27,No,Non-Travel,Research & Development,2,3,Life Sciences,1,2847,Male,1,Manufacturing Director,Divorced,139660,1,Y,19,8,0,1,1,1,0,1,3,3,2,3,3,10.61337982
50,No,Travel_Rarely,Research & Development,4,3,Life Sciences,1,2848,Female,2,Manufacturing Director,Single,43740,3,Y,15,8,1,21,5,5,4,4,3,2,3,4,3,6.223148148
41,No,Travel_Rarely,Sales,7,4,Marketing,1,2849,Male,4,Laboratory Technician,Divorced,68420,4,Y,12,8,1,13,3,9,1,8,1,3,3,3,3,6.183541667
30,No,Travel_Rarely,Human Resources,1,4,Human Resources,1,2850,Female,1,Manager,Married,174260,2,Y,12,8,1,12,0,10,7,4,2,4,3,2,3,6.886836355
38,No,Travel_Rarely,Sales,1,1,Medical,1,2851,Male,2,Laboratory Technician,Single,176030,4,Y,16,8,0,12,0,8,0,7,1,4,4,2,3,6.278257888
32,No,Travel_Rarely,Research & Development,20,3,Medical,1,2852,Female,1,Manufacturing Director,Single,45810,3,Y,14,8,1,8,3,5,1,4,3,3,3,3,3,6.930907651
27,No,Travel_Rarely,Research & Development,5,4,Medical,1,2853,Male,2,Healthcare Representative,Married,47350,0,Y,13,8,0,6,2,5,1,1,3,2,2,3,3,8.924711762
19,Yes,Travel_Frequently,Research & Development,10,2,Life Sciences,1,2854,Male,2,Healthcare Representative,Single,41870,0,Y,22,8,1,1,4,0,0,0,3,1,4,3,4,7.51437409
36,No,Travel_Frequently,Sales,25,3,Marketing,1,2855,Female,2,Research Director,Single,55050,4,Y,21,8,2,13,3,8,7,2,4,2,2,3,4,7.428980697
30,No,Non-Travel,Sales,1,3,Medical,1,2856,Female,1,Sales Executive,Divorced,54700,1,Y,18,8,1,12,2,12,6,10,3,1,3,3,3,6.828885445
45,No,Travel_Rarely,Research & Development,24,2,Medical,1,2857,Male,2,Sales Executive,Divorced,54760,4,Y,13,8,1,9,3,5,0,3,3,1,4,3,3,8.115692149
56,No,Travel_Rarely,Research & Development,4,3,Life Sciences,1,2858,Male,4,Manager,Divorced,25870,4,Y,12,8,0,19,2,2,2,2,3,1,3,2,3,8.298600781
33,No,Travel_Rarely,Research & Development,2,2,Medical,1,2859,Male,1,Sales Executive,Single,24400,0,Y,18,8,3,4,4,3,0,2,3,4,4,3,3,6.816934114
19,Yes,Travel_Rarely,Research & Development,8,2,Life Sciences,1,2860,Male,2,Sales Executive,Single,159720,1,Y,21,8,0,1,2,1,1,0,2,4,2,3,4,7.197164352
46,No,Travel_Rarely,Research & Development,10,3,Technical Degree,1,2861,Female,2,Laboratory Technician,Divorced,153790,1,Y,12,8,0,24,1,24,15,7,2,1,3,1,3,6.85781746
38,No,Travel_Rarely,Sales,4,4,Life Sciences,1,2862,Male,1,Manufacturing Director,Single,70820,1,Y,14,8,0,2,3,2,2,1,3,4,3,4,3,7.900873016
31,No,Travel_Rarely,Sales,2,5,Life Sciences,1,2863,Male,2,Sales Representative,Married,27280,8,Y,11,8,0,7,3,4,0,2,3,4,3,4,3,10.36808668
34,No,Travel_Rarely,Sales,9,3,Marketing,1,2864,Female,2,Manager,Single,53680,2,Y,14,8,1,9,2,3,1,2,4,2,3,3,3,6.208591787
41,Yes,Travel_Rarely,Research & Development,18,4,Life Sciences,1,2865,Male,5,Laboratory Technician,Single,53470,1,Y,24,8,1,4,1,4,0,2,2,2,2,3,4,10.05429196
50,No,Travel_Rarely,Sales,19,4,Marketing,1,2866,Male,3,Sales Executive,Married,31950,2,Y,11,8,0,5,4,3,0,2,3,3,2,2,3,6.779118147
53,No,Travel_Rarely,Sales,1,2,Life Sciences,1,2867,Male,1,Manager,Divorced,39890,1,Y,13,8,0,5,2,4,1,3,4,1,3,3,3,6.132815603
33,No,Travel_Rarely,Research & Development,4,3,Life Sciences,1,2868,Male,1,Human Resources,Married,33060,1,Y,11,8,3,8,6,8,1,6,4,2,3,1,3,7.50662037
40,No,Travel_Rarely,Research & Development,11,3,Life Sciences,1,2869,Female,2,Sales Executive,Married,70050,1,Y,20,8,2,21,2,20,9,9,4,3,3,3,4,6.219706522
55,No,Travel_Rarely,Research & Development,6,1,Life Sciences,1,2870,Female,2,Laboratory Technician,Single,26550,8,Y,17,8,0,36,0,24,2,15,3,2,3,2,3,6.093933655
34,No,Travel_Frequently,Human Resources,7,4,Other,1,2871,Female,1,Research Scientist,Married,13930,1,Y,11,8,2,10,4,10,1,9,4,3,2,4,3,6.819717554
51,No,Travel_Rarely,Human Resources,4,2,Human Resources,1,2872,Male,2,Sales Representative,Single,25700,3,Y,18,8,0,21,2,7,1,0,4,2,3,3,3,7.382190215
52,No,Travel_Rarely,Research & Development,2,4,Medical,1,2873,Female,2,Sales Representative,Married,35370,0,Y,11,8,1,34,3,33,11,9,3,3,3,3,3,6.266114798
27,No,Travel_Rarely,Sales,15,3,Marketing,1,2874,Male,1,Research Scientist,Single,39860,1,Y,12,8,2,7,3,7,0,3,4,2,2,3,3,7.528170068
35,Yes,Travel_Rarely,Research & Development,2,4,Life Sciences,1,2875,Female,2,Research Director,Married,108830,3,Y,12,8,0,8,3,1,0,1,2,3,3,4,3,8.999426937
43,No,Non-Travel,Research & Development,6,2,Medical,1,2876,Male,1,Healthcare Representative,Divorced,20280,4,Y,20,8,1,7,2,5,2,2,4,,4,2,4,8.014231602
45,No,Non-Travel,Research & Development,9,2,Medical,1,2877,Female,1,Sales Executive,Married,95250,9,Y,19,8,0,22,3,20,11,8,1,4,3,3,3,6.208377872
37,No,Travel_Rarely,Research & Development,7,3,Life Sciences,1,2878,Female,1,Research Scientist,Married,29290,1,Y,12,8,0,8,2,8,1,7,2,1,2,1,3,10.08396156
35,No,Travel_Frequently,Research & Development,1,3,Other,1,2879,Male,2,Research Director,Single,22750,5,Y,13,8,0,10,2,6,1,2,2,2,3,4,3,6.117416188
42,No,Non-Travel,Research & Development,1,1,Technical Degree,1,2880,Male,2,Sales Executive,Divorced,78790,2,Y,11,8,1,11,2,5,0,2,3,3,3,3,3,6.392047885
38,No,Travel_Rarely,Sales,8,2,Marketing,1,2881,Male,5,Research Scientist,Married,49300,9,Y,14,8,0,14,0,1,0,0,4,3,3,3,3,6.299181481
38,No,Travel_Rarely,Human Resources,25,1,Human Resources,1,2882,Female,1,Manufacturing Director,Married,78470,3,Y,14,8,1,9,3,7,1,7,4,4,1,4,3,7.283589744
27,No,Travel_Frequently,Research & Development,13,4,Medical,1,2883,Male,1,Manager,Married,44010,5,Y,13,8,0,6,4,2,2,0,3,1,3,2,3,6.521139005
49,No,Non-Travel,Research & Development,23,1,Other,1,2884,Female,2,Sales Executive,Divorced,92410,1,Y,19,8,1,7,5,7,1,7,4,4,3,3,3,9.59264059
34,No,Travel_Frequently,Research & Development,7,2,Medical,1,2885,Male,4,Sales Representative,Divorced,29740,1,Y,23,8,0,5,2,5,2,0,4,3,4,3,4,10.51404477
40,No,Travel_Rarely,Research & Development,23,3,Medical,1,2886,Female,1,Laboratory Technician,Married,45020,8,Y,12,8,2,15,0,7,3,7,3,4,4,2,3,10.40043197
38,Yes,Travel_Rarely,Sales,6,4,Life Sciences,1,2887,Female,3,Research Scientist,Married,107480,7,Y,15,8,0,17,3,1,0,0,2,1,3,3,3,8.400432367
29,Yes,Travel_Rarely,Sales,10,2,Life Sciences,1,2888,Female,2,Research Scientist,Married,15550,1,Y,19,8,2,10,2,10,1,9,2,4,2,3,3,6.715693277
22,No,Travel_Rarely,Research & Development,1,3,Life Sciences,1,2889,Female,4,Healthcare Representative,Divorced,129360,1,Y,11,8,2,4,3,4,2,2,4,2,2,3,3,8.494217391
36,No,Travel_Frequently,Research & Development,1,3,Life Sciences,1,2890,Female,2,Laboratory Technician,Single,23050,1,Y,17,8,0,8,3,8,1,7,2,4,3,3,3,7.506036556
40,No,Non-Travel,Research & Development,28,2,Life Sciences,1,2891,Male,1,Manufacturing Director,Married,167040,9,Y,22,8,0,5,2,3,0,2,4,4,1,4,4,6.108284663
46,No,Travel_Rarely,Research & Development,25,1,Medical,1,2892,Male,5,Research Scientist,Divorced,34330,7,Y,18,8,0,17,3,4,0,3,4,1,3,3,3,6.019111347
32,Yes,Travel_Rarely,Research & Development,5,3,Medical,1,2893,Male,1,Healthcare Representative,Married,34770,1,Y,11,8,0,14,2,14,9,8,4,4,2,4,3,7.798501821
30,No,Non-Travel,Research & Development,17,4,Life Sciences,1,2894,Male,2,Healthcare Representative,Single,64300,1,Y,12,8,1,12,2,11,5,8,3,3,3,2,3,8.025104019
27,No,Travel_Frequently,Research & Development,18,2,Medical,1,2895,Female,1,Laboratory Technician,Single,65160,1,Y,19,8,1,7,4,7,0,7,4,3,3,3,3,6.187480507
51,No,Travel_Rarely,Research & Development,2,1,Medical,1,2896,Female,1,Manufacturing Director,Married,39070,5,Y,13,8,0,16,2,10,4,7,2,2,1,3,3,6.688292655
30,Yes,Travel_Rarely,Research & Development,10,4,Life Sciences,1,2897,Female,2,Research Scientist,Single,55620,5,Y,13,8,0,8,3,5,0,4,4,1,3,2,3,8.483143091
41,No,Travel_Rarely,Research & Development,1,3,Life Sciences,1,2898,Male,2,Human Resources,Single,68830,3,Y,19,8,2,16,3,1,0,0,4,4,3,2,3,9.080530838
30,Yes,Travel_Frequently,Sales,3,2,Medical,1,2899,Male,2,Healthcare Representative,Single,28620,5,Y,14,8,0,9,2,6,0,1,3,1,,2,3,7.004625755
29,Yes,Travel_Rarely,Research & Development,2,3,Life Sciences,1,2900,Male,1,Sales Executive,Single,49780,0,Y,13,8,0,7,3,6,1,5,3,3,2,2,3,7.803890056
45,No,Non-Travel,Research & Development,2,3,Medical,1,2901,Female,2,Research Scientist,Single,103680,6,Y,12,8,2,23,2,19,12,8,4,4,3,3,3,6.5835839
54,No,Travel_Rarely,Sales,8,2,Marketing,1,2902,Female,2,Laboratory Technician,Married,61340,2,Y,19,8,0,16,2,6,0,5,4,1,3,2,3,6.371495816
36,No,Travel_Rarely,Research & Development,16,4,Life Sciences,1,2903,Male,1,Healthcare Representative,Single,67350,8,Y,25,8,2,16,3,13,3,7,4,2,4,2,4,7.622738095
33,No,Travel_Rarely,Sales,9,1,Other,1,2904,Female,3,Sales Executive,Married,32950,6,Y,22,8,2,7,2,3,1,1,3,2,3,3,4,7.50846583
37,No,Travel_Frequently,Sales,2,4,Life Sciences,1,2905,Male,2,Laboratory Technician,Divorced,52380,1,Y,15,8,1,10,5,10,0,7,2,4,3,3,3,10.11399665
38,No,Travel_Rarely,Research & Development,1,2,Medical,1,2906,Male,4,Laboratory Technician,Divorced,64720,0,Y,12,8,0,17,4,16,5,13,1,3,2,3,3,6.934340278
31,No,Non-Travel,Sales,4,1,Medical,1,2907,Female,3,Research Scientist,Married,96100,0,Y,11,8,1,6,2,5,1,4,3,3,3,2,3,5.97202332
59,No,Travel_Rarely,Research & Development,5,3,Life Sciences,1,2908,Female,3,Manager,Married,198330,3,Y,13,8,0,7,2,1,0,0,3,4,3,3,3,6.214212571
37,No,Travel_Frequently,Sales,2,3,Marketing,1,2909,Female,2,Laboratory Technician,Divorced,97560,4,Y,19,8,0,13,2,9,5,8,1,4,3,3,3,7.020965551
29,No,Travel_Frequently,Sales,15,4,Medical,1,2910,Female,1,Sales Executive,Married,49680,1,Y,19,8,3,11,4,11,4,1,2,4,3,3,3,6.286423611
35,No,Travel_Frequently,Research & Development,19,3,Life Sciences,1,2911,Female,1,Sales Executive,Single,21450,1,Y,13,8,0,10,6,10,0,8,3,3,4,2,3,5.982920769
29,Yes,Travel_Rarely,Research & Development,7,1,Life Sciences,1,2912,Female,1,Research Scientist,Single,21800,1,Y,21,8,0,4,2,4,0,1,3,4,2,3,4,8.365998156
52,No,Travel_Rarely,Research & Development,1,2,Medical,1,2913,Female,4,Manager,Single,83460,7,Y,14,8,0,6,5,2,2,2,3,4,2,3,3,7.386176964
42,No,Travel_Rarely,Research & Development,7,4,Life Sciences,1,2914,Female,2,Sales Executive,Married,34450,1,Y,11,8,2,22,2,22,11,15,3,4,3,3,3,6.401950405
59,No,Travel_Rarely,Research & Development,4,4,Technical Degree,1,2915,Male,1,Healthcare Representative,Married,27600,8,Y,11,8,0,7,3,2,2,2,2,3,2,4,3,6.696338061
50,No,Travel_Rarely,Research & Development,11,2,Life Sciences,1,2916,Male,2,Sales Executive,Divorced,62940,3,Y,23,8,1,32,2,7,0,6,4,4,2,4,4,7.682673042
33,Yes,Travel_Rarely,Sales,11,4,Marketing,1,2917,Male,1,Research Scientist,Married,71400,5,Y,21,8,0,8,2,5,0,4,3,4,1,2,4,10.90069928
43,No,Travel_Rarely,Sales,1,3,Marketing,1,2918,Female,2,Manufacturing Director,Married,29320,5,Y,24,8,0,22,3,17,1,9,4,4,3,3,4,9.317622549
33,Yes,Travel_Rarely,Sales,1,3,Life Sciences,1,2919,Male,2,Manager,Married,51470,7,Y,11,8,0,13,2,9,1,7,1,1,4,3,3,7.100713462
52,No,Non-Travel,Research & Development,2,3,Technical Degree,1,2920,Male,1,Sales Executive,Single,45070,1,Y,14,8,0,33,3,33,15,12,1,3,4,2,3,8.800496377
32,No,Travel_Rarely,Human Resources,13,4,Life Sciences,1,2921,Female,3,Manufacturing Director,Married,85640,2,Y,16,8,1,6,2,4,1,2,3,2,3,2,3,8.019951591
32,Yes,Travel_Rarely,Sales,23,1,Life Sciences,1,2922,Male,3,Healthcare Representative,Single,24680,0,Y,11,8,0,4,2,3,1,2,4,3,1,3,3,10.18278609
39,No,Travel_Rarely,Sales,26,4,Life Sciences,1,2923,Male,2,Research Director,Divorced,81610,7,Y,12,8,1,7,2,3,1,2,3,3,3,4,3,6.318539352
32,No,Non-Travel,Sales,2,4,Marketing,1,2924,Male,4,Research Scientist,Married,21090,0,Y,13,8,1,4,3,3,2,2,3,4,3,2,3,6.210912194
41,No,Travel_Rarely,Sales,29,3,Life Sciences,1,2925,Female,2,Laboratory Technician,Divorced,52940,2,Y,15,8,0,17,3,1,0,0,3,1,2,2,3,6.091800281
40,No,Travel_Rarely,Research & Development,2,3,Life Sciences,1,2926,Male,1,Manufacturing Director,Divorced,27180,1,Y,14,8,1,9,4,9,4,7,,4,3,2,3,7.347649393
45,No,Travel_Rarely,Research & Development,18,1,Life Sciences,1,2927,Female,2,Sales Representative,Married,58110,0,Y,14,8,0,25,4,24,1,7,3,4,3,2,3,6.942974138
31,No,Travel_Frequently,Research & Development,7,4,Medical,1,2928,Male,1,Research Scientist,Divorced,24370,9,Y,14,8,1,9,3,2,2,2,2,3,3,4,3,7.32451989
33,No,Travel_Rarely,Research & Development,2,4,Life Sciences,1,2929,Female,1,Sales Executive,Married,27660,1,Y,12,8,1,2,2,2,0,2,3,4,2,3,3,6.760009833
34,No,Travel_Rarely,Research & Development,26,3,Other,1,2930,Female,1,Sales Executive,Married,190380,6,Y,13,8,0,13,3,11,5,9,4,1,3,2,3,6.393331056
37,No,Travel_Rarely,Research & Development,22,5,Medical,1,2931,Female,2,Manufacturing Director,Married,30550,2,Y,14,8,3,17,3,3,0,2,3,1,2,3,3,7.593826531
45,No,Travel_Frequently,Sales,21,1,Marketing,1,2932,Male,3,Research Scientist,Married,22890,4,Y,13,8,0,9,3,3,0,2,1,3,3,2,3,8.004546534
37,Yes,Travel_Frequently,Sales,2,3,Marketing,1,2933,Male,1,Laboratory Technician,Divorced,40010,6,Y,11,8,1,17,2,1,0,0,1,3,3,3,3,7.073854316
39,No,Travel_Frequently,Research & Development,22,3,Medical,1,2934,Female,1,Manufacturing Director,Single,129650,0,Y,19,8,1,20,2,19,11,8,3,3,3,3,3,7.441578884
29,No,Travel_Rarely,Sales,4,3,Other,1,2935,Female,2,Human Resources,Single,35390,1,Y,18,8,0,6,2,6,1,5,3,4,3,2,3,7.301593507
42,No,Travel_Rarely,Research & Development,5,4,Medical,1,2936,Female,1,Research Scientist,Single,60290,3,Y,17,8,1,10,5,3,0,2,4,1,3,3,3,8.514418971
29,No,Travel_Rarely,Research & Development,2,4,Medical,1,2937,Male,1,Laboratory Technician,Divorced,26790,2,Y,15,8,0,10,2,3,0,2,4,4,3,2,3,6.081796952
25,No,Travel_Rarely,Research & Development,25,2,Life Sciences,1,2938,Male,2,Sales Executive,Married,37020,0,Y,20,8,0,5,4,4,1,2,1,3,3,3,4,7.718641079
42,No,Travel_Rarely,Sales,18,2,Medical,1,2939,Male,1,Laboratory Technician,Divorced,23980,0,Y,14,8,1,10,2,9,7,8,4,1,3,2,3,9.495627572
40,No,Travel_Rarely,Research & Development,28,3,Medical,1,2940,Male,2,Laboratory Technician,Divorced,54680,0,Y,12,8,0,22,6,21,3,9,1,3,3,4,3,7.017724271
51,No,Travel_Rarely,Sales,6,2,Life Sciences,1,2941,Female,1,Healthcare Representative,Married,131160,1,Y,11,8,0,1,6,1,0,0,3,4,2,3,3,7.420300625
31,Yes,Travel_Frequently,Research & Development,10,1,Life Sciences,1,2942,Female,1,Research Scientist,Single,41890,0,Y,23,8,1,6,3,5,1,4,3,2,4,2,4,7.702797703
32,No,Travel_Frequently,Research & Development,17,4,Other,1,2943,Male,4,Sales Executive,Married,193280,1,Y,15,8,3,5,2,5,0,3,2,2,1,3,3,7.012908497
38,No,Non-Travel,Research & Development,2,5,Life Sciences,1,2944,Male,3,Human Resources,Married,83210,3,Y,11,8,3,13,5,8,7,5,4,4,3,2,3,7.221461925
32,No,Travel_Rarely,Research & Development,10,1,Medical,1,2945,Male,1,Sales Executive,Single,23420,4,Y,12,8,2,9,2,6,0,4,4,1,3,3,3,7.979356168
46,No,Travel_Rarely,Research & Development,8,3,Life Sciences,1,2946,Female,4,Research Director,Married,40710,3,Y,13,8,0,28,5,7,7,7,3,2,2,3,3,10.81597689
28,Yes,Travel_Rarely,Research & Development,11,2,Medical,1,2947,Male,2,Sales Executive,Single,58130,2,Y,20,8,1,5,2,0,0,0,1,3,1,3,4,6.895297787
29,No,Travel_Rarely,Research & Development,18,3,Life Sciences,1,2948,Male,2,Sales Executive,Married,31430,2,Y,22,8,3,10,2,0,0,0,1,2,3,3,4,6.726156189
31,No,Travel_Rarely,Research & Development,1,3,Life Sciences,1,2949,Male,3,Laboratory Technician,Married,20440,0,Y,21,8,0,10,2,9,7,8,2,4,3,3,4,7.226828989
25,No,Non-Travel,Research & Development,7,4,Medical,1,2950,Female,4,Laboratory Technician,Divorced,134640,1,Y,13,8,1,6,2,6,1,5,2,1,3,3,3,7.08512741
45,No,Travel_Rarely,Research & Development,17,2,Medical,1,2951,Male,2,Laboratory Technician,Married,79910,0,Y,13,8,2,21,2,20,4,10,3,4,3,2,3,8.409649063
36,No,Travel_Rarely,Research & Development,28,1,Life Sciences,1,2952,Male,1,Laboratory Technician,Married,33770,0,Y,12,8,2,16,2,15,10,11,4,4,3,3,3,7.072117467
55,No,Travel_Rarely,Research & Development,14,4,Life Sciences,1,2953,Female,1,Sales Executive,Single,55380,0,Y,17,8,0,37,2,36,4,13,4,1,3,3,3,9.271862269
47,Yes,Non-Travel,Research & Development,1,1,Medical,1,2954,Male,1,Research Scientist,Married,57620,1,Y,11,8,2,10,4,10,9,9,1,2,2,2,3,9.422889344
28,No,Travel_Rarely,Research & Development,1,3,Life Sciences,1,2955,Male,1,Manufacturing Director,Married,25920,1,Y,14,8,0,5,2,5,0,4,4,4,2,3,3,6.06695059
37,No,Travel_Rarely,Research & Development,1,3,Life Sciences,1,2956,Male,2,Healthcare Representative,Married,53460,4,Y,11,8,0,7,2,5,0,1,3,4,4,3,3,6.701199813
21,No,Travel_Rarely,Research & Development,3,2,Life Sciences,1,2957,Male,1,Laboratory Technician,Single,42130,1,Y,12,8,3,3,3,3,1,0,4,3,4,2,3,6.594208573
37,No,Non-Travel,Research & Development,1,3,Medical,1,2958,Male,2,Sales Executive,Divorced,41270,2,Y,13,8,1,15,2,5,0,2,1,4,3,3,3,11.00187895
35,No,Travel_Rarely,Sales,7,4,Life Sciences,1,2959,Male,1,Sales Representative,Divorced,24380,7,Y,16,8,0,10,5,7,6,2,2,2,2,2,3,7.030591168
38,No,Travel_Rarely,Research & Development,8,3,Life Sciences,1,2960,Female,1,Manager,Divorced,68700,1,Y,11,8,1,8,5,8,7,7,1,1,3,3,3,9.294923216
26,No,Travel_Frequently,Research & Development,1,4,Other,1,2961,Male,2,Laboratory Technician,Divorced,104470,1,Y,18,8,0,6,3,6,1,4,3,2,1,3,3,7.546754571
50,No,Travel_Rarely,Sales,8,4,Life Sciences,1,2962,Male,1,Research Scientist,Divorced,96670,3,Y,23,8,0,28,2,10,1,6,1,2,2,2,4,5.977702572
53,No,Travel_Rarely,Research & Development,11,4,Life Sciences,1,2963,Female,2,Research Scientist,Married,21480,3,Y,11,8,0,21,2,5,1,3,3,3,2,3,3,8.349351852
42,No,Travel_Rarely,Research & Development,4,4,Life Sciences,1,2964,Male,1,Manufacturing Director,Married,89260,1,Y,14,8,0,20,4,20,11,6,2,3,3,1,3,6.81416789
29,No,Travel_Frequently,Research & Development,16,4,Medical,1,2965,Male,1,Laboratory Technician,Single,65130,1,Y,11,8,1,10,2,10,0,9,2,4,2,3,3,7.103465492
55,No,Travel_Rarely,Research & Development,1,4,Other,1,2966,Female,1,Research Scientist,Married,67990,3,Y,11,8,0,12,2,10,0,8,2,4,3,3,3,9.400733867
26,No,Travel_Frequently,Research & Development,9,3,Life Sciences,1,2967,Female,1,Manager,Married,162910,1,Y,22,8,0,5,3,5,3,3,1,1,3,3,4,11.00306474
37,No,Travel_Rarely,Sales,5,1,Marketing,1,2968,Male,1,Research Scientist,Single,27050,1,Y,11,8,0,17,2,17,5,7,4,4,3,3,3,7.611183891
44,Yes,Travel_Frequently,Research & Development,1,2,Medical,1,2969,Male,2,Research Scientist,Divorced,103330,3,Y,14,8,1,19,2,1,0,0,4,3,1,2,3,11.02140677
38,No,Travel_Rarely,Sales,2,3,Marketing,1,2970,Female,1,Manager,Divorced,44480,9,Y,12,8,0,10,3,2,1,2,4,4,3,2,3,6.781370056
26,Yes,Travel_Rarely,Research & Development,4,3,Medical,1,2971,Male,3,Research Scientist,Divorced,68540,2,Y,11,8,0,5,5,3,0,2,1,2,3,2,3,10.13693534
28,No,Travel_Rarely,Research & Development,7,3,Other,1,2972,Male,1,Human Resources,Single,96370,1,Y,13,8,0,5,6,5,0,2,4,4,3,2,3,6.700665954
49,No,Travel_Frequently,Research & Development,1,1,Medical,1,2973,Female,2,Research Scientist,Single,35910,9,Y,13,8,0,22,2,3,1,2,3,1,3,3,3,10.51150673
36,No,Travel_Rarely,Sales,5,3,Technical Degree,1,2974,Male,3,Sales Executive,Single,54050,4,Y,14,8,0,10,2,8,7,7,3,2,3,3,3,6.199465541
31,No,Travel_Frequently,Research & Development,9,4,Medical,1,2975,Male,1,Sales Executive,Divorced,46840,1,Y,16,8,1,2,4,2,2,2,4,2,2,3,3,6.593007346
26,Yes,Travel_Rarely,Research & Development,8,3,Medical,1,2976,Male,2,Manager,Single,157870,1,Y,12,8,2,8,5,8,7,4,4,4,3,3,3,10.27339269
37,No,Travel_Frequently,Sales,9,1,Marketing,1,2977,Male,1,Laboratory Technician,Married,15140,1,Y,14,8,0,4,3,4,1,2,2,4,2,3,3,10.02945148
42,No,Travel_Frequently,Sales,2,2,Marketing,1,2978,Male,3,Research Director,Married,29560,5,Y,13,8,0,23,2,20,4,8,3,2,4,3,3,6.033411306
18,Yes,Travel_Rarely,Research & Development,1,4,Life Sciences,1,2979,Male,1,Sales Executive,Single,23350,1,Y,14,8,2,0,3,0,0,0,3,3,3,2,3,6.770954786
35,No,Travel_Rarely,Sales,20,2,Life Sciences,1,2980,Male,1,Laboratory Technician,Married,51540,0,Y,19,8,0,12,2,11,6,9,3,2,2,2,3,7.69639811
36,No,Travel_Frequently,Research & Development,8,3,Other,1,2981,Female,3,Sales Executive,Married,69620,4,Y,12,8,2,4,2,1,0,0,3,4,3,2,3,7.188699764
51,No,Travel_Rarely,Research & Development,2,3,Life Sciences,1,2982,Male,2,Laboratory Technician,Divorced,56750,5,Y,13,8,0,13,2,4,1,2,4,2,3,2,3,7.606370215
41,No,Travel_Rarely,Research & Development,29,1,Life Sciences,1,2983,Male,1,Laboratory Technician,Single,23790,1,Y,12,8,0,22,6,22,0,4,4,2,3,3,3,6.925646592
18,No,Travel_Rarely,Sales,7,3,Life Sciences,1,2984,Male,1,Research Scientist,Single,38120,1,Y,15,8,0,0,3,0,0,0,4,3,3,3,3,6.973782232
28,No,Travel_Rarely,Research & Development,9,3,Medical,1,2985,Male,1,Sales Representative,Single,46480,0,Y,23,8,2,9,2,8,0,7,2,1,3,2,4,7.201891702
31,No,Travel_Rarely,Research & Development,8,1,Technical Degree,1,2986,Male,1,Manufacturing Director,Married,29360,4,Y,12,8,1,10,2,8,7,7,2,4,2,3,3,7.21087598
39,No,Travel_Rarely,Sales,5,4,Marketing,1,2987,Female,2,Human Resources,Divorced,21050,0,Y,20,8,0,19,3,18,3,7,3,4,2,3,4,7.600149051
36,No,Non-Travel,Research & Development,5,4,Life Sciences,1,2988,Male,1,Sales Executive,Married,85780,7,Y,21,8,0,11,4,9,0,8,2,2,3,3,4,7.826676287
32,No,Travel_Rarely,Sales,2,3,Marketing,1,2989,Male,2,Laboratory Technician,Married,27060,1,Y,21,8,1,13,4,13,4,8,4,3,2,3,4,6.953546919
38,No,Travel_Rarely,Research & Development,5,2,Life Sciences,1,2990,Female,3,Research Scientist,Married,63840,3,Y,19,8,2,19,4,10,0,1,1,2,3,2,3,6.884545231
58,No,Non-Travel,Research & Development,2,3,Life Sciences,1,2991,Male,2,Manufacturing Director,Divorced,39680,2,Y,13,8,2,12,3,5,1,2,4,3,3,2,3,10.8980854
31,No,Travel_Rarely,Research & Development,20,1,Technical Degree,1,2992,Female,3,Research Scientist,Married,99070,0,Y,13,8,1,6,3,5,0,3,3,4,3,2,3,9.100579297
31,No,Travel_Rarely,Sales,7,4,Marketing,1,2993,Male,2,Sales Executive,Married,132250,3,Y,21,8,1,9,2,2,1,0,1,1,3,3,4,6.827082176
45,No,Travel_Frequently,Research & Development,3,1,Medical,1,2994,Female,1,Sales Executive,Divorced,35400,1,Y,13,8,0,24,6,24,9,11,1,1,3,3,3,7.299360992
31,No,Travel_Rarely,Sales,16,4,Marketing,1,2995,Female,2,Research Scientist,Divorced,28040,0,Y,19,8,2,3,0,2,2,2,3,4,1,3,3,8.615947441
33,No,Travel_Frequently,Research & Development,9,3,Life Sciences,1,2996,Male,4,Research Director,Married,193920,6,Y,12,8,1,12,3,10,8,8,4,2,3,3,3,6.763073997
39,No,Travel_Rarely,Sales,1,4,Life Sciences,1,2997,Male,1,Sales Executive,Married,196650,1,Y,22,8,1,21,6,21,11,10,3,1,3,3,4,10.99725709
43,No,Travel_Frequently,Research & Development,7,4,Medical,1,2998,Male,4,Research Scientist,Single,24390,0,Y,15,8,0,9,2,8,1,7,3,4,3,3,3,7.680348725
49,No,Travel_Rarely,Research & Development,1,3,Life Sciences,1,2999,Male,3,Manufacturing Director,Single,73140,7,Y,22,8,0,25,2,7,0,7,3,3,3,3,4,9.991833099
52,Yes,Travel_Rarely,Research & Development,7,1,Life Sciences,1,3000,Female,2,Research Scientist,Married,47740,2,Y,18,8,1,11,2,8,7,7,3,2,2,3,3,7.913886473
27,No,Travel_Rarely,Research & Development,15,4,Medical,1,3001,Male,3,Research Scientist,Single,39020,1,Y,22,8,0,4,2,4,1,2,3,2,2,3,4,10.689523
32,No,Travel_Rarely,Research & Development,1,3,Life Sciences,1,3002,Male,3,Research Scientist,Married,26620,1,Y,11,8,1,13,6,13,11,9,3,2,3,4,3,10.52940958
27,No,Travel_Rarely,Research & Development,13,2,Medical,1,3003,Female,4,Research Director,Single,28560,1,Y,12,8,2,5,5,5,0,4,4,3,3,4,3,10.10373905
31,No,Travel_Rarely,Sales,24,3,Life Sciences,1,3004,Male,2,Healthcare Representative,Divorced,10810,4,Y,11,8,3,13,4,7,1,7,4,4,3,4,3,6.624016548
32,No,Travel_Rarely,Research & Development,7,3,Technical Degree,1,3005,Male,2,Healthcare Representative,Single,24720,7,Y,13,8,0,10,2,7,0,7,1,4,2,3,3,7.500045695
28,Yes,Travel_Rarely,Research & Development,9,4,Medical,1,3006,Male,1,Sales Executive,Married,56730,5,Y,14,8,1,5,4,3,2,2,1,4,2,2,3,10.7227963
30,No,Travel_Rarely,Research & Development,13,3,Life Sciences,1,3007,Female,4,Research Director,Married,41970,1,Y,13,8,0,11,3,10,1,9,4,4,3,3,3,6.202790123
31,No,Travel_Frequently,Research & Development,2,1,Life Sciences,1,3008,Female,1,Manager,Married,97130,1,Y,17,8,0,10,5,10,8,9,3,3,3,2,3,6.587253735
39,No,Travel_Frequently,Research & Development,19,4,Medical,1,3009,Female,1,Research Scientist,Married,20620,1,Y,13,8,0,21,4,21,13,3,3,4,3,3,3,6.085376729
39,Yes,Travel_Rarely,Research & Development,1,1,Medical,1,3010,Female,1,Laboratory Technician,Married,42840,4,Y,17,8,1,12,0,1,0,0,4,3,2,3,3,10.01837825
33,No,Travel_Frequently,Sales,4,2,Life Sciences,1,3011,Male,4,Research Scientist,Single,47880,3,Y,11,8,1,9,0,7,0,1,2,4,2,3,3,7.389129709
47,No,Travel_Rarely,Research & Development,4,3,Life Sciences,1,3012,Female,2,Healthcare Representative,Married,59060,4,Y,23,8,0,21,4,3,1,1,4,3,3,4,4,6.509202696
43,No,Travel_Frequently,Research & Development,14,3,Medical,1,3013,Female,5,Research Director,Divorced,38860,1,Y,17,8,2,9,2,9,0,0,3,3,4,3,3,6.316731884
27,No,Non-Travel,Research & Development,2,3,Life Sciences,1,3014,Male,1,Research Director,Married,168230,0,Y,17,8,0,6,3,5,1,4,3,2,3,3,3,9.298370133
54,No,Travel_Frequently,Research & Development,1,4,Life Sciences,1,3015,Male,2,Research Scientist,Single,29330,3,Y,12,8,2,20,2,4,0,3,4,3,2,3,3,6.113697556
43,No,Travel_Rarely,Research & Development,7,2,Life Sciences,1,3016,Female,2,Manager,Married,65000,8,Y,23,8,0,10,3,1,0,0,3,1,2,3,4,7.199790749
45,No,Travel_Rarely,Sales,3,1,Marketing,1,3017,Female,1,Sales Executive,Married,171740,9,Y,14,8,1,12,6,10,9,8,4,4,3,3,3,7.089812021
40,No,Travel_Rarely,Research & Development,2,4,Other,1,3018,Male,4,Research Scientist,Married,50330,2,Y,14,8,2,6,6,4,0,2,2,4,2,3,3,9.893391393
29,Yes,Travel_Rarely,Research & Development,29,3,Medical,1,3019,Female,1,Research Scientist,Married,23070,1,Y,13,8,1,7,0,7,0,7,2,1,2,3,3,10.50610291
29,No,Travel_Rarely,Human Resources,8,3,Medical,1,3020,Male,3,Sales Representative,Single,25870,0,Y,22,8,2,4,3,3,2,2,2,4,3,3,4,6.91747837
30,No,Travel_Rarely,Research & Development,10,3,Life Sciences,1,3021,Male,2,Research Scientist,Divorced,55070,1,Y,12,8,2,10,2,10,1,2,4,3,3,2,3,7.593638889
27,No,Travel_Rarely,Research & Development,11,2,Medical,1,3022,Male,1,Manager,Married,43930,1,Y,18,8,1,8,2,8,0,7,2,2,3,2,3,6.125528253
37,No,Travel_Rarely,Sales,1,4,Life Sciences,1,3023,Male,2,Healthcare Representative,Divorced,133480,7,Y,14,8,0,8,4,6,0,4,4,4,2,3,3,6.028761671
38,No,Travel_Rarely,Research & Development,28,4,Medical,1,3024,Male,1,Laboratory Technician,Divorced,65830,0,Y,12,8,0,12,1,11,2,9,3,4,3,3,3,8.990253165
31,No,Travel_Rarely,Research & Development,6,3,Medical,1,3025,Female,3,Manager,Single,81030,1,Y,15,8,1,11,5,11,4,10,3,4,,3,3,10.40045465
29,No,Travel_Rarely,Research & Development,3,4,Life Sciences,1,3026,Male,3,Sales Executive,Divorced,39780,1,Y,11,8,0,7,0,7,1,7,4,2,3,3,3,8.37570331
35,No,Travel_Rarely,Sales,16,2,Technical Degree,1,3027,Male,3,Manager,Single,25440,0,Y,13,8,1,17,3,16,0,13,3,2,3,4,3,7.913146946
23,No,Travel_Rarely,Research & Development,20,4,Life Sciences,1,3028,Male,1,Manufacturing Director,Divorced,53990,1,Y,23,8,0,4,2,4,0,2,3,4,2,2,4,7.131063459
41,No,Travel_Rarely,Research & Development,9,2,Life Sciences,1,3029,Female,1,Laboratory Technician,Single,54870,6,Y,19,8,2,8,0,5,1,2,4,2,3,3,3,9.686063259
47,No,Travel_Frequently,Sales,1,3,Medical,1,3030,Female,2,Laboratory Technician,Single,68340,3,Y,16,8,1,5,2,0,0,0,2,3,3,4,3,7.781565972
42,No,Travel_Rarely,Research & Development,3,4,Life Sciences,1,3031,Male,1,Manager,Single,10910,2,Y,22,8,0,16,0,1,0,0,1,4,3,1,4,6.323136473
29,No,Non-Travel,Sales,22,4,Marketing,1,3032,Male,2,Human Resources,Married,57360,1,Y,22,8,0,4,1,4,0,2,4,3,2,2,4,6.295467279
42,No,Travel_Rarely,Sales,7,4,Medical,1,3033,Male,3,Research Scientist,Divorced,22260,0,Y,12,8,1,4,3,3,1,0,3,3,3,2,3,8.775288238
32,No,Travel_Rarely,Research & Development,2,3,Medical,1,3034,Male,2,Research Scientist,Married,57470,1,Y,13,8,0,8,0,8,0,7,3,2,3,3,3,7.719472102
48,No,Travel_Rarely,Sales,13,4,Medical,1,3035,Male,4,Sales Executive,Married,98540,3,Y,16,8,1,15,2,0,0,0,1,3,1,2,3,7.304210145
37,No,Travel_Rarely,Research & Development,8,5,Technical Degree,1,3036,Male,2,Manufacturing Director,Divorced,54670,4,Y,12,8,0,13,2,7,6,7,3,1,3,3,3,10.81569386
30,No,Non-Travel,Sales,25,4,Other,1,3037,Male,1,Healthcare Representative,Married,53800,7,Y,21,8,1,4,0,2,2,2,4,3,4,3,4,10.4232215
26,No,Travel_Rarely,Sales,28,3,Medical,1,3038,Female,5,Laboratory Technician,Married,51510,1,Y,15,8,3,8,3,8,7,7,3,3,3,3,3,5.980144676
42,No,Travel_Rarely,Sales,2,2,Medical,1,3039,Female,1,Laboratory Technician,Single,21330,3,Y,13,8,2,14,2,1,0,0,1,4,3,3,3,6.077879515
21,Yes,Travel_Frequently,Research & Development,9,3,Medical,1,3040,Female,4,Manufacturing Director,Single,178750,1,Y,12,8,0,3,5,3,1,2,1,2,3,2,3,8.080786052
36,No,Non-Travel,Human Resources,28,3,Human Resources,1,3041,Male,2,Laboratory Technician,Single,24320,4,Y,22,8,0,7,4,1,0,0,4,4,3,1,4,7.304043074
36,No,Travel_Frequently,Research & Development,6,3,Life Sciences,1,3042,Female,2,Research Scientist,Married,47710,4,Y,13,8,1,16,2,13,1,12,1,4,3,3,3,7.08857971
57,No,Travel_Rarely,Research & Development,21,4,Life Sciences,1,3043,Male,5,Research Scientist,Married,191610,2,Y,18,8,0,15,2,3,1,2,4,3,3,1,3,6.295064856
40,No,Travel_Rarely,Research & Development,8,3,Other,1,3044,Male,2,Sales Executive,Married,50870,3,Y,14,8,1,10,3,7,1,7,4,3,3,3,3,8.112756944
21,No,Non-Travel,Research & Development,1,5,Life Sciences,1,3045,Female,2,Manager,Single,28630,1,Y,14,8,0,3,2,3,2,2,1,4,2,1,3,7.990563725
33,Yes,Travel_Rarely,Human Resources,28,2,Human Resources,1,3046,Female,5,Manager,Single,55610,1,Y,21,8,1,1,3,1,0,0,4,3,3,1,4,10.47036806
37,No,Travel_Rarely,Research & Development,5,3,Life Sciences,1,3047,Male,4,Research Scientist,Married,21440,6,Y,19,8,0,17,3,5,0,3,3,1,3,4,3,8.023785024
46,No,Non-Travel,Sales,2,4,Marketing,1,3048,Female,2,Laboratory Technician,Married,30650,2,Y,11,8,0,7,3,1,0,0,3,3,4,3,3,6.100156904
41,Yes,Travel_Frequently,Research & Development,16,1,Medical,1,3049,Female,1,Research Scientist,Single,28100,1,Y,11,8,0,8,3,8,7,7,1,2,3,4,3,7.621844397
50,No,Travel_Rarely,Research & Development,9,3,Medical,1,3050,Female,3,Laboratory Technician,Single,98880,6,Y,15,8,0,20,2,4,1,3,4,4,3,3,3,6.919409722
40,Yes,Travel_Rarely,Research & Development,8,3,Medical,1,3051,Female,1,Healthcare Representative,Married,86280,2,Y,20,8,0,8,2,6,1,0,3,3,3,2,4,9.277705979
31,No,Travel_Rarely,Research & Development,1,3,Life Sciences,1,3052,Male,4,Human Resources,Single,28670,0,Y,24,8,0,3,5,2,2,2,3,2,3,3,4,10.78573029
21,Yes,Travel_Rarely,Human Resources,10,2,Human Resources,1,3053,Male,1,Laboratory Technician,Single,53730,1,Y,12,8,1,1,2,1,0,0,3,2,3,3,3,5.978644262
29,No,Travel_Rarely,Research & Development,1,3,Life Sciences,1,3054,Female,2,Research Director,Single,66670,9,Y,12,8,1,6,6,3,1,2,4,4,3,4,3,7.767982993
35,No,Travel_Rarely,Research & Development,29,3,Life Sciences,1,3055,Female,3,Sales Executive,Single,50030,9,Y,15,8,0,10,2,1,0,0,3,2,3,3,3,7.713648526
27,No,Travel_Rarely,Sales,2,3,Life Sciences,1,3056,Male,1,Sales Executive,Divorced,23670,1,Y,12,8,1,5,2,5,0,4,4,2,3,3,3,6.20977208
28,No,Travel_Rarely,Research & Development,2,2,Medical,1,3057,Male,3,Manager,Single,28580,1,Y,12,8,0,7,2,7,0,7,2,4,3,2,3,7.117503546
49,No,Travel_Rarely,Sales,2,3,Technical Degree,1,3058,Male,2,Manufacturing Director,Single,52040,8,Y,14,8,1,26,3,5,0,0,2,3,3,3,3,7.829485123
51,No,Travel_Rarely,Research & Development,1,2,Life Sciences,1,3059,Male,1,Sales Executive,Married,41050,4,Y,22,8,1,18,2,7,0,7,3,4,2,3,4,7.598457977
36,No,Travel_Rarely,Sales,15,2,Life Sciences,1,3060,Male,1,Sales Executive,Married,96790,4,Y,12,8,0,6,1,2,2,2,4,3,3,3,3,6.036071266
34,Yes,Non-Travel,Research & Development,7,3,Life Sciences,1,3061,Male,1,Sales Representative,Single,56170,8,Y,25,8,1,9,3,5,0,4,1,4,2,3,4,9.121058429
55,No,Travel_Rarely,Sales,26,3,Marketing,1,3062,Male,1,Laboratory Technician,Single,104480,2,Y,13,8,0,30,3,5,1,2,3,4,3,3,3,8.711053955
24,No,Travel_Rarely,Research & Development,1,3,Life Sciences,1,3063,Female,5,Manager,Divorced,28970,1,Y,18,8,3,5,4,5,0,3,4,3,4,3,3,10.00212101
30,No,Travel_Rarely,Research & Development,3,3,Life Sciences,1,3064,Female,2,Manager,Married,59680,,Y,13,8,0,1,3,1,0,0,3,2,3,3,3,6.88221116
26,Yes,Travel_Frequently,Sales,14,3,Life Sciences,1,3065,Male,2,Manager,Single,75100,0,Y,18,8,3,7,3,6,0,4,3,1,3,3,3,6.978617124
22,No,Travel_Rarely,Research & Development,16,5,Other,1,3066,Male,1,Research Scientist,Married,29910,1,Y,19,8,2,2,3,2,1,2,1,2,3,2,3,6.30103965
36,No,Travel_Rarely,Research & Development,1,3,Medical,1,3067,Female,5,Healthcare Representative,Married,196360,1,Y,12,8,1,10,3,10,9,0,2,3,3,3,3,6.397997636
30,Yes,Travel_Frequently,Sales,3,2,Marketing,1,3068,Male,3,Research Scientist,Single,11290,9,Y,19,8,0,3,2,1,0,0,3,4,3,2,3,8.179294872
37,No,Travel_Rarely,Research & Development,10,1,Technical Degree,1,3069,Male,1,Sales Executive,Divorced,133410,1,Y,14,8,1,18,3,18,12,17,4,1,2,3,3,6.481071769
40,No,Travel_Rarely,Research & Development,6,2,Medical,1,3070,Male,3,Research Scientist,Divorced,43320,7,Y,14,8,2,8,3,5,1,3,4,2,3,2,3,6.712291962
42,No,Travel_Rarely,Research & Development,2,3,Medical,1,3071,Female,4,Manager,Divorced,110310,3,Y,12,8,1,8,2,5,1,2,2,1,3,2,3,7.53402439
37,No,Travel_Rarely,Sales,9,1,Marketing,1,3072,Male,3,Sales Executive,Single,44400,2,Y,11,8,1,18,3,1,0,1,3,2,2,2,3,9.865617284
43,No,Travel_Rarely,Sales,10,2,Life Sciences,1,3073,Female,1,Sales Executive,Divorced,46170,1,Y,11,8,0,25,2,25,3,9,1,2,3,3,3,7.428755319
40,No,Travel_Rarely,Sales,6,2,Life Sciences,1,3074,Female,1,Laboratory Technician,Married,26470,6,Y,13,8,0,20,2,1,0,0,2,3,3,2,3,7.496623932
54,No,Travel_Rarely,Human Resources,9,3,Life Sciences,1,3075,Female,2,Manufacturing Director,Married,63230,4,Y,23,8,1,24,2,4,1,2,1,1,2,2,4,5.990690199
34,No,Non-Travel,Research & Development,28,3,Medical,1,3076,Male,1,Laboratory Technician,Married,56770,9,Y,20,8,1,6,3,3,1,2,3,3,3,3,4,6.852196217
31,No,Travel_Rarely,Research & Development,10,4,Life Sciences,1,3077,Male,3,Sales Executive,Married,21870,1,Y,15,8,1,13,2,13,3,12,2,1,1,2,3,6.103375123
43,No,Travel_Frequently,Sales,14,3,Life Sciences,1,3078,Female,1,Manufacturing Director,Married,37480,7,Y,14,8,2,8,3,3,1,2,4,4,3,2,3,7.70286316
43,No,Travel_Rarely,Sales,27,4,Life Sciences,1,3079,Male,2,Sales Representative,Divorced,39770,4,Y,18,8,1,8,3,5,0,2,3,3,3,3,3,8.903843586
25,No,Travel_Rarely,Human Resources,7,2,Human Resources,1,3080,Male,1,Manufacturing Director,Single,86330,1,Y,19,8,1,5,2,5,1,3,2,4,3,4,3,10.90650242
37,No,Non-Travel,Research & Development,1,3,Medical,1,3081,Male,3,Laboratory Technician,Married,20080,3,Y,22,8,0,15,5,13,10,7,2,3,3,2,4,10.68521694
31,No,Travel_Rarely,Research & Development,24,1,Medical,1,3082,Male,3,Laboratory Technician,Married,44400,1,Y,13,8,1,4,2,4,3,2,4,1,3,3,3,7.138725694
39,No,Travel_Frequently,Research & Development,26,4,Technical Degree,1,3083,Female,1,Sales Executive,Divorced,30670,1,Y,20,8,1,21,5,21,1,6,2,3,3,1,4,8.985918367
56,No,Travel_Frequently,Research & Development,20,4,Life Sciences,1,3084,Female,3,Sales Executive,Married,53210,9,Y,14,8,0,36,1,7,7,7,3,1,2,3,3,7.440674254
30,No,Travel_Rarely,Sales,5,4,Medical,1,3085,Female,2,Manufacturing Director,Single,54100,0,Y,17,8,1,6,2,5,4,4,2,3,3,3,3,7.581409986
41,No,Travel_Rarely,Research & Development,7,3,Technical Degree,1,3086,Female,3,Research Scientist,Married,27820,1,Y,14,8,0,10,2,10,0,7,2,,3,2,3,6.603824153
28,No,Travel_Rarely,Research & Development,7,3,Medical,1,3087,Male,3,Healthcare Representative,Divorced,119570,1,Y,13,8,0,10,2,10,1,8,3,1,3,2,3,6.203099291
25,Yes,Travel_Rarely,Research & Development,5,2,Life Sciences,1,3088,Female,3,Laboratory Technician,Married,26600,5,Y,13,8,0,6,3,2,0,2,1,1,3,3,3,6.491569386
52,No,Travel_Rarely,Research & Development,26,2,Life Sciences,1,3089,Female,2,Sales Representative,Married,33750,2,Y,21,8,0,28,2,5,0,4,4,3,3,2,4,8.206621364
45,No,Travel_Rarely,Research & Development,2,3,Medical,1,3090,Female,1,Sales Executive,Married,50980,3,Y,14,8,1,8,4,2,0,2,1,4,2,3,3,6.792599862
52,No,Travel_Rarely,Research & Development,12,3,Medical,1,3091,Male,2,Research Scientist,Married,48780,2,Y,11,8,1,31,3,5,1,4,4,4,1,3,3,7.300627315
42,No,Travel_Frequently,Sales,10,3,Marketing,1,3092,Female,2,Healthcare Representative,Divorced,28370,2,Y,13,8,1,19,0,5,0,2,1,3,3,2,3,6.798831497
30,No,Travel_Rarely,Sales,25,3,Marketing,1,3093,Male,1,Sales Executive,Single,24060,2,Y,20,8,1,11,5,5,0,2,3,4,3,3,4,7.315416667
60,No,Travel_Rarely,Research & Development,10,3,Life Sciences,1,3094,Female,1,Manufacturing Director,Married,22690,5,Y,18,8,1,33,4,29,11,10,1,1,1,3,3,6.205156544
46,No,Travel_Rarely,Sales,19,4,Marketing,1,3095,Female,1,Sales Executive,Divorced,41080,2,Y,14,8,0,19,5,10,0,8,3,3,2,2,3,7.580708569
42,No,Travel_Frequently,Research & Development,18,4,Technical Degree,1,3096,Male,4,Sales Executive,Married,132060,0,Y,13,8,2,7,2,6,0,4,4,4,4,3,3,6.615400572
24,Yes,Travel_Rarely,Research & Development,27,2,Medical,1,3097,Male,1,Research Scientist,Single,104220,1,Y,17,8,1,6,0,5,1,4,1,2,3,2,3,10.63564546
34,Yes,Travel_Frequently,Research & Development,5,3,Medical,1,3098,Male,2,Research Scientist,Divorced,137440,0,Y,20,8,1,3,3,2,1,0,4,3,2,3,4,6.200646552
38,No,Travel_Frequently,Sales,3,3,Marketing,1,3099,Female,2,Sales Executive,Married,49070,1,Y,11,8,1,1,3,1,0,0,4,4,3,3,3,8.592567664
40,No,Travel_Rarely,Sales,26,4,Marketing,1,3100,Female,1,Sales Executive,Married,34820,0,Y,18,8,1,21,2,20,1,12,3,3,3,2,3,6.006141044
26,No,Travel_Rarely,Research & Development,3,2,Medical,1,3101,Female,4,Healthcare Representative,Divorced,24360,1,Y,24,8,0,3,2,3,0,2,1,4,1,4,4,6.303130762
30,No,Non-Travel,Research & Development,15,3,Medical,1,3102,Female,2,Sales Executive,Married,23800,4,Y,18,8,3,9,2,5,1,4,3,4,1,2,3,7.906804408
29,No,Travel_Rarely,Research & Development,8,3,Medical,1,3103,Female,3,Manufacturing Director,Married,194310,1,Y,11,8,0,10,3,10,0,7,2,3,3,3,3,7.181322127
29,Yes,Travel_Rarely,Research & Development,19,4,Life Sciences,1,3104,Male,3,Research Scientist,Married,17900,5,Y,16,8,1,6,4,2,1,1,3,2,4,2,3,6.599958577
19,Yes,Travel_Rarely,Research & Development,4,3,Medical,1,3105,Male,1,Sales Executive,Single,76440,1,Y,15,8,2,1,2,1,0,0,1,4,4,3,3,7.925364878
30,No,Non-Travel,Research & Development,2,4,Life Sciences,1,3106,Female,3,Research Scientist,Married,51310,0,Y,15,8,1,10,2,9,7,8,3,1,3,3,3,6.711006944
57,No,Travel_Rarely,Research & Development,2,2,Life Sciences,1,3107,Male,4,Research Scientist,Divorced,63060,3,Y,12,8,1,32,3,1,0,0,1,4,2,3,3,6.319523635
50,No,Travel_Rarely,Sales,10,4,Life Sciences,1,3108,Female,3,Manager,Married,47870,0,Y,12,8,0,28,3,27,15,7,2,3,3,3,3,7.219125604
30,No,Non-Travel,Sales,10,2,Life Sciences,1,3109,Male,3,Laboratory Technician,Single,188800,0,Y,22,8,1,12,3,11,6,7,3,4,2,3,4,6.288169578
60,No,Travel_Frequently,Research & Development,16,3,Life Sciences,1,3110,Female,4,Laboratory Technician,Married,23390,4,Y,20,8,0,22,4,18,13,11,3,1,4,3,4,7.198991898
47,No,Travel_Rarely,Research & Development,1,3,Technical Degree,1,3111,Male,5,Manufacturing Director,Divorced,135700,5,Y,16,8,2,20,2,5,0,4,1,4,3,2,3,7.784305556
46,No,Travel_Rarely,Sales,4,1,Technical Degree,1,3112,Male,1,Laboratory Technician,Married,67120,6,Y,21,8,1,26,3,3,0,1,1,3,1,2,4,6.780565176
35,No,Travel_Rarely,Research & Development,15,2,Medical,1,3113,Female,2,Laboratory Technician,Single,54060,0,Y,12,8,1,6,2,5,4,3,4,3,3,3,3,6.487327987
54,No,Travel_Rarely,Research & Development,2,4,Medical,1,3114,Male,2,Human Resources,Single,89380,7,Y,11,8,3,19,2,1,0,0,3,3,3,3,3,7.706647834
34,No,Travel_Rarely,Sales,8,2,Life Sciences,1,3115,Male,1,Laboratory Technician,Divorced,24390,3,Y,11,8,2,14,2,7,5,7,,3,3,4,3,7.565422705
46,No,Travel_Rarely,Research & Development,2,3,Life Sciences,1,3116,Male,1,Healthcare Representative,Married,88370,2,Y,18,8,0,15,3,3,1,2,3,4,3,2,3,9.194820937
31,No,Travel_Rarely,Research & Development,7,3,Life Sciences,1,3117,Male,2,Research Director,Divorced,53430,1,Y,14,8,1,13,3,13,0,8,3,2,4,3,3,6.413506494
33,Yes,Travel_Rarely,Research & Development,10,3,Life Sciences,1,3118,Female,4,Research Director,Married,67280,7,Y,22,8,0,15,2,7,7,7,2,3,4,2,4,8.488653757
33,Yes,Travel_Rarely,Sales,5,4,Marketing,1,3119,Male,2,Research Director,Divorced,66520,7,Y,25,8,0,8,5,4,1,3,1,4,3,3,4,6.980869363
30,No,Travel_Rarely,Research & Development,2,3,Life Sciences,1,3120,Male,1,Sales Executive,Single,48500,0,Y,12,8,1,4,4,3,1,2,4,2,3,3,3,6.498657796
35,No,Travel_Rarely,Research & Development,12,2,Medical,1,3121,Female,2,Sales Representative,Married,28090,4,Y,23,8,1,,2,8,0,0,4,3,3,1,4,8.896620956
31,Yes,Travel_Frequently,Research & Development,22,2,Medical,1,3122,Female,2,Sales Executive,Married,56890,3,Y,15,8,2,12,2,1,0,0,1,3,3,2,3,6.606826067
34,Yes,Travel_Frequently,Sales,17,1,Marketing,1,3123,Male,1,Research Director,Divorced,20010,9,Y,22,8,1,11,5,3,0,2,2,1,3,4,4,11.01213557
42,No,Travel_Frequently,Research & Development,2,4,Medical,1,3124,Female,1,Research Scientist,Married,29770,4,Y,15,8,3,8,3,2,2,0,2,3,3,2,3,7.799356725
36,No,Non-Travel,Research & Development,3,4,Medical,1,3125,Male,1,Research Scientist,Single,40250,1,Y,11,8,0,10,3,10,9,7,2,4,2,3,3,7.201123896
22,Yes,Travel_Frequently,Research & Development,7,3,Medical,1,3126,Female,2,Laboratory Technician,Single,37850,5,Y,13,8,2,4,2,2,1,2,3,3,3,3,3,6.430002384
48,No,Travel_Rarely,Research & Development,6,3,Medical,1,3127,Male,1,Laboratory Technician,Married,108540,2,Y,14,8,1,14,6,9,6,7,2,4,3,3,3,6.771397093
55,No,Travel_Rarely,Research & Development,1,3,Medical,1,3128,Female,1,Sales Executive,Single,120310,3,Y,11,8,0,37,5,10,7,7,1,2,3,3,3,7.418745754
41,No,Non-Travel,Research & Development,3,2,Life Sciences,1,3129,Female,2,Research Scientist,Single,99360,7,Y,17,8,1,16,2,14,1,10,4,4,3,2,3,6.181212227
35,No,Travel_Rarely,Research & Development,22,3,Medical,1,3130,Female,1,Sales Representative,Married,29660,9,Y,18,8,0,15,2,11,6,9,2,3,3,2,3,6.007819619
40,No,Travel_Rarely,Research & Development,15,3,Life Sciences,1,3131,Female,2,Laboratory Technician,Single,25710,7,Y,14,8,0,22,1,20,5,13,2,3,3,3,3,7.329167859
39,No,Travel_Frequently,Research & Development,12,1,Medical,1,3132,Male,1,Research Scientist,Married,99910,1,Y,16,8,1,8,3,8,0,7,3,3,3,3,3,7.065051139
31,No,Travel_Rarely,Research & Development,1,4,Life Sciences,1,3133,Male,3,Research Director,Single,61420,4,Y,13,8,2,10,2,6,0,5,2,4,4,2,3,8.685710884
42,No,Travel_Rarely,Research & Development,5,3,Medical,1,3134,Male,3,Sales Executive,Married,53900,1,Y,14,8,0,10,3,10,5,8,4,1,2,3,3,10.79666065
45,No,Travel_Rarely,Research & Development,2,1,Medical,1,3135,Female,4,Sales Executive,Married,44040,0,Y,23,8,0,9,2,8,3,7,4,2,4,3,4,7.365032468
26,Yes,Travel_Frequently,Research & Development,2,1,Life Sciences,1,3136,Female,2,Laboratory Technician,Divorced,59930,0,Y,12,8,0,8,3,7,1,0,2,3,2,3,3,9.178884201
29,No,Travel_Rarely,Research & Development,5,3,Medical,1,3137,Male,1,Research Scientist,Divorced,51300,4,Y,11,8,0,8,3,3,1,2,4,4,4,2,3,7.425431698
33,No,Travel_Rarely,Research & Development,16,3,Medical,1,3138,Female,1,Laboratory Technician,Divorced,20900,4,Y,16,8,0,10,2,6,0,5,1,3,3,3,3,7.413226589
31,No,Travel_Rarely,Research & Development,2,4,Life Sciences,1,3139,Female,1,Sales Executive,Divorced,29090,9,Y,14,8,2,10,2,5,0,1,3,4,2,3,3,6.695462195
18,Yes,Travel_Frequently,Research & Development,2,3,Technical Degree,1,3140,Male,1,Sales Executive,Single,34680,1,Y,18,8,2,0,4,0,0,0,2,2,3,4,3,9.204595745
40,No,Non-Travel,Research & Development,1,4,Technical Degree,1,3141,Female,2,Laboratory Technician,Divorced,30680,3,Y,19,8,0,20,3,1,0,1,3,1,3,2,3,6.857323343
41,No,Non-Travel,Research & Development,23,3,Life Sciences,1,3142,Male,2,Manufacturing Director,Single,26700,2,Y,15,8,2,10,2,8,0,7,1,3,3,2,3,9.293875546
26,No,Travel_Rarely,Research & Development,9,4,Medical,1,3143,Male,3,Healthcare Representative,Divorced,26930,5,Y,17,8,3,8,3,0,0,0,1,3,3,2,3,5.988631121
35,No,Travel_Rarely,Research & Development,16,4,Medical,1,3144,Male,2,Human Resources,Single,95260,1,Y,15,8,0,5,2,5,0,3,1,3,3,2,3,6.293220524
34,No,Travel_Rarely,Research & Development,26,3,Medical,1,3145,Male,1,Laboratory Technician,Single,52370,1,Y,19,8,1,10,3,10,5,7,4,4,3,2,3,6.387674472
26,Yes,Travel_Rarely,Sales,1,3,Marketing,1,3146,Female,2,Manufacturing Director,Single,24260,1,Y,22,8,0,1,3,1,0,0,3,4,1,1,4,8.699645594
37,No,Travel_Rarely,Research & Development,8,1,Life Sciences,1,3147,Male,1,Sales Executive,Single,41930,4,Y,16,8,1,12,5,6,1,2,2,4,4,3,3,7.397629392
46,No,Travel_Frequently,Research & Development,4,1,Medical,1,3148,Male,5,Human Resources,Married,29110,5,Y,13,8,0,28,3,2,1,2,1,3,2,3,3,6.240668813
41,No,Travel_Rarely,Research & Development,24,1,Life Sciences,1,3149,Male,1,Research Director,Married,26610,7,Y,14,8,1,22,2,18,11,8,2,1,3,3,3,7.72220068
37,No,Non-Travel,Research & Development,7,2,Medical,1,3150,Male,1,Sales Executive,Divorced,20280,1,Y,16,8,1,9,3,9,7,7,1,2,3,3,3,7.506805556
52,No,Travel_Rarely,Sales,2,1,Medical,1,3151,Male,1,Laboratory Technician,Divorced,99800,3,Y,11,8,1,18,2,10,6,9,4,1,3,3,3,9.078030942
32,Yes,Non-Travel,Research & Development,7,2,Life Sciences,1,3152,Female,2,Research Director,Married,32980,8,Y,22,8,0,6,4,4,1,2,4,3,3,2,4,5.980728009
24,No,Travel_Frequently,Sales,22,3,Life Sciences,1,3153,Female,1,Healthcare Representative,Married,29350,0,Y,14,8,2,3,5,2,2,1,4,4,3,2,3,5.993148148
38,No,Travel_Rarely,Research & Development,5,3,Life Sciences,1,3154,Female,1,Research Scientist,Married,154270,3,Y,16,8,1,18,2,1,0,0,3,3,3,3,3,6.010115641
37,No,Travel_Rarely,Research & Development,1,4,Technical Degree,1,3155,Female,5,Research Scientist,Married,39440,6,Y,11,8,2,8,3,6,4,3,2,2,2,3,3,6.884231213
49,No,Travel_Rarely,Sales,21,1,Life Sciences,1,3156,Male,1,Sales Executive,Divorced,40110,1,Y,18,8,2,31,2,31,0,9,4,3,3,1,3,10.81094467
24,No,Travel_Rarely,Sales,1,3,Marketing,1,3157,Female,1,Sales Executive,Married,34070,1,Y,15,8,2,6,2,6,1,4,2,4,3,2,3,9.029714187
26,No,Travel_Rarely,Research & Development,19,4,Technical Degree,1,3158,Female,4,Sales Executive,Married,119940,1,Y,14,8,1,6,6,5,1,4,1,2,4,3,3,7.409636574
24,No,Travel_Rarely,Sales,7,3,Medical,1,3159,Female,1,Laboratory Technician,Married,12320,1,Y,12,8,0,1,4,1,0,0,4,2,3,1,3,6.796458333
50,No,Travel_Frequently,Sales,2,2,Marketing,1,3160,Male,1,Sales Executive,Married,29600,1,Y,14,8,3,32,2,32,10,7,1,2,3,3,3,6.808734177
25,No,Travel_Rarely,Research & Development,2,3,Life Sciences,1,3161,Male,1,Research Scientist,Married,190940,1,Y,16,8,0,7,3,7,0,6,2,3,3,2,3,7.404134199
24,Yes,Travel_Frequently,Research & Development,2,3,Medical,1,3162,Male,2,Research Scientist,Married,39190,1,Y,21,8,0,6,3,6,1,2,1,3,3,3,4,10.7916233
30,Yes,Travel_Frequently,Research & Development,9,3,Other,1,3163,Male,2,Healthcare Representative,Married,68250,1,Y,14,8,0,1,2,1,0,0,2,1,4,3,3,6.911392332
34,No,Travel_Rarely,Sales,6,2,Life Sciences,1,3164,Male,4,Research Director,Married,102480,1,Y,12,8,1,6,4,6,1,3,2,4,3,3,3,8.937468124
31,Yes,Travel_Rarely,Research & Development,9,1,Medical,1,3165,Female,1,Sales Representative,Divorced,189470,2,Y,12,8,2,9,2,3,1,2,2,1,1,2,3,6.717291962
35,No,Travel_Rarely,Research & Development,2,3,Life Sciences,1,3166,Female,5,Sales Executive,Single,24960,4,Y,17,8,3,9,3,3,0,2,1,4,3,3,3,7.893947056
31,No,Travel_Rarely,Sales,1,3,Marketing,1,3167,Female,2,Sales Executive,Divorced,64650,4,Y,17,8,0,13,3,7,5,7,1,4,4,3,3,6.314440928
27,No,Travel_Rarely,Sales,22,4,Medical,1,3168,Male,1,Sales Representative,Divorced,22060,0,Y,14,8,1,6,4,5,0,3,1,3,2,3,3,7.891020833
37,No,Travel_Rarely,Sales,9,4,Marketing,1,3169,Female,2,Laboratory Technician,Married,20860,4,Y,14,8,0,17,3,3,1,0,4,3,2,3,3,8.928014572
20,No,Travel_Rarely,Research & Development,17,4,Medical,1,3170,Female,1,Sales Representative,Single,22930,1,Y,13,8,2,1,3,1,0,0,4,2,4,1,3,7.145572989
42,No,Travel_Rarely,Research & Development,28,4,Life Sciences,1,3171,Female,2,Manufacturing Director,Married,26450,1,Y,15,8,0,10,5,10,2,2,3,4,3,3,3,7.480773635
43,No,Travel_Rarely,Research & Development,10,5,Technical Degree,1,3172,Female,2,Sales Executive,Divorced,26830,4,Y,11,8,0,21,3,1,0,0,2,4,2,3,3,8.685696203
38,No,Travel_Rarely,Human Resources,2,4,Medical,1,3173,Male,1,Human Resources,Single,20140,3,Y,17,8,1,8,5,0,0,0,3,1,2,4,3,6.786083563
43,No,Travel_Frequently,Sales,4,3,Medical,1,3174,Female,2,Healthcare Representative,Divorced,34190,3,Y,11,8,1,10,5,8,4,7,4,3,3,3,3,9.060249767
48,No,Travel_Rarely,Research & Development,8,1,Medical,1,3175,Male,2,Laboratory Technician,Married,53760,7,Y,13,8,1,21,3,3,0,2,4,1,1,4,3,7.013436474
44,No,Travel_Rarely,Sales,29,4,Marketing,1,3176,Male,2,Sales Executive,Single,19510,4,Y,22,8,3,10,4,2,0,2,1,3,4,4,4,6.716417704
34,No,Travel_Rarely,Research & Development,13,4,Life Sciences,1,3177,Female,1,Laboratory Technician,Divorced,23410,1,Y,20,8,2,8,3,8,0,6,3,3,3,2,4,8.410260271
27,Yes,Travel_Rarely,Sales,27,3,Life Sciences,1,3178,Male,2,Research Scientist,Divorced,22930,0,Y,18,8,0,5,0,4,0,2,3,1,3,3,3,6.512541063
21,No,Travel_Rarely,Sales,16,2,Life Sciences,1,3179,Male,3,Sales Executive,Single,87260,1,Y,11,8,1,3,2,3,1,2,3,3,3,1,3,7.165077546
44,No,Travel_Rarely,Research & Development,2,2,Life Sciences,1,3180,Male,1,Laboratory Technician,Married,40110,4,Y,14,8,1,26,2,2,0,1,4,4,4,3,3,8.711613866
22,No,Travel_Rarely,Research & Development,2,2,Medical,1,3181,Female,2,Laboratory Technician,Married,195450,0,Y,14,8,0,3,3,2,2,2,1,3,3,2,3,5.994663998
33,No,Travel_Rarely,Sales,13,4,Marketing,1,3182,Female,2,Manufacturing Director,Divorced,45680,0,Y,18,8,1,6,2,5,1,2,3,3,3,3,3,7.303262436
32,No,Travel_Rarely,Research & Development,1,1,Life Sciences,1,3183,Female,1,Healthcare Representative,Married,30220,1,Y,16,8,1,6,3,6,0,5,1,4,2,3,3,9.408271605
30,No,Travel_Frequently,Research & Development,4,5,Technical Degree,1,3184,Male,3,Manager,Divorced,57720,1,Y,17,8,0,1,3,1,0,0,3,3,3,3,3,7.319099859
53,No,Travel_Rarely,Research & Development,24,3,Other,1,3185,Female,3,Manager,Single,22690,7,Y,11,8,1,18,2,14,8,10,4,1,4,2,3,7.110381084
34,No,Travel_Rarely,Research & Development,1,5,Medical,1,3186,Male,1,Research Scientist,Married,53810,1,Y,12,8,0,10,0,10,8,8,2,4,2,3,3,7.383673725
45,Yes,Travel_Frequently,Research & Development,19,4,Life Sciences,1,3187,Male,3,Research Director,Married,34410,2,Y,13,8,1,5,5,1,0,0,1,1,3,3,3,7.603039855
26,No,Travel_Rarely,Research & Development,7,2,Life Sciences,1,3188,Male,1,Manufacturing Director,Married,54540,1,Y,13,8,1,3,5,3,0,2,3,4,3,4,3,9.990916306
37,No,Travel_Rarely,Research & Development,4,3,Medical,1,3189,Male,1,Manager,Married,98840,1,Y,14,8,0,10,3,10,7,8,3,3,3,2,3,6.228323796
29,No,Travel_Rarely,Research & Development,2,3,Life Sciences,1,3190,Female,1,Healthcare Representative,Married,41570,1,Y,17,8,3,6,2,6,1,2,2,3,2,3,3,6.803848548
35,No,Travel_Rarely,Research & Development,10,5,Medical,1,3191,Female,4,Laboratory Technician,Single,134580,1,Y,11,8,0,17,3,17,11,8,2,4,3,3,3,6.678400095
33,No,Travel_Frequently,Research & Development,8,3,Technical Degree,1,3192,Male,2,Laboratory Technician,Divorced,90690,3,Y,25,8,1,15,3,13,4,7,3,4,1,3,4,7.48084557
54,No,Travel_Rarely,Research & Development,5,2,Life Sciences,1,3193,Female,2,Sales Executive,Married,40140,2,Y,19,8,1,16,4,9,7,1,3,2,4,2,3,6.402996377
36,No,Travel_Rarely,Research & Development,8,3,Life Sciences,1,3194,Male,2,Research Scientist,Divorced,59150,2,Y,13,8,1,13,3,3,0,2,2,2,3,2,3,10.69591702
27,No,Travel_Rarely,Sales,9,3,Marketing,1,3195,Male,5,Research Director,Single,59930,0,Y,14,8,1,5,3,4,1,1,1,4,3,1,3,6.983818016
20,Yes,Travel_Rarely,Research & Development,1,3,Life Sciences,1,3196,Male,5,Sales Representative,Single,61620,1,Y,12,8,3,1,2,1,1,1,4,3,3,2,3,8.586739526
33,Yes,Travel_Frequently,Research & Development,15,4,Medical,1,3197,Female,1,Laboratory Technician,Single,24060,1,Y,11,8,0,10,3,10,9,7,1,1,3,3,3,10.3745178
35,No,Non-Travel,Research & Development,2,1,Medical,1,3198,Male,1,Research Scientist,Married,187400,1,Y,19,8,1,1,2,1,0,0,3,3,3,4,3,6.723173217
23,No,Travel_Rarely,Research & Development,2,3,Life Sciences,1,3199,Male,1,Healthcare Representative,Married,76370,2,Y,11,8,1,5,3,3,0,2,1,1,4,3,3,7.078298156
25,No,Travel_Rarely,Research & Development,11,3,Medical,1,3200,Male,2,Manufacturing Director,Married,100960,0,Y,11,8,1,4,3,3,1,2,4,2,3,3,3,7.679447976
38,No,Travel_Rarely,Research & Development,16,3,Life Sciences,1,3201,Male,5,Research Scientist,Single,147560,0,Y,20,8,1,8,3,7,0,5,4,4,3,2,4,6.811202107
29,No,Travel_Frequently,Sales,2,4,Life Sciences,1,3202,Male,4,Healthcare Representative,Divorced,64990,1,Y,18,8,3,10,3,10,2,8,2,4,3,2,3,7.774786325
48,No,Travel_Rarely,Research & Development,16,3,Technical Degree,1,3203,Male,1,Sales Executive,Married,97240,3,Y,13,8,0,12,2,2,2,2,2,2,3,4,3,7.108345463
27,No,Travel_Frequently,Sales,4,3,Technical Degree,1,3204,Male,5,Laboratory Technician,Divorced,21940,1,Y,12,8,0,6,5,6,0,4,4,4,3,3,3,8.891393597
37,No,Travel_Rarely,Research & Development,16,3,Life Sciences,1,3205,Male,3,Manager,Single,33880,3,Y,11,8,0,4,2,1,0,0,4,4,3,4,3,7.560947712
50,No,Travel_Rarely,Sales,5,3,Medical,1,3206,Male,1,Laboratory Technician,Married,54730,1,Y,19,8,1,20,2,20,3,8,4,3,3,4,3,9.110238936
34,No,Travel_Rarely,Research & Development,18,1,Medical,1,3207,Male,1,Healthcare Representative,Single,27030,1,Y,21,8,1,9,2,8,7,7,4,2,4,3,4,6.781759662
24,Yes,Travel_Rarely,Research & Development,17,2,Life Sciences,1,3208,Female,1,Healthcare Representative,Single,25010,9,Y,12,8,0,4,3,2,2,0,1,3,3,1,3,7.514184942
39,No,Travel_Rarely,Research & Development,12,5,Medical,1,3209,Female,1,Sales Representative,Single,62200,1,Y,14,8,2,20,2,20,11,10,4,3,3,3,3,6.6742827
32,No,Travel_Rarely,Research & Development,2,3,Life Sciences,1,3210,Male,5,Research Scientist,Single,30380,1,Y,11,8,0,10,5,10,0,8,4,4,2,1,3,7.880511255
50,Yes,Travel_Frequently,Research & Development,4,2,Medical,1,3211,Male,4,Sales Representative,Married,44240,3,Y,14,8,1,18,2,4,1,3,2,3,3,2,3,8.186869748
38,No,Travel_Rarely,Research & Development,9,4,Life Sciences,1,3212,Male,1,Sales Executive,Single,43120,0,Y,12,8,1,10,2,9,1,8,2,4,2,2,3,7.195928363
27,No,Travel_Rarely,Research & Development,10,3,Medical,1,3213,Male,5,Research Scientist,Married,132450,1,Y,23,8,1,9,3,9,0,7,3,1,3,2,4,6.492173132
32,No,Travel_Rarely,Sales,1,3,Medical,1,3214,Male,2,Sales Executive,Single,136640,3,Y,14,8,0,10,6,7,7,7,3,4,3,3,3,7.8729654
47,No,Travel_Rarely,Research & Development,2,3,Medical,1,3215,Female,5,Sales Executive,Single,50210,2,Y,17,8,0,20,3,7,1,7,4,1,3,3,3,6.696672359
40,No,Travel_Frequently,Research & Development,3,4,Medical,1,3216,Female,3,Human Resources,Married,51260,5,Y,18,8,0,20,2,18,1,12,4,1,3,3,3,8.612737769
53,No,Travel_Rarely,Research & Development,7,1,Life Sciences,1,3217,Male,2,Laboratory Technician,Married,28590,3,Y,18,8,1,32,2,5,1,3,3,3,3,3,3,6.809521605
41,No,Travel_Rarely,Sales,6,3,Medical,1,3218,Male,1,Sales Executive,Divorced,102390,3,Y,24,8,3,23,3,21,12,6,2,4,2,3,4,7.724133987
60,No,Travel_Rarely,Research & Development,8,2,Life Sciences,1,3219,Female,5,Laboratory Technician,Single,53290,8,Y,20,8,0,10,3,2,2,2,1,1,3,4,4,6.591772487
27,No,Travel_Frequently,Research & Development,29,1,Life Sciences,1,3220,Male,2,Manufacturing Director,Divorced,43250,1,Y,14,8,0,9,2,9,1,7,4,1,2,2,3,7.398501462
41,No,Travel_Rarely,Research & Development,3,3,Medical,1,3221,Male,1,Manufacturing Director,Married,72600,1,Y,16,8,0,22,2,22,2,10,4,3,3,3,3,6.219918785
50,No,Travel_Rarely,Sales,9,3,Life Sciences,1,3222,Male,2,Research Scientist,Married,23220,7,Y,25,8,1,4,0,2,2,2,4,2,3,4,4,7.39945279
28,Yes,Travel_Rarely,Sales,2,4,Life Sciences,1,3223,Male,3,Research Scientist,Single,20750,7,Y,18,8,3,10,0,7,3,7,1,2,3,2,3,8.102418503
36,No,Non-Travel,Research & Development,10,4,Technical Degree,1,3224,Female,2,Research Scientist,Married,41520,9,Y,19,8,1,10,3,8,0,5,1,1,3,3,3,6.010324463
38,No,Travel_Rarely,Research & Development,1,3,Medical,1,3225,Female,3,Manager,Single,96190,4,Y,13,8,1,10,2,1,0,0,3,3,4,3,3,9.79200463
44,No,Non-Travel,Research & Development,8,2,Life Sciences,1,3226,Male,1,Research Scientist,Single,135030,2,Y,12,8,0,9,6,5,1,4,1,3,3,2,3,6.090522031
47,No,Travel_Frequently,Research & Development,27,3,Life Sciences,1,3227,Male,1,Research Scientist,Divorced,54410,9,Y,22,8,1,28,6,22,11,13,4,3,2,2,4,8.281967213
30,No,Travel_Rarely,Research & Development,8,3,Life Sciences,1,3228,Male,2,Sales Executive,Divorced,52090,7,Y,14,8,1,10,3,8,7,7,3,4,2,3,3,7.524912764
29,No,Travel_Rarely,Research & Development,1,2,Medical,1,3229,Female,1,Sales Executive,Single,106730,1,Y,13,8,3,1,2,1,0,0,3,3,3,3,3,6.440665053
42,Yes,Travel_Frequently,Research & Development,10,1,Life Sciences,1,3230,Female,1,Sales Executive,Divorced,50100,6,Y,21,8,3,7,3,2,2,2,3,3,3,3,4,9.945424976
43,No,Travel_Frequently,Research & Development,26,1,Life Sciences,1,3231,Male,1,Laboratory Technician,Married,135490,3,Y,11,8,2,7,3,2,2,2,4,4,3,3,3,7.093515284
34,No,Travel_Rarely,Research & Development,2,5,Technical Degree,1,3232,Male,2,Healthcare Representative,Single,49990,3,Y,12,8,2,10,2,5,4,3,2,3,3,4,3,6.403804348
23,No,Travel_Rarely,Sales,13,3,Marketing,1,3233,Male,5,Sales Executive,Married,42210,1,Y,11,8,1,5,4,4,0,2,2,1,4,3,3,7.827048763
39,No,Travel_Rarely,Sales,2,4,Marketing,1,3234,Female,4,Healthcare Representative,Married,138720,9,Y,12,8,3,12,3,8,3,6,3,2,1,2,3,6.308489811
56,No,Travel_Rarely,Research & Development,2,4,Medical,1,3235,Male,1,Manager,Married,20420,7,Y,12,8,0,30,6,10,1,1,3,4,2,3,3,7.119548898
40,No,Travel_Rarely,Sales,9,3,Marketing,1,3236,Male,2,Research Scientist,Single,20730,0,Y,14,8,0,5,3,4,2,3,4,4,2,3,3,8.804566758
27,No,Travel_Rarely,Research & Development,10,3,Life Sciences,1,3237,Female,1,Laboratory Technician,Single,29560,8,Y,13,8,0,9,6,7,0,7,4,1,1,3,3,7.493230676
29,No,Travel_Rarely,Sales,20,3,Marketing,1,3238,Female,2,Manager,Divorced,29260,1,Y,15,8,1,2,3,2,2,2,4,2,3,2,3,7.09145113
53,No,Travel_Rarely,Research & Development,9,3,Life Sciences,1,3239,Female,3,Laboratory Technician,Single,48090,2,Y,18,8,0,19,2,2,2,2,4,4,3,3,3,6.282684793
35,No,Non-Travel,Research & Development,5,1,Medical,1,3240,Male,1,Healthcare Representative,Divorced,51630,2,Y,18,8,2,16,4,1,0,0,4,1,4,3,3,7.12743266
32,No,Travel_Frequently,Sales,4,4,Life Sciences,1,3241,Male,2,Sales Executive,Married,188440,1,Y,19,8,0,10,3,10,4,7,1,4,3,1,3,7.783390071
38,No,Travel_Rarely,Sales,10,3,Medical,1,3242,Male,4,Laboratory Technician,Married,181720,6,Y,12,8,2,6,5,1,0,1,4,3,1,3,3,10.89886168
34,No,Travel_Rarely,Research & Development,20,3,Medical,1,3243,Female,3,Laboratory Technician,Divorced,57440,3,Y,19,8,1,7,4,0,0,0,2,1,3,2,3,6.180956399
52,No,Travel_Rarely,Sales,21,5,Technical Degree,1,3244,Male,3,Manager,Married,28890,1,Y,11,8,1,34,2,34,1,16,3,1,4,3,3,5.995623219
33,Yes,Travel_Rarely,Research & Development,1,2,Medical,1,3245,Male,3,Laboratory Technician,Single,28710,1,Y,17,8,3,10,2,10,7,8,4,4,2,3,3,10.02339609
25,No,Travel_Rarely,Research & Development,8,3,Life Sciences,1,3246,Male,2,Research Scientist,Single,74840,1,Y,15,8,0,6,3,6,1,4,3,4,2,3,3,7.709783951
45,No,Travel_Rarely,Sales,2,3,Life Sciences,1,3247,Male,3,Healthcare Representative,Single,60740,0,Y,14,8,0,9,2,8,3,1,2,3,3,3,3,5.988954741
23,No,Travel_Rarely,Research & Development,23,1,Life Sciences,1,3248,Female,2,Research Scientist,Single,173280,1,Y,17,8,1,2,2,2,0,2,1,3,3,1,3,8.017960677
47,Yes,Travel_Frequently,Research & Development,4,3,Life Sciences,1,3249,Male,1,Research Director,Single,27740,4,Y,13,8,1,8,2,5,1,3,2,3,3,3,3,10.02877035
34,No,Travel_Rarely,Research & Development,12,3,Technical Degree,1,3250,Male,1,Research Scientist,Single,45050,1,Y,12,8,0,6,3,6,1,4,4,4,3,3,3,7.766991898
55,Yes,Travel_Rarely,Human Resources,7,3,Human Resources,1,3251,Male,4,Laboratory Technician,Married,74280,5,Y,12,8,0,24,2,5,1,4,4,1,3,3,3,8.032659069
36,No,Non-Travel,Research & Development,7,2,Life Sciences,1,3252,Male,5,Sales Executive,Single,116310,1,Y,18,8,1,10,2,10,0,9,1,1,3,1,3,7.417550505
52,No,Non-Travel,Research & Development,1,4,Life Sciences,1,3253,Male,5,Sales Executive,Married,97380,0,Y,18,8,2,5,2,4,1,2,4,4,3,3,3,7.197127343
26,No,Travel_Frequently,Research & Development,2,2,Life Sciences,1,3254,Male,1,Manufacturing Director,Divorced,28350,3,Y,11,8,1,5,2,2,2,0,1,4,3,3,3,7.121989522
29,No,Travel_Rarely,Research & Development,10,2,Medical,1,3255,Male,3,Manufacturing Director,Married,169590,4,Y,14,8,3,11,5,8,1,1,2,3,2,3,3,6.297399758
26,Yes,Travel_Rarely,Research & Development,15,2,Life Sciences,1,3256,Male,2,Laboratory Technician,Single,26130,6,Y,19,8,1,6,2,4,1,2,4,1,2,3,3,6.157829937
34,No,Travel_Rarely,Research & Development,14,4,Technical Degree,1,3257,Male,2,Manufacturing Director,Single,61460,2,Y,12,8,0,10,3,4,1,3,2,4,3,3,3,6.222678571
54,No,Travel_Rarely,Research & Development,18,4,Medical,1,3258,Female,2,Laboratory Technician,Divorced,49630,9,Y,15,8,1,9,2,5,1,4,4,1,3,3,3,8.904882339
27,No,Travel_Frequently,Research & Development,13,2,Life Sciences,1,3259,Female,4,Research Scientist,Married,195370,0,Y,12,8,0,5,5,4,1,1,3,4,3,3,3,6.835637116
37,No,Travel_Rarely,Sales,2,4,Technical Degree,1,3260,Male,2,Manufacturing Director,Divorced,61720,0,Y,11,8,0,6,1,5,4,3,4,1,2,3,3,9.532072384
38,No,Travel_Frequently,Sales,2,4,Life Sciences,1,3261,Female,2,Research Scientist,Single,23680,6,Y,11,8,1,17,3,15,4,12,1,1,3,3,3,10.80105016
34,No,Travel_Rarely,Sales,2,3,Marketing,1,3262,Male,1,Sales Representative,Single,103120,1,Y,12,8,0,6,2,6,1,3,,1,3,3,3,6.855058783
35,No,Travel_Rarely,Research & Development,5,4,Medical,1,3263,Male,3,Manager,Married,16750,1,Y,16,8,0,3,6,3,0,2,1,4,2,2,3,7.784760047
30,No,Travel_Rarely,Research & Development,20,3,Medical,1,3264,Male,1,Laboratory Technician,Married,25230,3,Y,13,8,1,7,2,2,0,2,4,3,3,3,3,7.160638075
40,No,Travel_Frequently,Research & Development,10,4,Medical,1,3265,Male,2,Manufacturing Director,Married,65670,1,Y,13,8,1,8,3,8,3,7,3,2,3,4,3,6.360885565
34,No,Travel_Rarely,Research & Development,10,3,Life Sciences,1,3266,Male,3,Healthcare Representative,Married,47390,5,Y,24,8,2,6,2,3,1,2,3,1,3,3,4,7.914244492
42,No,Travel_Frequently,Research & Development,9,4,Medical,1,3267,Male,1,Manufacturing Director,Divorced,92080,1,Y,15,8,1,24,2,24,14,9,2,4,2,4,3,7.803479406
23,Yes,Travel_Rarely,Sales,2,3,Medical,1,3268,Female,4,Manufacturing Director,Married,45590,1,Y,18,8,1,1,2,0,0,0,3,1,3,2,3,7.983474499
24,No,Non-Travel,Sales,1,5,Marketing,1,3269,Female,1,Manufacturing Director,Divorced,81890,1,Y,14,8,1,1,3,1,0,0,3,2,3,3,3,6.81390056
52,No,Travel_Rarely,Research & Development,29,3,Life Sciences,1,3270,Male,2,Manufacturing Director,Married,29420,8,Y,11,8,1,9,1,5,1,4,4,3,3,2,3,6.109673759
50,No,Travel_Rarely,Research & Development,8,4,Life Sciences,1,3271,Male,2,Sales Executive,Married,49410,5,Y,11,8,1,30,3,4,0,3,3,3,3,1,3,6.421843765
29,Yes,Travel_Rarely,Sales,2,4,Marketing,1,3272,Female,4,Research Scientist,Married,106500,1,Y,13,8,2,1,2,1,0,0,2,1,3,4,3,10.66860992
33,No,Travel_Rarely,Research & Development,3,4,Life Sciences,1,3273,Male,4,Manufacturing Director,Married,59020,0,Y,12,8,1,14,2,13,3,7,3,3,4,3,3,7.04480279
33,Yes,Travel_Rarely,Research & Development,23,5,Life Sciences,1,3274,Male,1,Human Resources,Single,86390,5,Y,16,8,2,6,3,3,0,2,1,1,3,2,3,7.963464792
47,No,Travel_Rarely,Research & Development,6,4,Other,1,3275,Male,2,Manager,Married,63470,1,Y,14,8,0,26,2,26,3,0,3,4,2,4,3,9.543667134
36,No,Travel_Rarely,Sales,6,3,Medical,1,3276,Female,2,Sales Executive,Married,42000,0,Y,22,8,0,10,3,9,0,5,3,2,3,3,4,7.685820549
29,No,Travel_Rarely,Research & Development,10,3,Other,1,3277,Male,1,Research Scientist,Married,34520,1,Y,11,8,0,10,3,10,0,7,3,3,3,2,3,7.68318599
58,Yes,Travel_Rarely,Research & Development,24,3,Other,1,3278,Female,2,Research Scientist,Single,43170,7,Y,17,8,0,40,2,31,13,8,4,2,3,3,3,8.926272749
35,No,Travel_Rarely,Sales,10,4,Marketing,1,3279,Female,1,Research Scientist,Single,26320,3,Y,13,8,3,7,3,2,2,2,4,3,3,4,3,7.792069384
42,No,Travel_Rarely,Sales,15,1,Marketing,1,3280,Male,2,Laboratory Technician,Married,46680,9,Y,18,8,2,8,2,4,0,2,4,4,3,3,3,10.50888773
28,Yes,Travel_Rarely,Research & Development,19,4,Medical,1,3281,Female,2,Sales Executive,Single,32040,6,Y,16,8,1,5,4,2,2,1,3,3,2,2,3,6.24961042
36,No,Travel_Rarely,Research & Development,2,3,Life Sciences,1,3282,Male,2,Healthcare Representative,Married,27200,4,Y,14,8,1,8,3,5,0,4,3,2,3,3,3,6.5906102
32,No,Travel_Rarely,Research & Development,3,1,Medical,1,3283,Male,2,Manufacturing Director,Married,171810,1,Y,14,8,0,14,2,14,6,8,3,3,3,2,3,7.996312382
40,No,Travel_Frequently,Sales,9,3,Marketing,1,3284,Male,3,Manufacturing Director,Single,22380,6,Y,14,8,0,10,3,1,0,0,1,3,3,3,3,6.904626113
30,No,Travel_Rarely,Research & Development,7,3,Technical Degree,1,3285,Male,2,Research Director,Single,14830,5,Y,13,8,0,12,3,0,0,0,3,4,2,3,3,9.370607857
45,No,Travel_Rarely,Research & Development,10,4,Life Sciences,1,3286,Male,1,Research Director,Single,56050,1,Y,12,8,2,1,2,1,0,0,2,3,3,3,3,6.598810512
42,No,Travel_Rarely,Research & Development,20,2,Medical,1,3287,Male,2,Sales Representative,Married,72950,1,Y,15,8,0,10,3,9,7,8,2,2,2,3,3,7.614132241
38,No,Travel_Frequently,Sales,4,3,Medical,1,3288,Male,2,Research Scientist,Divorced,23060,2,Y,19,8,1,13,5,4,1,2,1,1,2,3,3,7.583628618
34,No,Travel_Frequently,Research & Development,7,4,Life Sciences,1,3289,Male,3,Laboratory Technician,Single,23480,1,Y,14,8,1,6,3,5,1,3,3,4,3,3,3,6.900036731
49,Yes,Travel_Rarely,Sales,7,2,Life Sciences,1,3290,Female,2,Healthcare Representative,Married,89980,1,Y,14,8,2,9,2,9,7,7,3,4,4,4,3,6.285461745
55,Yes,Travel_Rarely,Human Resources,16,3,Technical Degree,1,3291,Male,4,Manufacturing Director,Single,43190,4,Y,11,8,0,12,3,9,7,3,3,4,2,4,3,6.378344347
43,No,Travel_Rarely,Research & Development,25,2,Medical,1,3292,Male,2,Healthcare Representative,Married,61320,6,Y,13,8,0,22,3,4,1,0,2,1,3,2,3,7.298232739
27,No,Travel_Rarely,Sales,2,4,Medical,1,3293,Male,2,Manager,Divorced,33460,1,Y,21,8,1,9,2,9,0,8,3,4,3,2,4,10.48479406
35,No,Travel_Rarely,Research & Development,1,3,Medical,1,3294,Male,1,Research Director,Single,108550,3,Y,13,8,1,17,2,8,1,6,3,3,4,3,3,7.007824675
28,No,Travel_Rarely,Sales,1,2,Technical Degree,1,3295,Female,1,Sales Executive,Married,22310,1,Y,12,8,0,8,3,8,7,5,2,2,3,2,3,9.899078884
34,No,Travel_Rarely,Sales,2,5,Life Sciences,1,3296,Male,4,Research Scientist,Married,23230,0,Y,17,8,0,4,2,3,0,2,3,,1,3,3,6.87779454
26,Yes,Travel_Frequently,Research & Development,22,4,Other,1,3297,Female,1,Sales Executive,Married,20240,1,Y,23,8,0,8,2,8,1,7,3,3,3,3,4,8.024657287
27,No,Non-Travel,Sales,1,3,Technical Degree,1,3298,Female,1,Sales Executive,Married,27130,1,Y,11,8,0,0,2,0,0,0,4,4,2,3,3,7.299756944
51,No,Travel_Rarely,Sales,16,3,Medical,1,3299,Male,3,Research Scientist,Married,94390,2,Y,15,8,3,29,0,20,4,17,1,3,2,3,3,6.11052977
44,No,Travel_Rarely,Sales,24,5,Medical,1,3300,Female,1,Sales Executive,Single,25660,9,Y,11,8,1,10,3,5,2,3,4,2,2,3,3,6.288274232
25,No,Travel_Rarely,Research & Development,17,3,Medical,1,3301,Male,1,Laboratory Technician,Single,199260,7,Y,11,8,3,6,5,4,0,1,1,1,2,4,3,6.398666198
33,No,Travel_Rarely,Research & Development,8,4,Life Sciences,1,3302,Male,3,Laboratory Technician,Divorced,24510,1,Y,13,8,1,9,3,9,0,8,1,1,3,2,3,5.992264775
35,No,Travel_Rarely,Sales,6,4,Medical,1,3303,Female,2,Manager,Single,94190,1,Y,24,8,1,6,5,6,1,1,3,1,2,2,4,6.915613527
36,No,Travel_Rarely,Sales,10,4,Marketing,1,3304,Male,3,Manager,Married,86860,1,Y,13,8,0,18,2,18,4,11,2,4,2,3,3,9.690696819
32,No,Travel_Rarely,Research & Development,3,4,Medical,1,3305,Female,4,Sales Executive,Divorced,30380,2,Y,20,8,0,8,3,5,0,3,2,4,2,3,4,7.827509221
30,No,Travel_Frequently,Research & Development,4,5,Medical,1,3306,Male,5,Sales Representative,Divorced,30580,9,Y,14,8,1,10,2,5,0,3,2,4,2,3,3,6.400223193
53,No,Travel_Rarely,Sales,6,3,Marketing,1,3307,Male,4,Sales Executive,Married,23250,7,Y,18,8,1,35,1,5,0,4,1,4,3,4,3,10.41387652
45,No,Travel_Rarely,Research & Development,1,5,Technical Degree,1,3308,Male,2,Healthcare Representative,Divorced,20880,4,Y,15,8,3,18,2,5,0,2,4,1,3,3,3,8.501261574
32,No,Travel_Rarely,Sales,10,3,Marketing,1,3309,Female,1,Human Resources,Married,30720,5,Y,12,8,0,9,4,5,1,3,3,3,2,1,3,6.597560226
52,No,Travel_Frequently,Research & Development,1,1,Life Sciences,1,3310,Male,2,Laboratory Technician,Married,50060,3,Y,16,8,1,31,2,9,0,0,3,4,3,3,3,7.587263418
37,No,Travel_Rarely,Sales,24,2,Life Sciences,1,3311,Female,4,Laboratory Technician,Divorced,42570,4,Y,15,8,0,9,2,1,0,0,4,3,3,3,3,6.080773979
28,No,Travel_Rarely,Research & Development,21,4,Life Sciences,1,3312,Female,1,Healthcare Representative,Divorced,25000,1,Y,16,8,2,6,3,5,0,4,2,4,3,3,3,6.343983918
22,No,Travel_Rarely,Research & Development,2,2,Life Sciences,1,3313,Male,1,Sales Representative,Married,11020,6,Y,19,8,0,4,3,2,2,2,4,4,1,2,3,6.520177596
44,No,Travel_Rarely,Research & Development,22,3,Medical,1,3314,Female,1,Laboratory Technician,Married,104530,2,Y,11,8,1,10,2,3,0,2,1,4,2,3,3,10.96916329
42,No,Travel_Frequently,Sales,13,4,Life Sciences,1,3315,Female,2,Laboratory Technician,Single,22880,5,Y,16,8,1,8,4,2,2,2,2,4,3,2,3,7.997912633
36,No,Travel_Rarely,Research & Development,14,3,Other,1,3316,Male,2,Research Scientist,Married,39290,0,Y,24,8,0,6,6,5,0,3,1,1,3,2,4,7.62761788
25,No,Travel_Rarely,Sales,11,3,Life Sciences,1,3317,Female,1,Laboratory Technician,Married,23110,1,Y,11,8,1,5,2,5,0,3,3,1,3,3,3,10.40675964
35,No,Travel_Rarely,Research & Development,9,2,Life Sciences,1,3318,Female,1,Healthcare Representative,Married,31400,1,Y,13,8,1,17,2,17,5,15,4,3,3,2,3,8.786719188
35,Yes,Travel_Frequently,Sales,8,2,Marketing,1,3319,Female,1,Laboratory Technician,Divorced,36900,1,Y,13,8,1,10,2,10,7,8,4,2,2,4,3,9.96200503
32,No,Non-Travel,Research & Development,21,3,Life Sciences,1,3320,Male,1,Sales Executive,Divorced,44500,0,Y,13,8,0,4,3,3,0,2,4,4,3,3,3,7.890476695
25,No,Travel_Rarely,Sales,5,3,Marketing,1,3321,Female,4,Research Scientist,Married,27560,1,Y,12,8,2,5,2,5,0,3,3,1,4,3,3,7.807816764
49,No,Travel_Rarely,Sales,9,3,Technical Degree,1,3322,Female,2,Sales Representative,Married,190330,2,Y,18,8,1,7,5,4,0,2,3,1,3,3,3,7.488967912
24,No,Non-Travel,Research & Development,2,5,Technical Degree,1,3323,Male,2,Healthcare Representative,Married,187220,0,Y,22,8,1,6,3,5,3,4,1,4,2,3,4,7.586379185
32,No,Travel_Frequently,Research & Development,12,5,Medical,1,3324,Male,1,Research Scientist,Married,95470,1,Y,13,8,1,10,3,10,5,3,2,2,3,2,3,6.822150501
38,No,Travel_Rarely,Sales,22,2,Medical,1,3325,Male,1,Sales Executive,Married,137340,0,Y,13,8,0,3,3,2,1,2,2,2,3,4,3,7.005576564
42,No,Travel_Rarely,Research & Development,18,1,Technical Degree,1,3326,Female,2,Research Scientist,Married,199990,2,Y,23,8,1,17,6,5,1,3,3,4,2,3,4,9.613588064
31,No,Travel_Rarely,Research & Development,16,3,Life Sciences,1,3327,Female,3,Sales Executive,Married,22790,3,Y,12,8,1,8,3,6,0,2,4,4,3,3,3,10.09712446
29,Yes,Travel_Rarely,Sales,3,3,Marketing,1,3328,Male,3,Laboratory Technician,Divorced,59160,6,Y,12,8,0,5,2,3,0,2,2,3,3,3,3,9.376346336
53,No,Travel_Rarely,Research & Development,9,3,Life Sciences,1,3329,Male,1,Sales Representative,Married,20890,5,Y,16,8,0,28,2,2,2,2,1,4,3,2,3,6.390003592
35,No,Travel_Rarely,Research & Development,1,3,Life Sciences,1,3330,Male,3,Healthcare Representative,Married,167920,3,Y,12,8,1,16,3,13,4,8,4,2,3,4,3,7.074260829
37,No,Travel_Frequently,Research & Development,13,4,Life Sciences,1,3331,Female,3,Human Resources,Married,35640,5,Y,11,8,0,10,1,5,0,0,3,4,3,1,3,7.370625286
53,No,Travel_Rarely,Research & Development,1,1,Medical,1,3332,Male,1,Sales Executive,Single,44250,6,Y,22,8,1,33,2,12,3,8,4,4,3,4,4,6.700677592
43,No,Travel_Frequently,Research & Development,1,3,Medical,1,3333,Male,1,Laboratory Technician,Married,52650,4,Y,11,8,1,12,4,5,2,2,4,4,2,3,3,7.623434013
47,No,Travel_Rarely,Sales,15,4,Marketing,1,3334,Female,3,Research Director,Married,65530,0,Y,15,8,0,8,2,7,7,7,3,4,3,3,3,10.68469802
37,No,Non-Travel,Research & Development,1,5,Medical,1,3335,Female,2,Research Scientist,Single,62610,1,Y,12,8,0,10,1,10,0,9,1,2,3,3,3,8.351735823
50,No,Non-Travel,Research & Development,17,3,Medical,1,3336,Female,1,Laboratory Technician,Divorced,42980,1,Y,20,8,1,31,6,31,14,7,1,1,3,3,4,6.632049769
39,No,Travel_Rarely,Research & Development,1,3,Other,1,3337,Female,3,Human Resources,Married,68040,8,Y,14,8,1,13,3,5,0,4,4,4,3,2,3,6.913459596
33,No,Travel_Rarely,Sales,7,3,Life Sciences,1,3338,Male,2,Manufacturing Director,Divorced,38150,3,Y,11,8,1,7,3,4,0,3,4,2,4,3,3,9.403011204
32,Yes,Travel_Rarely,Research & Development,9,1,Medical,1,3339,Female,1,Laboratory Technician,Single,27410,1,Y,15,8,1,1,5,1,0,1,1,4,1,2,3,10.00696477
29,No,Travel_Rarely,Research & Development,5,4,Life Sciences,1,3340,Female,4,Healthcare Representative,Divorced,66730,6,Y,12,8,1,8,2,4,0,3,1,4,,4,3,6.388003903
44,No,Travel_Rarely,Research & Development,26,2,Life Sciences,1,3341,Male,2,Manufacturing Director,Married,76390,1,Y,14,8,0,8,6,8,7,1,2,1,3,3,3,9.783470403
28,No,Travel_Rarely,Sales,24,5,Life Sciences,1,3342,Female,1,Research Scientist,Single,23280,1,Y,11,8,2,4,3,4,0,2,1,4,3,3,3,6.395218599
58,Yes,Travel_Frequently,Sales,9,2,Technical Degree,1,3343,Male,1,Sales Executive,Divorced,21530,9,Y,11,8,0,3,3,1,0,0,4,4,2,3,3,10.47176269
43,No,Travel_Rarely,Sales,7,4,Marketing,1,3344,Male,2,Sales Executive,Divorced,48760,4,Y,16,8,2,4,4,1,0,0,1,2,4,3,3,6.59758501
20,Yes,Travel_Rarely,Research & Development,11,3,Medical,1,3345,Male,2,Sales Executive,Single,93960,1,Y,12,8,0,2,6,2,0,2,3,3,2,1,3,7.086974249
21,Yes,Travel_Rarely,Research & Development,1,3,Medical,1,3346,Male,2,Sales Executive,Single,104000,1,Y,13,8,1,1,2,1,0,0,4,4,2,3,3,7.891711618
36,No,Travel_Rarely,Research & Development,26,4,Medical,1,3347,Male,1,Laboratory Technician,Married,84740,0,Y,14,8,0,17,3,16,4,11,3,4,2,3,3,10.33018219
47,No,Travel_Rarely,Research & Development,2,3,Life Sciences,1,3348,Male,2,Manufacturing Director,Single,99810,1,Y,21,8,1,3,3,3,1,2,4,4,2,3,4,8.500371513
22,Yes,Travel_Rarely,Research & Development,15,4,Life Sciences,1,3349,Female,1,Laboratory Technician,Married,124900,0,Y,13,8,0,4,3,3,0,2,2,3,4,3,3,9.801010101
41,Yes,Travel_Rarely,Research & Development,23,3,Life Sciences,1,3350,Female,2,Sales Executive,Divorced,26570,4,Y,11,8,0,10,3,7,1,0,2,4,2,4,3,10.40173314
28,No,Travel_Rarely,Research & Development,10,3,Life Sciences,1,3351,Female,3,Manager,Divorced,135910,5,Y,20,8,1,6,2,2,2,2,3,3,3,3,4,7.703818565
39,Yes,Travel_Rarely,Research & Development,10,4,Life Sciences,1,3352,Female,4,Human Resources,Married,66960,7,Y,11,8,0,8,3,2,2,2,4,1,1,3,3,10.7080793
27,No,Travel_Rarely,Research & Development,1,3,Medical,1,3353,Male,1,Research Scientist,Single,20580,1,Y,14,8,1,1,5,1,0,0,2,3,3,3,3,7.710114657
34,No,Travel_Rarely,Research & Development,12,2,Technical Degree,1,3354,Male,2,Human Resources,Divorced,88650,1,Y,11,8,1,1,0,1,1,0,2,2,3,3,3,7.693657596
42,No,Travel_Rarely,Sales,11,1,Technical Degree,1,3355,Male,2,Human Resources,Single,59400,7,Y,16,8,0,10,2,5,0,3,3,3,3,2,3,6.924135939
33,No,Travel_Rarely,Sales,2,3,Marketing,1,3356,Female,1,Sales Executive,Single,59140,3,Y,16,8,1,6,4,3,0,2,3,1,3,3,3,10.55609699
58,No,Travel_Rarely,Research & Development,2,4,Life Sciences,1,3357,Male,1,Research Scientist,Divorced,26220,2,Y,23,8,0,24,3,6,0,4,3,2,3,3,4,8.330816925
31,No,Travel_Rarely,Sales,1,3,Life Sciences,1,3358,Female,1,Sales Representative,Married,121850,3,Y,14,8,0,13,2,7,5,2,2,3,4,3,3,6.079077916
35,No,Travel_Rarely,Research & Development,2,1,Life Sciences,1,3359,Male,3,Healthcare Representative,Married,106090,1,Y,22,8,0,10,3,10,0,7,4,4,1,3,4,10.38959437
49,No,Travel_Rarely,Research & Development,25,2,Life Sciences,1,3360,Female,2,Sales Executive,Married,43450,4,Y,15,8,0,29,3,26,1,7,1,2,2,2,3,7.004710744
48,No,Travel_Rarely,Research & Development,1,4,Medical,1,3361,Male,1,Research Scientist,Married,21770,4,Y,18,8,0,13,4,0,0,0,4,3,2,3,3,6.721184641
31,No,Non-Travel,Research & Development,1,2,Technical Degree,1,3362,Female,2,Sales Executive,Married,27930,1,Y,16,8,0,9,4,9,0,0,4,3,2,3,3,7.05925608
36,No,Travel_Rarely,Human Resources,2,4,Technical Degree,1,3363,Male,1,Sales Executive,Single,79180,2,Y,12,8,2,8,3,6,0,1,2,4,3,2,3,6.510334541
38,No,Travel_Rarely,Sales,6,3,Other,1,3364,Male,2,Sales Executive,Married,87890,1,Y,11,8,3,15,4,15,5,11,4,1,3,3,3,7.084607985
32,No,Non-Travel,Sales,18,3,Marketing,1,3365,Male,1,Laboratory Technician,Married,23890,6,Y,12,8,1,5,4,3,0,2,3,2,3,2,3,7.071233425
25,Yes,Travel_Rarely,Research & Development,1,2,Life Sciences,1,3366,Male,1,Sales Executive,Married,32120,1,Y,15,8,1,1,3,1,0,0,3,2,3,2,3,8.867931074
40,No,Travel_Rarely,Research & Development,1,4,Medical,1,3367,Male,2,Research Scientist,Divorced,192320,2,Y,14,8,1,11,3,1,0,0,1,2,2,3,3,6.112561328
26,No,Travel_Frequently,Sales,11,3,Marketing,1,3368,Male,2,Healthcare Representative,Single,22670,1,Y,19,8,3,7,2,7,0,7,3,1,3,2,3,7.581857143
41,No,Travel_Rarely,Research & Development,1,4,Medical,1,3369,Male,1,Research Scientist,Single,195170,2,Y,13,8,0,20,5,18,2,17,4,1,3,3,3,10.65264922
36,No,Travel_Rarely,Research & Development,9,3,Life Sciences,1,3370,Female,2,Healthcare Representative,Single,24360,4,Y,13,8,0,16,3,11,3,9,3,3,3,1,3,7.097545914
19,Yes,Travel_Rarely,Research & Development,15,3,Life Sciences,1,3371,Male,2,Research Scientist,Single,160640,1,Y,15,8,1,1,3,1,0,0,4,2,4,3,3,10.61941485
20,Yes,Travel_Rarely,Research & Development,29,3,Life Sciences,1,3372,Female,3,Laboratory Technician,Single,27070,1,Y,11,8,0,1,2,1,0,0,1,1,3,3,3,6.091235349
31,No,Travel_Rarely,Research & Development,1,4,Life Sciences,1,3373,Male,4,Research Director,Married,190680,0,Y,12,8,0,10,1,9,8,5,4,4,1,3,3,8.301600877
40,No,Travel_Frequently,Sales,1,3,Marketing,1,3374,Male,1,Research Scientist,Divorced,39310,8,Y,19,8,0,3,2,1,0,0,4,2,3,2,3,8.097030093
32,No,Travel_Rarely,Research & Development,24,3,Life Sciences,1,3375,Male,4,Laboratory Technician,Married,37300,1,Y,25,8,1,8,4,8,6,3,3,1,4,3,4,7.91362037
36,Yes,Travel_Rarely,Research & Development,10,3,Medical,1,3376,Male,3,Sales Executive,Married,22320,1,Y,12,8,1,16,2,16,3,7,3,4,3,3,3,9.800581847
33,No,Travel_Rarely,Research & Development,1,4,Medical,1,3377,Female,4,Manufacturing Director,Single,44650,0,Y,13,8,0,6,3,5,1,4,2,4,3,3,3,6.017222222
37,Yes,Travel_Rarely,Sales,10,4,Marketing,1,3378,Female,3,Human Resources,Married,30720,5,Y,14,8,0,17,3,14,11,7,1,3,1,2,3,6.330157368
45,No,Non-Travel,Research & Development,8,1,Life Sciences,1,3379,Male,2,Sales Executive,Married,33190,1,Y,12,8,1,9,3,9,0,8,3,2,2,3,3,6.322636515
29,No,Travel_Frequently,Research & Development,29,1,Life Sciences,1,3380,Male,1,Sales Representative,Married,192020,1,Y,12,8,0,3,5,3,0,2,3,4,3,3,3,7.602417695
35,No,Travel_Rarely,Human Resources,1,3,Human Resources,1,3381,Male,3,Laboratory Technician,Married,136750,1,Y,15,8,3,5,5,5,1,0,3,3,3,2,3,6.378281174
52,No,Travel_Rarely,Research & Development,5,4,Other,1,3382,Male,1,Laboratory Technician,Married,29110,2,Y,17,8,2,26,3,9,7,8,4,4,2,3,3,6.978609882
58,Yes,Travel_Rarely,Sales,9,2,Medical,1,3383,Female,4,Sales Executive,Single,59570,4,Y,14,8,1,7,2,1,0,0,4,3,3,1,3,7.469917874
53,No,Travel_Rarely,Research & Development,9,3,Technical Degree,1,3384,Male,1,Manager,Divorced,39200,6,Y,16,8,1,22,3,17,15,2,3,3,4,3,3,6.521732026
30,No,Travel_Rarely,Sales,3,4,Marketing,1,3385,Male,1,Sales Executive,Divorced,64340,5,Y,14,8,1,10,3,8,7,7,3,3,4,2,3,8.00522126
38,No,Non-Travel,Sales,4,3,Life Sciences,1,3386,Male,2,Research Director,Single,100480,1,Y,23,8,1,6,2,5,1,3,3,4,3,3,4,8.082911302
35,No,Travel_Rarely,Sales,1,2,Life Sciences,1,3387,Female,2,Healthcare Representative,Divorced,109380,6,Y,14,8,2,12,2,10,0,8,4,4,3,1,3,7.335469995
39,No,Travel_Rarely,Sales,1,1,Marketing,1,3388,Male,2,Research Scientist,Single,23400,0,Y,11,8,1,9,2,8,0,7,,3,3,2,3,6.500826087
40,Yes,Non-Travel,Research & Development,2,4,Life Sciences,1,3389,Male,1,Human Resources,Single,65450,4,Y,15,8,0,22,2,1,0,0,2,2,2,3,3,9.510643519
47,No,Travel_Frequently,Research & Development,7,4,Life Sciences,1,3390,Male,3,Sales Executive,Divorced,69310,1,Y,11,8,0,20,3,19,2,7,3,3,4,3,3,10.07904989
36,No,Non-Travel,Sales,28,1,Life Sciences,1,3391,Male,2,Research Scientist,Divorced,48980,4,Y,13,8,1,12,3,7,0,7,1,4,3,3,3,6.825506823
31,Yes,Non-Travel,Research & Development,28,4,Medical,1,3392,Male,2,Research Scientist,Single,25930,0,Y,21,8,0,4,2,3,1,2,3,1,3,3,4,8.197324263
33,No,Non-Travel,Sales,15,3,Other,1,3393,Male,4,Research Director,Single,194360,1,Y,19,8,2,10,4,10,6,0,4,3,3,3,3,7.882856462
29,Yes,Travel_Rarely,Human Resources,3,5,Life Sciences,1,3394,Male,1,Sales Executive,Single,27230,6,Y,11,8,1,3,2,0,0,0,4,1,3,2,3,10.32503138
33,No,Travel_Rarely,Research & Development,2,2,Technical Degree,1,3395,Male,2,Laboratory Technician,Single,34790,3,Y,12,8,0,5,3,3,0,2,2,4,3,3,3,7.481684862
45,No,Travel_Rarely,Research & Development,26,1,Medical,1,3396,Female,3,Healthcare Representative,Divorced,27940,3,Y,19,8,1,8,2,5,0,2,4,4,3,3,3,7.010718352
50,No,Travel_Rarely,Sales,10,1,Life Sciences,1,3397,Female,1,Manufacturing Director,Divorced,52490,9,Y,21,8,2,32,2,5,1,3,4,4,2,2,4,7.387503458
33,No,Travel_Frequently,Sales,1,3,Marketing,1,3398,Male,2,Human Resources,Married,21760,1,Y,14,8,1,6,2,6,1,2,3,2,3,2,3,8.979737459
41,No,Travel_Frequently,Sales,11,3,Other,1,3399,Male,1,Laboratory Technician,Divorced,168720,2,Y,15,8,1,21,2,18,0,11,1,3,4,3,3,7.864643347
27,No,Travel_Rarely,Research & Development,20,4,Other,1,3400,Male,2,Manufacturing Director,Married,34850,9,Y,17,8,2,4,2,2,2,2,3,2,3,3,3,7.098894604
45,No,Non-Travel,Sales,2,3,Medical,1,3401,Female,1,Sales Executive,Married,66440,1,Y,12,8,0,9,3,9,0,8,4,1,3,4,3,8.706717172
47,No,Travel_Rarely,Sales,18,4,Medical,1,3402,Female,2,Research Scientist,Single,55820,1,Y,16,8,0,9,3,9,0,7,4,4,3,3,3,8.010337713
30,Yes,Travel_Rarely,Sales,2,3,Life Sciences,1,3403,Male,2,Healthcare Representative,Married,40000,4,Y,12,8,0,7,5,5,0,1,1,3,3,2,3,10.49125831
50,No,Travel_Rarely,Research & Development,1,3,Technical Degree,1,3404,Female,2,Sales Executive,Married,134960,3,Y,18,8,1,22,3,12,1,5,4,3,3,3,3,9.487657368
38,No,Travel_Frequently,Research & Development,13,3,Technical Degree,1,3405,Male,1,Manufacturing Director,Married,32100,0,Y,17,8,2,3,5,2,0,2,3,3,2,2,3,7.685276586
46,No,Travel_Rarely,Research & Development,28,3,Medical,1,3406,Female,3,Human Resources,Divorced,190450,6,Y,11,8,3,13,2,8,0,7,4,3,3,3,3,6.92137741
24,No,Travel_Rarely,Sales,28,3,Life Sciences,1,3407,Female,1,Healthcare Representative,Divorced,118490,1,Y,16,8,1,5,3,4,3,2,4,3,3,3,3,6.585990861
35,Yes,Travel_Rarely,Sales,24,3,Medical,1,3408,Male,3,Healthcare Representative,Divorced,20700,1,Y,13,8,3,5,1,4,0,2,3,2,1,2,3,9.321214551
31,No,Travel_Frequently,Research & Development,5,2,Technical Degree,1,3409,Male,2,Sales Executive,Married,65020,1,Y,12,8,0,4,3,4,0,3,3,1,3,3,3,6.309143615
18,No,Non-Travel,Sales,5,4,Other,1,3410,Male,2,Manager,Single,32300,1,Y,12,8,1,0,3,0,0,0,2,4,3,3,3,6.325607126
54,No,Travel_Rarely,Sales,23,3,Medical,1,3411,Female,1,Laboratory Technician,Married,136030,8,Y,13,8,1,22,2,10,0,8,3,3,3,3,3,6.599765051
35,No,Travel_Rarely,Research & Development,6,4,Medical,1,3412,Female,1,Manufacturing Director,Divorced,119960,1,Y,19,8,2,16,3,16,10,1,3,3,2,3,3,9.599074074
30,No,Travel_Rarely,Research & Development,4,3,Life Sciences,1,3413,Female,5,Healthcare Representative,Married,56050,0,Y,12,8,1,9,0,8,1,7,2,1,2,2,3,10.12023423
20,Yes,Travel_Rarely,Research & Development,2,2,Life Sciences,1,3414,Female,2,Research Scientist,Single,63970,1,Y,17,8,1,1,3,1,0,0,4,1,3,3,3,8.318101054
30,Yes,Travel_Frequently,Research & Development,8,4,Medical,1,3415,Male,1,Sales Executive,Single,191440,0,Y,11,8,0,4,3,3,1,2,2,2,3,3,3,7.586698543
26,No,Travel_Rarely,Sales,1,3,Marketing,1,3416,Female,2,Research Scientist,Married,175840,1,Y,20,8,0,8,2,8,1,3,4,4,3,3,4,7.900064279
22,No,Travel_Rarely,Research & Development,8,3,Other,1,3417,Male,2,Sales Representative,Married,49070,1,Y,21,8,1,4,2,4,1,1,2,1,2,3,4,7.311087006
48,No,Travel_Rarely,Human Resources,2,4,Medical,1,3418,Male,2,Sales Executive,Single,45540,2,Y,11,8,2,19,3,2,2,2,1,3,3,3,3,8.020512117
48,No,Travel_Rarely,Sales,3,3,Medical,1,3419,Male,1,Research Director,Single,54150,7,Y,11,8,1,27,1,15,4,8,3,3,3,3,3,6.495245821
41,No,Travel_Rarely,Research & Development,2,3,Life Sciences,1,3420,Male,2,Research Scientist,Single,47410,6,Y,16,8,0,8,3,2,2,1,4,3,3,3,3,6.910598109
39,No,Travel_Rarely,Sales,2,3,Life Sciences,1,3421,Male,3,Human Resources,Married,21150,1,Y,18,8,0,21,3,21,11,8,4,4,3,4,3,7.142438137
27,No,Travel_Rarely,Research & Development,3,3,Life Sciences,1,3422,Male,2,Human Resources,Married,31610,0,Y,13,8,2,4,0,3,2,2,1,4,3,3,3,7.307331871
35,No,Travel_Rarely,Sales,24,3,Medical,1,3423,Male,5,Sales Executive,Divorced,57450,1,Y,17,8,3,3,4,3,1,2,2,4,2,3,3,6.875793817
42,No,Travel_Rarely,Research & Development,23,4,Other,1,3424,Male,1,Research Scientist,Married,23730,6,Y,14,8,1,21,3,1,0,0,4,3,4,4,3,8.011233238
50,No,Travel_Rarely,Sales,27,3,Medical,1,3425,Male,2,Sales Executive,Married,33100,4,Y,22,8,1,8,3,1,0,0,1,4,3,4,4,6.232089218
59,No,Travel_Rarely,Research & Development,16,4,Medical,1,3426,Female,5,Laboratory Technician,Single,186650,3,Y,12,8,0,30,3,5,4,3,3,4,3,2,3,10.12087726
37,Yes,Travel_Rarely,Sales,15,3,Marketing,1,3427,Male,2,Laboratory Technician,Married,44850,5,Y,11,8,1,15,2,1,0,0,1,2,1,4,3,6.598324879
55,No,Travel_Frequently,Research & Development,26,2,Life Sciences,1,3428,Female,2,Sales Executive,Married,27890,3,Y,13,8,1,17,2,8,6,7,3,2,3,2,3,8.596978723
41,No,Non-Travel,Research & Development,19,1,Life Sciences,1,3429,Male,2,Research Scientist,Divorced,58280,1,Y,13,8,0,21,0,21,5,10,2,3,3,3,3,6.302667137
38,No,Travel_Rarely,Research & Development,24,2,Other,1,3430,Female,1,Laboratory Technician,Single,23260,8,Y,14,8,0,19,3,1,0,0,2,4,3,4,3,8.40627305
26,Yes,Non-Travel,Research & Development,21,1,Life Sciences,1,3431,Female,1,Manufacturing Director,Single,135250,8,Y,17,8,1,7,4,2,2,2,2,1,3,2,3,7.708031148
52,Yes,Travel_Rarely,Research & Development,5,4,Medical,1,3432,Female,4,Human Resources,Married,14200,1,Y,13,8,1,33,2,32,6,9,1,4,3,4,3,6.012140662
44,No,Travel_Rarely,Research & Development,16,3,Life Sciences,1,3433,Female,1,Healthcare Representative,Married,80200,3,Y,11,8,1,23,2,12,11,11,4,4,3,3,3,10.90301265
50,No,Non-Travel,Human Resources,2,2,Life Sciences,1,3434,Male,1,Laboratory Technician,Married,36880,0,Y,11,8,0,19,3,18,0,13,4,3,3,2,3,6.484585106
36,Yes,Travel_Rarely,Sales,2,4,Technical Degree,1,3435,Male,4,Sales Executive,Single,54820,1,Y,18,8,0,18,3,17,15,14,3,1,3,3,3,7.800405282
39,No,Travel_Frequently,Sales,11,3,Marketing,1,3436,Male,1,Sales Executive,Single,160150,1,Y,11,8,0,21,3,21,2,8,4,1,3,4,3,10.80191701
33,No,Non-Travel,Sales,9,2,Technical Degree,1,3437,Male,5,Sales Representative,Single,12000,0,Y,11,8,1,3,3,2,2,2,2,4,2,3,3,7.580263831
45,No,Travel_Rarely,Research & Development,7,2,Other,1,3438,Male,1,Human Resources,Married,56610,3,Y,12,8,0,26,2,9,1,1,4,4,4,2,3,7.386112269
32,No,Non-Travel,Research & Development,15,3,Medical,1,3439,Male,2,Manager,Single,69290,9,Y,20,8,0,10,6,8,7,7,4,3,3,1,4,7.179573003
34,No,Travel_Rarely,Sales,6,4,Marketing,1,3440,Male,2,Research Director,Divorced,96130,0,Y,12,8,1,16,5,15,0,9,2,4,2,2,3,7.107705366
59,No,Travel_Rarely,Research & Development,5,3,Life Sciences,1,3441,Male,2,Research Scientist,Married,56740,3,Y,12,8,0,14,6,6,0,4,2,4,1,3,3,8.113466236
45,No,Travel_Rarely,Research & Development,16,1,Medical,1,3442,Male,2,Sales Executive,Single,54840,1,Y,20,8,3,6,6,6,0,4,2,2,3,3,4,6.688949173
53,No,Travel_Frequently,Sales,8,2,Medical,1,3443,Male,2,Research Scientist,Married,120610,2,Y,20,8,1,30,2,15,6,12,3,2,3,4,4,7.778898072
36,Yes,Travel_Rarely,Research & Development,7,2,Life Sciences,1,3444,Female,1,Research Scientist,Divorced,56600,7,Y,12,8,0,9,3,1,0,0,1,3,2,3,3,6.07307591
26,Yes,Travel_Frequently,Sales,2,3,Life Sciences,1,3445,Male,2,Research Scientist,Married,48210,6,Y,14,8,2,6,2,3,1,2,1,1,3,3,3,8.203772664
34,No,Travel_Rarely,Research & Development,2,2,Life Sciences,1,3446,Male,1,Sales Representative,Married,64100,1,Y,13,8,1,1,5,1,0,0,3,3,3,2,3,9.214501182
28,No,Travel_Rarely,Research & Development,10,3,Other,1,3447,Male,2,Sales Representative,Married,52100,1,Y,15,8,0,1,1,1,0,0,4,2,3,4,3,7.788128019
38,No,Travel_Frequently,Sales,9,4,Medical,1,3448,Male,2,Research Scientist,Married,26950,3,Y,14,8,1,8,4,2,2,2,3,3,3,1,3,7.593654971
50,No,Travel_Rarely,Research & Development,5,4,Life Sciences,1,3449,Male,1,Sales Executive,Married,118780,2,Y,13,8,1,29,2,8,7,7,2,3,2,3,3,9.583764528
37,No,Travel_Rarely,Research & Development,1,3,Life Sciences,1,3450,Male,1,Laboratory Technician,Single,170680,3,Y,23,8,0,8,6,4,0,1,4,2,2,3,4,7.28377163
40,No,Travel_Rarely,Human Resources,2,3,Medical,1,3451,Male,5,Sales Executive,Married,24550,1,Y,15,8,1,8,2,7,7,5,3,1,2,3,3,6.090655007
26,No,Travel_Frequently,Research & Development,3,3,Medical,1,3452,Male,2,Laboratory Technician,Divorced,139640,1,Y,11,8,2,5,1,5,1,3,1,3,3,2,3,7.712686372
46,No,Travel_Rarely,Research & Development,2,1,Medical,1,3453,Female,3,Research Scientist,Divorced,49410,9,Y,13,8,2,23,2,2,2,2,4,4,3,2,3,7.385222681
54,No,Travel_Rarely,Research & Development,5,3,Medical,1,3454,Female,2,Manufacturing Director,Married,24780,6,Y,11,8,0,13,0,9,7,0,3,3,3,3,3,7.60615162
56,No,Travel_Frequently,Research & Development,1,2,Life Sciences,1,3455,Female,2,Manufacturing Director,Married,52280,2,Y,11,8,0,18,4,5,0,3,1,3,3,3,3,6.920461394
36,No,Travel_Rarely,Research & Development,4,2,Life Sciences,1,3456,Female,2,Human Resources,Single,44780,0,Y,18,8,1,15,3,14,7,8,4,4,2,3,3,6.633445881
55,No,Non-Travel,Research & Development,2,3,Medical,1,3457,Female,2,Manager,Single,75470,7,Y,16,8,0,31,2,9,6,2,3,1,4,2,3,6.101962175
43,No,Travel_Rarely,Sales,25,2,Life Sciences,1,3458,Male,3,Research Scientist,Divorced,50550,5,Y,22,8,0,18,2,1,0,0,3,4,3,2,4,7.891980835
20,Yes,Travel_Frequently,Sales,8,3,Marketing,1,3459,Male,3,Sales Executive,Single,34640,1,Y,20,8,0,2,3,2,0,2,4,4,3,2,4,9.083067529
21,Yes,Travel_Rarely,Research & Development,1,4,Life Sciences,1,3460,Male,1,Manager,Single,57750,1,Y,18,8,0,1,2,1,1,0,3,1,2,3,3,6.597937675
46,No,Travel_Rarely,Sales,12,3,Marketing,1,3461,Female,3,Healthcare Representative,Divorced,89430,8,Y,12,8,1,19,6,16,1,7,4,1,3,3,3,10.99052213
51,Yes,Travel_Rarely,Sales,23,3,Medical,1,3462,Female,2,Research Scientist,Married,192720,9,Y,20,8,0,18,2,10,2,7,1,3,4,3,4,8.701324879
28,Yes,Non-Travel,Research & Development,19,4,Life Sciences,1,3463,Female,4,Laboratory Technician,Single,52380,1,Y,17,8,1,10,4,10,1,9,2,1,2,2,3,7.378290415
26,No,Travel_Rarely,Research & Development,5,4,Medical,1,3464,Female,2,Sales Executive,Married,46820,1,Y,11,8,1,6,3,5,1,3,1,1,3,1,3,7.51635628
30,No,Travel_Rarely,Research & Development,8,3,Medical,1,3465,Female,1,Sales Executive,Married,183000,0,Y,14,8,0,7,6,6,0,2,3,1,2,3,3,6.194155141
41,No,Travel_Rarely,Sales,1,4,Life Sciences,1,3466,Female,1,Research Director,Married,52570,1,Y,14,8,0,10,2,10,0,8,2,3,3,4,3,7.909695712
38,No,Travel_Rarely,Research & Development,5,3,Technical Degree,1,3467,Male,1,Sales Executive,Married,63490,0,Y,11,8,0,20,3,19,1,9,3,3,2,3,3,7.317914847
40,No,Travel_Rarely,Sales,1,4,Marketing,1,3468,Male,1,Sales Executive,Married,48690,4,Y,12,8,0,14,2,11,11,1,1,4,3,3,3,7.902443522
27,No,Non-Travel,Sales,11,3,Technical Degree,1,3469,Female,2,Laboratory Technician,Married,99850,1,Y,14,8,1,3,3,3,1,2,1,3,3,2,3,7.992474105
55,No,Travel_Frequently,Research & Development,23,5,Life Sciences,1,3470,Male,3,Laboratory Technician,Married,36970,3,Y,13,8,1,23,1,3,1,2,4,2,3,3,3,6.679911779
28,No,Travel_Rarely,Research & Development,1,3,Life Sciences,1,3471,Male,2,Healthcare Representative,Single,74570,3,Y,11,8,2,10,1,8,1,7,3,3,4,4,3,6.563898265
44,Yes,Travel_Rarely,Research & Development,18,4,Life Sciences,1,3472,Female,2,Sales Executive,Married,21190,9,Y,15,8,0,24,3,20,3,6,2,1,3,3,3,6.177514861
33,No,Travel_Rarely,Sales,23,4,Marketing,1,3473,Female,4,Sales Executive,Divorced,39830,4,Y,12,8,0,9,3,3,1,2,4,4,3,3,3,6.365669935
35,Yes,Travel_Rarely,Sales,7,4,Life Sciences,1,3474,Male,3,Sales Representative,Single,61180,0,Y,21,8,1,9,3,8,4,7,4,1,3,2,4,9.818430962
33,Yes,Travel_Frequently,Research & Development,1,2,Life Sciences,1,3475,Female,1,Sales Executive,Single,62140,1,Y,19,8,2,14,3,13,3,8,1,3,3,3,3,7.775195943
28,No,Travel_Rarely,Human Resources,1,1,Human Resources,1,3476,Male,2,Research Scientist,Divorced,63470,1,Y,15,8,1,4,2,4,2,2,1,3,2,3,3,6.728075481
34,No,Travel_Frequently,Sales,29,4,Marketing,1,3477,Male,1,Research Scientist,Single,115100,0,Y,14,8,1,7,5,6,0,4,1,4,2,3,3,6.673016569
37,No,Travel_Rarely,Research & Development,7,4,Life Sciences,1,3478,Male,4,Sales Executive,Divorced,71430,2,Y,21,8,0,8,6,1,0,0,4,4,3,2,4,10.62246835
25,Yes,Travel_Rarely,Human Resources,25,4,Human Resources,1,3479,Female,2,Research Scientist,Married,82680,1,Y,12,8,0,7,3,7,5,6,4,4,4,2,3,10.94085408
26,Yes,Travel_Rarely,Sales,8,2,Marketing,1,3480,Male,2,Sales Executive,Divorced,80950,1,Y,15,8,0,1,3,1,0,0,1,3,2,4,3,7.828946563
33,Yes,Travel_Rarely,Research & Development,8,2,Life Sciences,1,3481,Male,4,Manufacturing Director,Single,29040,4,Y,13,8,0,5,2,2,2,2,1,2,3,3,3,10.1999458
42,No,Travel_Rarely,Research & Development,11,1,Life Sciences,1,3482,Male,4,Research Scientist,Married,60320,0,Y,14,8,0,23,2,22,13,7,4,1,3,2,3,6.818579196
28,Yes,Travel_Frequently,Research & Development,7,3,Life Sciences,1,3483,Male,2,Manager,Divorced,29760,1,Y,14,8,0,1,3,1,0,0,1,2,3,3,3,6.300432761
50,Yes,Travel_Frequently,Research & Development,1,4,Medical,1,3484,Male,2,Research Scientist,Single,159920,3,Y,14,8,0,5,3,0,0,0,4,3,3,3,3,10.50958983
33,No,Travel_Frequently,Sales,9,3,Medical,1,3485,Female,2,Research Scientist,Married,46490,0,Y,12,8,0,4,2,3,0,2,4,2,3,2,3,8.024171239
34,No,Non-Travel,Sales,1,1,Marketing,1,3486,Female,2,Research Director,Married,26960,3,Y,23,8,0,6,3,0,0,0,3,4,3,3,4,7.084865741
48,No,Non-Travel,Sales,2,1,Life Sciences,1,3487,Male,2,Sales Executive,Single,23700,2,Y,11,8,0,27,3,5,2,1,1,4,2,3,3,6.170675451
45,No,Non-Travel,Research & Development,1,3,Medical,1,3488,Female,2,Human Resources,Married,125040,1,Y,12,8,1,15,2,15,4,12,2,3,3,3,3,6.009245512
52,No,Travel_Rarely,Sales,1,3,Life Sciences,1,3489,Male,1,Sales Executive,Single,59740,7,Y,18,8,1,18,6,8,4,0,2,2,3,3,3,7.993881611
38,No,Travel_Rarely,Research & Development,6,2,Medical,1,3490,Male,1,Research Scientist,Divorced,47360,0,Y,11,8,1,9,3,8,2,7,3,3,3,2,3,10.6899977
29,No,Travel_Rarely,Research & Development,8,3,Medical,1,3491,Female,4,Research Scientist,Divorced,52960,4,Y,14,8,0,11,3,7,1,7,3,4,3,4,3,6.334150688
28,No,Travel_Rarely,Human Resources,1,3,Human Resources,1,3492,Female,4,Laboratory Technician,Divorced,67810,0,Y,15,8,1,10,2,9,1,7,4,2,2,3,3,6.904346549
46,No,Travel_Rarely,Research & Development,6,4,Medical,1,3493,Male,3,Sales Executive,Married,21740,3,Y,11,8,1,23,3,12,4,9,1,3,3,3,3,6.390338164
38,No,Travel_Rarely,Research & Development,7,4,Medical,1,3494,Male,1,Sales Executive,Single,66530,7,Y,20,8,1,10,2,1,0,0,4,2,3,3,4,7.405821462
43,No,Travel_Frequently,Research & Development,5,3,Medical,1,3495,Female,2,Laboratory Technician,Married,96990,8,Y,19,8,1,18,3,8,0,1,3,1,3,3,3,7.083995633
39,Yes,Travel_Frequently,Sales,1,3,Marketing,1,3496,Male,2,Healthcare Representative,Divorced,67550,7,Y,14,8,1,21,2,18,11,5,1,4,3,3,3,7.179473746
40,No,Travel_Rarely,Research & Development,1,1,Life Sciences,1,3497,Male,1,Healthcare Representative,Single,22130,1,Y,17,8,0,21,4,20,4,9,3,3,4,3,3,6.024019324
21,No,Travel_Rarely,Research & Development,1,4,Life Sciences,1,3498,Female,1,Research Scientist,Single,26100,1,Y,11,8,1,2,3,2,2,2,4,2,4,2,3,10.46879892
39,No,Non-Travel,Research & Development,6,3,Life Sciences,1,3499,Male,1,Laboratory Technician,Single,28510,9,Y,15,8,0,9,2,5,0,3,3,2,2,3,3,6.192125182
36,No,Non-Travel,Research & Development,1,3,Medical,1,3500,Male,3,Sales Representative,Single,34520,2,Y,13,8,3,18,4,11,0,9,1,4,3,4,3,7.197060478
31,No,Travel_Frequently,Research & Development,7,3,Life Sciences,1,3501,Male,1,Sales Executive,Married,52580,0,Y,14,8,3,3,5,2,2,2,3,4,3,3,3,6.595106744
28,No,Travel_Rarely,Sales,2,4,Marketing,1,3502,Male,1,Sales Executive,Married,93550,0,Y,11,8,0,6,4,5,0,4,1,2,1,3,3,7.493436474
35,No,Travel_Frequently,Research & Development,9,2,Other,1,3503,Female,1,Manufacturing Director,Divorced,104960,1,Y,13,8,1,5,2,5,0,2,4,4,3,3,3,6.61795766
49,No,Travel_Rarely,Sales,2,2,Medical,1,3504,Female,1,Sales Executive,Married,63800,6,Y,23,8,1,22,1,9,2,3,4,2,3,2,4,7.224192344
34,No,Travel_Frequently,Sales,9,1,Technical Degree,1,3505,Male,2,Sales Executive,Single,26570,2,Y,13,8,1,5,3,3,0,2,4,3,2,2,3,7.982483452
29,No,Travel_Frequently,Research & Development,1,4,Medical,1,3506,Male,3,Research Scientist,Divorced,27160,0,Y,18,8,0,8,2,7,1,1,4,2,2,1,3,7.091747735
42,No,Travel_Rarely,Sales,21,2,Life Sciences,1,3507,Female,1,Healthcare Representative,Single,22010,4,Y,12,8,1,16,3,1,0,0,2,4,3,4,3,7.204237641
29,No,Travel_Rarely,Sales,4,2,Other,1,3508,Female,2,Healthcare Representative,Married,65400,1,Y,22,8,0,10,2,10,1,2,2,4,2,1,4,10.90030624
38,No,Travel_Rarely,Research & Development,1,3,Medical,1,3509,Female,1,Human Resources,Married,38160,1,Y,13,8,2,7,2,7,5,0,3,3,4,2,3,6.495622032
28,No,Travel_Frequently,Sales,6,4,Life Sciences,1,3510,Male,1,Manager,Divorced,52530,1,Y,15,8,0,3,2,3,0,2,3,3,3,3,3,10.67622269
18,Yes,Non-Travel,Research & Development,2,4,Medical,1,3511,Male,3,Laboratory Technician,Single,109650,1,Y,18,8,0,0,5,0,0,0,3,3,3,4,3,7.010858691
33,Yes,Travel_Rarely,Research & Development,3,2,Life Sciences,1,3512,Male,1,Sales Executive,Single,49360,0,Y,14,8,0,6,2,5,0,3,1,1,3,2,3,8.984980406
41,No,Travel_Rarely,Research & Development,4,2,Medical,1,3513,Male,2,Research Scientist,Married,25430,3,Y,12,8,0,6,3,1,0,0,2,4,3,3,3,8.098481087
31,Yes,Travel_Frequently,Sales,10,3,Technical Degree,1,3514,Female,1,Research Director,Married,53040,1,Y,17,8,0,2,3,2,2,2,3,3,2,4,3,7.12789442
37,No,Travel_Rarely,Research & Development,23,3,Life Sciences,1,3515,Male,3,Manufacturing Director,Divorced,166590,7,Y,16,8,1,9,2,6,1,3,3,4,3,3,3,7.974104803
27,No,Travel_Rarely,Research & Development,6,2,Medical,1,3516,Female,1,Healthcare Representative,Married,42600,1,Y,11,8,2,4,2,4,2,2,4,3,3,3,3,7.363422827
34,No,Travel_Rarely,Sales,1,1,Marketing,1,3517,Female,2,Laboratory Technician,Married,24760,1,Y,19,8,0,6,2,6,1,3,2,3,2,3,3,7.086201717
35,No,Travel_Rarely,Research & Development,6,3,Life Sciences,1,3518,Female,3,Laboratory Technician,Single,31020,1,Y,13,8,1,6,3,5,1,4,3,3,1,2,3,6.795753113
29,Yes,Travel_Rarely,Research & Development,6,3,Life Sciences,1,3519,Male,1,Sales Executive,Married,22440,1,Y,12,8,3,11,5,11,3,10,4,1,1,1,3,6.771594304
40,No,Travel_Frequently,Research & Development,2,4,Medical,1,3520,Male,4,Human Resources,Single,75960,9,Y,11,8,0,20,0,18,2,13,2,3,2,1,3,6.717986998
42,Yes,Travel_Frequently,Sales,2,4,Life Sciences,1,3521,Male,1,Laboratory Technician,Single,22850,0,Y,16,8,0,22,3,21,13,14,3,1,2,1,3,8.053107715
42,No,Travel_Rarely,Research & Development,1,2,Life Sciences,1,3522,Male,4,Laboratory Technician,Single,30340,7,Y,21,8,1,9,3,6,1,5,2,1,4,2,4,7.705268074
35,No,Travel_Rarely,Research & Development,5,3,Medical,1,3523,Male,1,Healthcare Representative,Married,57150,6,Y,24,8,2,10,0,8,1,7,4,3,3,3,4,7.119267009
24,No,Travel_Rarely,Sales,7,4,Life Sciences,1,3524,Female,1,Laboratory Technician,Single,25760,8,Y,17,8,3,6,3,4,1,2,4,2,3,3,3,7.937359924
28,Yes,Travel_Rarely,Research & Development,15,4,Life Sciences,1,3525,Male,2,Sales Executive,Married,41970,1,Y,13,8,0,1,3,1,0,0,3,4,2,1,3,10.33863039
26,No,Travel_Rarely,Research & Development,1,4,Life Sciences,1,3526,Male,2,Sales Representative,Married,143360,1,Y,21,8,1,8,3,8,0,7,1,4,3,3,4,7.471162375
30,No,Travel_Rarely,Research & Development,7,2,Life Sciences,1,3527,Female,1,Manufacturing Director,Married,34480,1,Y,11,8,0,10,3,10,1,4,3,,3,3,3,7.689747045
40,No,Travel_Frequently,Research & Development,26,4,Life Sciences,1,3528,Male,2,Research Scientist,Married,194060,3,Y,20,8,3,16,2,1,0,0,3,4,1,3,4,10.46398261
35,No,Travel_Rarely,Research & Development,18,5,Medical,1,3529,Female,2,Research Scientist,Divorced,65380,2,Y,16,8,1,15,3,7,6,4,3,2,4,3,3,6.911564577
34,No,Travel_Frequently,Research & Development,6,2,Life Sciences,1,3530,Male,1,Research Director,Single,43060,0,Y,11,8,0,14,2,13,4,9,4,1,3,3,3,7.522875817
35,No,Travel_Frequently,Research & Development,3,3,Medical,1,3531,Female,2,Laboratory Technician,Married,22580,1,Y,11,8,1,2,2,2,2,2,4,4,4,3,3,7.963982639
43,Yes,Travel_Rarely,Sales,5,3,Marketing,1,3532,Female,3,Research Scientist,Single,45220,8,Y,15,8,1,7,3,4,1,3,1,3,2,3,3,7.49332136
32,No,Non-Travel,Research & Development,11,2,Other,1,3533,Female,2,Research Scientist,Divorced,44870,1,Y,11,8,0,1,5,1,0,0,3,1,3,2,3,6.594707176
56,No,Travel_Rarely,Research & Development,3,2,Other,1,3534,Male,2,Healthcare Representative,Divorced,44490,,Y,15,8,0,28,3,5,4,2,4,1,3,1,3,6.287570323
29,No,Travel_Rarely,Research & Development,26,1,Life Sciences,1,3535,Male,1,Laboratory Technician,Married,22180,1,Y,24,8,1,10,1,10,0,8,,4,3,3,4,7.507206522
19,No,Travel_Rarely,Research & Development,23,4,Life Sciences,1,3536,Male,2,Laboratory Technician,Single,191970,1,Y,12,8,0,1,2,1,0,0,3,1,3,3,3,7.311391284
45,No,Travel_Rarely,Research & Development,22,3,Life Sciences,1,3537,Female,2,Sales Representative,Married,132120,4,Y,13,8,0,7,4,3,0,2,1,3,2,3,3,8.789366761
37,No,Travel_Rarely,Research & Development,14,4,Life Sciences,1,3538,Male,3,Research Scientist,Married,65770,1,Y,13,8,0,14,1,14,3,11,4,4,2,1,3,6.832842067
20,No,Travel_Rarely,Research & Development,6,3,Medical,1,3539,Male,5,Research Director,Single,83920,1,Y,17,8,0,2,5,2,1,2,1,3,2,3,3,6.684359435
44,Yes,Travel_Rarely,Human Resources,6,2,Human Resources,1,3540,Male,3,Sales Executive,Single,45580,1,Y,13,8,1,6,2,6,0,2,3,3,3,1,3,10.40852339
53,No,Travel_Rarely,Research & Development,6,4,Life Sciences,1,3541,Male,1,Research Director,Divorced,40310,3,Y,12,8,1,26,3,7,4,7,4,3,3,2,3,6.025689258
29,No,Travel_Rarely,Research & Development,23,3,Medical,1,3542,Male,1,Sales Executive,Married,79690,0,Y,14,8,0,6,3,5,1,3,2,4,2,3,3,8.911738128
22,Yes,Travel_Frequently,Research & Development,22,4,Medical,1,3543,Male,1,Sales Representative,Married,26540,0,Y,24,8,0,1,5,0,0,0,3,4,3,2,4,9.879404762
46,No,Travel_Rarely,Research & Development,2,3,Life Sciences,1,3544,Male,2,Research Scientist,Married,165550,8,Y,14,8,2,28,4,26,15,9,3,1,3,3,3,5.988304598
44,No,Non-Travel,Research & Development,20,3,Life Sciences,1,3545,Male,1,Sales Representative,Single,45560,2,Y,13,8,0,6,4,0,0,0,4,3,3,3,3,6.197866809
33,No,Travel_Rarely,Research & Development,28,4,Life Sciences,1,3546,Female,1,Manager,Married,60910,1,Y,15,8,0,5,6,5,1,4,2,3,3,1,3,7.799461382
41,Yes,Non-Travel,Research & Development,12,3,Life Sciences,1,3547,Male,2,Sales Representative,Divorced,195660,6,Y,16,8,0,5,2,1,0,0,1,1,1,4,3,7.183438069
30,No,Travel_Rarely,Sales,20,3,Marketing,1,3548,Male,3,Sales Executive,Divorced,48100,8,Y,18,8,0,8,3,4,0,3,3,1,3,2,3,7.510671011
40,No,Travel_Frequently,Sales,9,3,Medical,1,3549,Male,1,Manufacturing Director,Married,45230,5,Y,16,8,1,5,5,0,0,0,2,2,3,4,3,6.809596927
50,No,Travel_Frequently,Research & Development,25,4,Life Sciences,1,3550,Female,2,Healthcare Representative,Married,32020,2,Y,24,8,1,32,2,2,2,2,4,1,3,3,4,7.172575973
28,No,Travel_Rarely,Research & Development,6,3,Technical Degree,1,3551,Male,2,Research Scientist,Married,23510,1,Y,16,8,0,6,4,6,3,3,4,1,3,3,3,7.151254137
46,No,Travel_Rarely,Research & Development,8,4,Other,1,3552,Male,3,Manager,Married,17020,5,Y,21,8,0,25,2,4,0,3,4,2,3,3,4,7.307771991
35,No,Travel_Rarely,Sales,4,4,Marketing,1,3553,Male,1,Laboratory Technician,Married,180410,3,Y,20,8,1,15,3,7,1,7,3,1,3,2,4,8.487952381
24,Yes,Travel_Rarely,Human Resources,28,4,Human Resources,1,3554,Male,3,Manufacturing Director,Married,28860,1,Y,19,8,1,1,5,1,0,0,4,2,1,3,3,6.598539313
33,No,Travel_Frequently,Research & Development,9,2,Medical,1,3555,Female,1,Sales Executive,Married,20970,1,Y,14,8,2,10,5,10,0,1,2,3,2,2,3,6.018187714
36,No,Travel_Rarely,Research & Development,9,2,Medical,1,3556,Male,2,Sales Executive,Divorced,119350,1,Y,11,8,3,7,6,7,1,7,3,3,3,4,3,6.611998133
30,No,Travel_Rarely,Sales,29,3,Marketing,1,3557,Male,1,Sales Executive,Divorced,25460,1,Y,14,8,1,10,2,10,8,9,3,3,2,3,3,6.015647754
44,No,Travel_Rarely,Research & Development,3,4,Medical,1,3558,Male,2,Research Scientist,Single,25640,1,Y,12,8,3,20,3,20,13,17,4,4,3,1,3,7.606717687
20,No,Travel_Rarely,Research & Development,18,4,Medical,1,3559,Male,1,Human Resources,Single,84120,1,Y,13,8,0,2,2,2,2,2,3,4,3,2,3,6.301012858
46,No,Travel_Rarely,Sales,9,1,Medical,1,3560,Female,1,Sales Executive,Divorced,141180,2,Y,22,8,0,12,3,6,1,4,4,4,2,3,4,6.224990624
42,No,Non-Travel,Research & Development,5,4,Medical,1,3561,Male,5,Sales Executive,Married,170460,7,Y,11,8,0,10,3,4,0,3,4,1,4,2,3,7.486526639
60,No,Travel_Rarely,Sales,2,2,Life Sciences,1,3562,Male,2,Sales Executive,Divorced,25640,0,Y,14,8,1,12,3,11,1,9,2,4,3,3,3,8.60212585
32,No,Travel_Frequently,Sales,10,3,Life Sciences,1,3563,Female,1,Sales Executive,Married,102660,1,Y,11,8,0,2,3,2,2,2,3,2,3,3,3,7.289922268
32,No,Travel_Frequently,Research & Development,9,3,Life Sciences,1,3564,Female,2,Research Scientist,Single,50700,4,Y,12,8,1,10,6,8,0,7,4,3,3,3,3,8.408966862
36,No,Travel_Rarely,Sales,3,2,Marketing,1,3565,Male,4,Healthcare Representative,Divorced,178610,2,Y,18,8,0,17,2,7,7,7,3,1,3,2,3,7.989745467
33,No,Travel_Rarely,Sales,26,2,Marketing,1,3566,Male,1,Research Scientist,Married,42300,0,Y,12,8,0,15,0,14,4,10,1,4,3,3,3,6.125854045
40,No,Travel_Rarely,Research & Development,1,3,Medical,1,3567,Female,2,Research Scientist,Divorced,37800,7,Y,12,8,0,7,2,5,1,3,2,2,4,1,3,7.322335749
25,No,Travel_Rarely,Research & Development,6,2,Medical,1,3568,Female,1,Laboratory Technician,Single,27680,0,Y,22,8,1,5,0,4,1,1,3,4,3,3,4,8.01526749
30,No,Travel_Rarely,Sales,9,3,Marketing,1,3569,Female,1,Research Scientist,Married,90710,0,Y,19,8,1,12,2,11,5,7,4,2,3,2,3,9.186699764
42,No,Travel_Frequently,Human Resources,8,2,Medical,1,3570,Male,1,Sales Executive,Married,106480,3,Y,13,8,1,20,1,1,0,0,1,1,3,3,3,9.459649
35,No,Non-Travel,Research & Development,1,1,Life Sciences,1,3571,Male,2,Sales Executive,Married,136100,4,Y,22,8,2,16,4,13,4,12,3,4,2,2,4,9.81153527
27,No,Travel_Rarely,Research & Development,7,3,Life Sciences,1,3572,Male,3,Manufacturing Director,Married,34080,1,Y,24,8,0,9,2,9,6,8,1,1,2,3,4,9.161649011
54,No,Travel_Frequently,Research & Development,9,2,Medical,1,3573,Male,2,Sales Representative,Divorced,29830,7,Y,14,8,1,33,2,5,1,4,4,3,1,2,3,6.281152433
44,No,Travel_Rarely,Human Resources,4,4,Life Sciences,1,3574,Male,5,Laboratory Technician,Married,76320,1,Y,21,8,0,10,3,10,7,7,1,4,3,3,4,6.012280521
19,Yes,Non-Travel,Sales,2,2,Other,1,3575,Male,3,Healthcare Representative,Single,98240,1,Y,18,8,0,1,2,1,0,0,1,2,4,3,3,8.410409664
29,No,Travel_Rarely,Research & Development,19,4,Life Sciences,1,3576,Male,1,Manufacturing Director,Divorced,99500,1,Y,20,8,0,3,3,3,1,2,1,4,3,3,4,7.381258381
54,No,Travel_Rarely,Research & Development,9,4,Life Sciences,1,3577,Male,2,Sales Executive,Married,20930,3,Y,19,8,0,36,2,10,0,9,4,4,3,3,3,7.696354595
31,No,Travel_Rarely,Research & Development,21,3,Life Sciences,1,3578,Male,2,Laboratory Technician,Married,99800,1,Y,12,8,0,6,1,6,0,1,3,1,2,3,3,8.616800281
31,No,Travel_Rarely,Sales,24,1,Marketing,1,3579,Female,1,Sales Executive,Single,38940,1,Y,12,8,0,10,3,10,1,8,3,1,3,4,3,7.306390118
59,No,Travel_Rarely,Research & Development,3,4,Technical Degree,1,3580,Male,1,Research Scientist,Single,40510,5,Y,16,8,3,13,3,6,0,5,3,4,3,3,3,7.375862445
43,No,Travel_Rarely,Research & Development,11,2,Life Sciences,1,3581,Male,3,Laboratory Technician,Married,168350,3,Y,17,8,1,25,3,8,0,7,3,4,3,3,3,6.567780183
49,No,Travel_Rarely,Sales,14,4,Life Sciences,1,3582,Male,2,Research Scientist,Married,62300,2,Y,14,8,0,23,2,1,0,0,1,3,4,2,3,6.68364372
36,No,Travel_Frequently,Sales,5,2,Marketing,1,3583,Female,1,Laboratory Technician,Married,47170,1,Y,19,8,1,12,3,11,0,7,3,2,2,3,3,6.057707424
48,No,Travel_Rarely,Research & Development,1,4,Life Sciences,1,3584,Female,2,Laboratory Technician,Single,132370,5,Y,13,8,1,7,2,1,0,0,4,2,2,4,3,6.084178692
27,No,Travel_Rarely,Research & Development,6,4,Life Sciences,1,3585,Male,2,Laboratory Technician,Divorced,37550,1,Y,19,8,0,5,2,5,0,3,1,3,3,3,3,7.98751046
29,No,Travel_Rarely,Sales,17,4,Medical,1,3586,Male,1,Laboratory Technician,Divorced,65820,1,Y,19,8,1,6,3,6,1,0,3,4,3,3,3,8.767204416
48,No,Travel_Rarely,Sales,1,1,Marketing,1,3587,Male,2,Manufacturing Director,Single,74060,6,Y,14,8,2,25,2,1,0,0,4,4,4,3,3,6.171156836
29,No,Travel_Rarely,Research & Development,3,3,Technical Degree,1,3588,Female,2,Healthcare Representative,Divorced,48050,3,Y,16,8,1,9,2,7,1,7,4,4,2,3,3,6.871036727
34,No,Travel_Rarely,Sales,9,4,Medical,1,3589,Female,2,Laboratory Technician,Married,27410,0,Y,15,8,1,2,3,1,0,0,3,3,2,3,3,6.001669011
44,No,Travel_Rarely,Research & Development,4,3,Life Sciences,1,3590,Female,1,Laboratory Technician,Married,42620,7,Y,18,8,0,26,2,22,3,10,2,2,3,3,3,7.018062865
33,No,Travel_Rarely,Research & Development,8,2,Life Sciences,1,3591,Female,2,Research Scientist,Divorced,161840,0,Y,13,8,1,10,2,9,0,8,4,3,3,4,3,10.97469582
19,No,Travel_Rarely,Sales,2,4,Marketing,1,3592,Male,3,Laboratory Technician,Single,115570,1,Y,22,8,0,1,0,1,0,1,2,4,3,3,4,10.77218619
23,No,Travel_Rarely,Sales,2,3,Medical,1,3593,Male,3,Laboratory Technician,Married,18780,1,Y,13,8,1,1,2,1,0,1,4,3,3,3,3,7.480851775
25,Yes,Travel_Frequently,Research & Development,1,1,Life Sciences,1,3594,Male,1,Manufacturing Director,Single,109320,1,Y,11,8,1,1,3,1,1,0,3,4,3,3,3,9.216998866
26,No,Travel_Rarely,Human Resources,9,3,Life Sciences,1,3595,Male,2,Research Scientist,Single,68110,1,Y,11,8,1,8,4,8,2,2,3,4,2,3,3,8.701572505
45,Yes,Travel_Rarely,Human Resources,12,3,Human Resources,1,3596,Male,2,Laboratory Technician,Single,43060,2,Y,11,8,2,26,3,24,1,11,1,2,3,3,3,9.921010536
55,No,Non-Travel,Research & Development,27,3,Life Sciences,1,3597,Female,2,Manager,Divorced,48590,1,Y,24,8,1,34,3,33,15,0,4,2,3,4,4,9.585816855
21,Yes,Travel_Frequently,Research & Development,20,2,Medical,1,3598,Female,4,Research Scientist,Single,53370,1,Y,14,8,1,2,2,2,2,2,1,3,1,3,3,7.574681713
46,No,Travel_Rarely,Research & Development,1,4,Life Sciences,1,3599,Male,1,Manufacturing Director,Married,23400,2,Y,13,8,1,26,2,11,0,8,4,2,3,1,3,6.890804473
34,No,Travel_Rarely,Sales,13,4,Medical,1,3600,Male,3,Sales Representative,Single,74910,0,Y,14,8,1,4,3,3,0,2,3,1,3,2,3,8.903581267
51,No,Travel_Frequently,Research & Development,14,3,Life Sciences,1,3601,Male,2,Research Director,Divorced,105270,4,Y,14,8,0,31,3,29,11,10,4,2,2,3,3,11.01674906
59,No,Travel_Rarely,Research & Development,4,2,Life Sciences,1,3602,Male,2,Research Scientist,Single,165950,6,Y,21,8,1,25,2,9,5,4,4,4,2,3,4,6.611488842
34,No,Travel_Frequently,Sales,14,4,Medical,1,3603,Female,3,Research Scientist,Divorced,88340,4,Y,13,8,1,15,1,11,5,10,3,2,4,3,3,6.784612049
28,No,Travel_Frequently,Research & Development,2,3,Other,1,3604,Female,1,Manager,Single,55770,0,Y,19,8,0,5,3,4,0,2,4,3,2,3,3,10.41130663
44,No,Travel_Rarely,Research & Development,3,4,Life Sciences,1,3605,Male,2,Research Scientist,Divorced,47070,1,Y,17,8,0,26,4,25,14,13,3,1,2,1,3,7.800247973
34,No,Travel_Frequently,Sales,1,3,Life Sciences,1,3606,Male,2,Sales Executive,Married,24000,4,Y,18,8,1,14,3,10,1,8,3,2,4,3,3,7.502873016
35,No,Travel_Rarely,Research & Development,9,3,Life Sciences,1,3607,Male,4,Healthcare Representative,Married,98240,0,Y,19,8,0,4,2,3,2,2,3,3,3,3,3,10.48629948
42,No,Travel_Rarely,Research & Development,23,4,Life Sciences,1,3608,Female,1,Manager,Married,64470,6,Y,13,8,0,18,3,1,0,0,2,2,3,3,3,9.393627946
43,No,Travel_Rarely,Research & Development,7,2,Medical,1,3609,Female,1,Laboratory Technician,Single,195020,3,Y,18,8,2,23,3,21,15,17,4,4,4,4,3,6.400272968
36,No,Travel_Rarely,Research & Development,2,4,Medical,1,3610,Male,1,Healthcare Representative,Single,27250,9,Y,21,8,1,18,4,16,5,12,3,2,3,2,4,10.60671158
44,Yes,Travel_Rarely,Research & Development,21,4,Life Sciences,1,3611,Female,2,Laboratory Technician,Married,62720,1,Y,19,8,1,10,3,10,0,5,1,4,3,3,3,6.000892688
28,No,Travel_Frequently,Research & Development,2,3,Life Sciences,1,3612,Female,2,Sales Representative,Married,21270,1,Y,14,8,0,2,3,2,2,2,4,4,3,3,3,9.693598218
51,No,Travel_Frequently,Sales,21,4,Medical,1,3613,Male,2,Research Scientist,Single,182000,0,Y,17,8,0,8,3,7,7,7,2,3,2,3,3,6.988612329
30,No,Non-Travel,Research & Development,2,4,Other,1,3614,Male,1,Research Scientist,Single,20960,7,Y,11,8,3,10,2,8,1,7,3,3,3,3,3,9.523287037
29,Yes,Travel_Rarely,Research & Development,29,4,Technical Degree,1,3615,Female,1,Sales Representative,Divorced,28860,3,Y,13,8,0,10,4,7,7,7,2,3,3,3,3,8.415431074
28,No,Travel_Rarely,Sales,1,4,Life Sciences,1,3616,Female,2,Sales Representative,Single,20330,2,Y,15,8,1,5,5,3,1,2,4,1,2,3,3,6.853197375
25,No,Travel_Rarely,Research & Development,18,2,Life Sciences,1,3617,Male,1,Research Scientist,Single,36220,1,Y,25,8,0,2,0,2,2,1,4,2,2,3,4,8.023297
32,No,Travel_Rarely,Research & Development,10,4,Other,1,3618,Female,1,Sales Executive,Married,42330,1,Y,11,8,0,10,5,10,0,8,3,4,4,3,3,6.810012237
45,No,Travel_Frequently,Research & Development,19,3,Medical,1,3619,Male,3,Laboratory Technician,Single,36810,3,Y,17,8,1,22,2,0,0,0,2,2,3,3,3,6.005568503
39,No,Travel_Rarely,Sales,29,1,Marketing,1,3620,Female,1,Laboratory Technician,Divorced,54600,6,Y,13,8,2,21,3,19,15,2,3,2,3,3,3,8.409169082
58,No,Travel_Rarely,Research & Development,27,3,Other,1,3621,Male,2,Laboratory Technician,Divorced,21870,1,Y,18,8,1,2,1,2,2,2,1,3,3,1,3,5.996511258
32,Yes,Travel_Rarely,Research & Development,5,3,Technical Degree,1,3622,Female,1,Sales Executive,Married,96020,1,Y,13,8,1,10,3,10,1,1,4,3,3,3,3,6.469036643
39,Yes,Travel_Rarely,Research & Development,18,2,Life Sciences,1,3623,Male,2,Laboratory Technician,Single,28360,0,Y,20,8,0,6,3,5,0,3,3,1,3,2,4,7.708774105
30,No,Travel_Rarely,Sales,9,1,Marketing,1,3624,Male,4,Research Director,Married,40890,0,Y,18,8,0,10,2,9,6,7,1,4,3,4,3,6.203796695
36,No,Travel_Rarely,Sales,1,3,Marketing,1,3625,Male,2,Sales Executive,Married,166270,3,Y,12,8,0,10,5,7,1,7,4,3,3,2,3,6.693960114
46,No,Travel_Rarely,Sales,4,3,Medical,1,3626,Male,1,Research Scientist,Single,26190,6,Y,12,8,1,10,3,7,5,7,4,1,4,2,3,7.701045752
28,No,Non-Travel,Research & Development,1,3,Medical,1,3627,Male,5,Sales Executive,Married,56790,0,Y,13,8,0,10,2,9,7,5,3,4,3,2,3,8.003764651
50,No,Travel_Rarely,Research & Development,20,2,Medical,1,3628,Female,5,Laboratory Technician,Married,154020,4,Y,21,8,0,25,3,3,1,2,4,1,3,2,4,10.38925439
40,Yes,Travel_Rarely,Sales,8,1,Other,1,3629,Male,1,Laboratory Technician,Single,59850,2,Y,13,8,3,9,1,5,1,0,4,2,3,2,3,9.792050548
52,Yes,Travel_Rarely,Research & Development,3,2,Technical Degree,1,3630,Male,3,Laboratory Technician,Single,25790,9,Y,19,8,1,10,1,8,7,7,2,2,2,3,3,10.04585002
30,No,Travel_Rarely,Research & Development,6,4,Medical,1,3631,Female,1,Sales Executive,Married,30410,1,Y,11,8,1,9,2,9,0,8,2,1,3,2,3,10.36641253
39,No,Travel_Rarely,Research & Development,26,1,Medical,1,3632,Male,2,Healthcare Representative,Single,34470,0,Y,14,8,0,9,5,8,1,7,1,3,3,3,3,5.983080138
31,No,Non-Travel,Research & Development,1,2,Medical,1,3633,Male,1,Sales Executive,Divorced,195130,1,Y,12,8,1,10,1,10,9,6,4,3,2,2,3,10.11451178
41,No,Non-Travel,Sales,6,3,Life Sciences,1,3634,Female,1,Research Director,Single,27730,1,Y,11,8,0,19,3,19,11,9,3,2,3,3,3,7.796223356
31,Yes,Travel_Frequently,Research & Development,3,1,Life Sciences,1,3635,Male,1,Sales Executive,Single,71040,1,Y,14,8,1,3,3,3,2,2,4,2,4,3,3,9.076394928
44,Yes,Travel_Rarely,Sales,5,3,Life Sciences,1,3636,Male,1,Laboratory Technician,Married,63220,4,Y,11,8,1,10,2,3,1,2,1,1,4,3,3,6.025931513
42,No,Non-Travel,Research & Development,4,3,Life Sciences,1,3637,Male,2,Laboratory Technician,Married,20830,0,Y,12,8,2,21,3,20,2,10,3,3,2,2,3,9.69656383
55,No,Travel_Rarely,Sales,11,3,Technical Degree,1,3638,Male,2,Manufacturing Director,Married,83810,4,Y,15,8,1,23,3,19,9,11,4,3,3,3,3,6.592413632
56,No,Travel_Rarely,Sales,3,2,Medical,1,3639,Female,3,Manufacturing Director,Single,26910,6,Y,16,8,1,36,6,7,7,7,4,2,3,3,3,7.954343765
40,No,Non-Travel,Research & Development,1,1,Life Sciences,1,3640,Male,1,Laboratory Technician,Divorced,42860,9,Y,15,8,0,6,6,4,0,0,3,3,3,3,3,7.242989029
34,No,Travel_Rarely,Research & Development,3,2,Technical Degree,1,3641,Male,2,Research Director,Divorced,26590,0,Y,24,8,3,10,2,9,1,6,4,4,2,3,4,7.407423372
40,No,Travel_Rarely,Sales,4,3,Medical,1,3642,Male,2,Sales Executive,Single,94340,1,Y,13,8,1,9,3,9,8,8,3,4,3,2,3,6.011237374
41,No,Travel_Frequently,Sales,1,4,Other,1,3643,Female,2,Healthcare Representative,Divorced,55610,0,Y,11,8,0,10,2,9,1,7,3,1,3,2,3,7.692890733
35,No,Travel_Frequently,Sales,1,2,Technical Degree,1,3644,Male,2,Manager,Single,66460,1,Y,13,8,1,9,2,9,1,1,3,3,3,2,3,9.536715221
51,No,Travel_Rarely,Sales,18,2,Life Sciences,1,3645,Male,4,Manufacturing Director,Divorced,77250,1,Y,13,8,1,33,2,33,0,10,3,2,3,3,3,9.520574752
38,No,Travel_Rarely,Sales,2,4,Life Sciences,1,3646,Female,1,Research Scientist,Divorced,107250,3,Y,18,8,0,11,5,7,1,7,2,1,3,2,3,6.602037796
34,No,Travel_Rarely,Sales,4,3,Life Sciences,1,3647,Male,2,Research Scientist,Single,88470,1,Y,16,8,0,10,3,10,9,6,3,1,4,4,3,7.220665205
25,No,Travel_Rarely,Research & Development,6,2,Medical,1,3648,Female,4,Research Scientist,Married,20450,3,Y,19,8,0,7,3,3,1,2,4,4,2,3,3,6.359668496
58,Yes,Travel_Rarely,Sales,1,4,Technical Degree,1,3649,Male,2,Sales Executive,Married,10090,7,Y,13,8,2,31,3,10,5,9,3,1,2,4,3,8.514280142
40,No,Travel_Rarely,Research & Development,14,4,Medical,1,3650,Female,1,Research Scientist,Married,33480,3,Y,22,8,0,7,2,4,0,3,2,2,3,1,4,6.070584371
36,No,Travel_Frequently,Sales,16,2,Life Sciences,1,3651,Male,1,Research Scientist,Married,12810,2,Y,11,8,0,17,2,15,6,13,1,1,2,3,3,6.125462555
48,No,Travel_Rarely,Research & Development,2,1,Life Sciences,1,3652,Male,2,Research Scientist,Single,28190,1,Y,20,8,0,11,2,10,0,8,4,4,3,2,4,7.616253006
27,No,Travel_Rarely,Research & Development,2,3,Life Sciences,1,3653,Female,2,Laboratory Technician,Married,48510,8,Y,18,8,0,5,2,1,0,0,3,4,3,3,3,7.089723409
51,No,Travel_Rarely,Research & Development,4,1,Medical,1,3654,Female,3,Manufacturing Director,Single,40280,3,Y,14,8,0,29,3,5,0,3,4,2,2,3,3,7.492518596
18,No,Non-Travel,Research & Development,1,4,Medical,1,3655,Male,2,Sales Executive,Single,27200,1,Y,22,8,1,0,2,0,0,0,4,4,,3,4,7.8863123
35,No,Travel_Rarely,Research & Development,1,4,Other,1,3656,Female,2,Research Director,Married,81200,0,Y,13,8,0,10,2,9,0,0,4,4,3,2,3,7.244599909
27,No,Travel_Frequently,Research & Development,26,4,Medical,1,3657,Female,1,Research Director,Single,46470,3,Y,17,8,0,8,3,6,0,0,4,4,3,4,3,7.425011623
55,Yes,Travel_Rarely,Research & Development,19,3,Technical Degree,1,3658,Male,1,Human Resources,Single,46800,6,Y,14,8,3,24,0,19,3,8,1,3,2,4,3,8.667409344
56,No,Travel_Rarely,Research & Development,24,4,Life Sciences,1,3659,Male,2,Laboratory Technician,Married,32210,4,Y,15,8,2,33,2,19,15,9,4,2,3,3,3,10.39062739
34,No,Non-Travel,Sales,1,2,Life Sciences,1,3660,Male,2,Research Scientist,Divorced,86210,1,Y,17,8,1,5,1,5,0,0,1,3,3,3,3,6.378502155
40,No,Travel_Rarely,Research & Development,3,3,Life Sciences,1,3661,Male,2,Sales Executive,Divorced,45770,5,Y,11,8,1,15,3,12,11,8,2,3,3,2,3,6.527122079
34,No,Travel_Rarely,Research & Development,5,3,Life Sciences,1,3662,Male,1,Research Scientist,Married,45530,4,Y,18,8,1,10,2,8,7,7,2,3,3,4,3,7.17660831
31,Yes,Travel_Frequently,Research & Development,2,2,Medical,1,3663,Female,2,Manufacturing Director,Single,53960,7,Y,17,8,1,3,2,1,0,0,3,4,4,1,3,7.710824188
35,Yes,Travel_Frequently,Research & Development,1,2,Medical,1,3664,Male,1,Manufacturing Director,Married,67960,0,Y,13,8,0,5,2,4,3,2,4,3,2,3,3,9.076310836
38,No,Travel_Frequently,Research & Development,7,3,Medical,1,3665,Female,2,Sales Representative,Divorced,76250,1,Y,15,8,0,4,2,4,0,3,4,3,3,2,3,6.445643887
34,No,Travel_Rarely,Research & Development,10,4,Other,1,3666,Female,2,Laboratory Technician,Single,74120,1,Y,24,8,0,14,4,14,4,11,3,4,4,3,4,7.89764239
28,No,Travel_Rarely,Research & Development,2,3,Life Sciences,1,3667,Female,2,Healthcare Representative,Married,111590,1,Y,12,8,0,5,2,5,0,4,3,1,3,3,3,6.683855703
31,Yes,Travel_Rarely,Research & Development,15,2,Life Sciences,1,3668,Male,2,Sales Executive,Married,49600,1,Y,15,8,0,10,3,10,6,7,4,3,2,2,3,10.90369512
39,No,Travel_Rarely,Research & Development,17,4,Technical Degree,1,3669,Female,2,Healthcare Representative,Married,104750,3,Y,11,8,1,8,3,5,1,4,1,4,4,3,3,10.28762756
51,No,Travel_Frequently,Research & Development,20,3,Medical,1,3670,Male,2,Sales Executive,Married,148140,2,Y,11,8,1,14,2,4,3,2,2,2,3,2,3,7.073883994
41,No,Travel_Frequently,Research & Development,1,3,Life Sciences,1,3671,Male,4,Sales Executive,Divorced,191410,3,Y,12,8,1,12,2,6,3,3,4,4,2,3,3,10.68912298
37,No,Travel_Rarely,Research & Development,2,2,Medical,1,3672,Female,1,Healthcare Representative,Married,54050,7,Y,15,8,0,8,3,6,1,3,3,3,3,4,3,10.39913439
33,No,Travel_Frequently,Research & Development,2,3,Medical,1,3673,Female,1,Sales Executive,Married,87930,6,Y,17,8,0,8,2,5,1,2,2,4,4,3,3,7.783477681
32,No,Travel_Rarely,Research & Development,1,4,Medical,1,3674,Male,5,Research Director,Married,191890,0,Y,12,8,1,4,3,3,1,2,3,2,2,3,3,10.38333896
39,No,Non-Travel,Research & Development,29,2,Life Sciences,1,3675,Male,2,Sales Executive,Married,38750,3,Y,15,8,0,13,3,6,0,5,3,3,3,3,3,6.585826055
25,No,Travel_Rarely,Research & Development,7,4,Life Sciences,1,3676,Male,1,Sales Executive,Married,22160,2,Y,13,8,3,6,2,3,1,2,1,3,2,2,3,7.1940625
52,No,Travel_Frequently,Research & Development,2,1,Life Sciences,1,3677,Male,2,Sales Executive,Married,117130,2,Y,14,8,0,24,2,5,0,2,4,3,2,3,3,9.143808669
43,No,Travel_Rarely,Research & Development,2,2,Medical,1,3678,Male,1,Laboratory Technician,Single,78610,1,Y,14,8,2,20,1,20,1,8,1,3,1,3,3,9.664248502
27,No,Travel_Rarely,Research & Development,2,4,Life Sciences,1,3679,Male,1,Human Resources,Married,37080,1,Y,16,8,2,6,2,6,4,4,4,4,3,3,3,10.29961662
27,Yes,Travel_Rarely,Research & Development,2,5,Life Sciences,1,3680,Female,1,Research Scientist,Single,137700,1,Y,18,8,1,8,3,8,7,7,4,3,3,4,3,10.0118503
26,No,Travel_Rarely,Research & Development,2,2,Other,1,3681,Male,3,Laboratory Technician,Single,53040,0,Y,20,8,1,5,2,4,1,1,1,4,3,3,4,6.279298611
42,No,Travel_Rarely,Sales,23,3,Marketing,1,3682,Female,3,Research Scientist,Married,26420,0,Y,13,8,1,21,3,20,0,9,,1,3,3,3,6.145157164
52,No,Travel_Rarely,Research & Development,5,2,Life Sciences,1,3683,Female,1,Healthcare Representative,Married,27590,9,Y,18,8,1,12,6,5,0,4,3,1,1,3,3,6.480047101
37,No,Travel_Rarely,Research & Development,20,5,Life Sciences,1,3684,Male,2,Manager,Single,68040,4,Y,13,8,1,8,1,3,0,2,1,3,3,3,3,7.524732906
35,No,Travel_Frequently,Research & Development,6,4,Medical,1,3685,Female,2,Research Director,Single,61420,2,Y,15,8,1,10,2,2,2,2,3,4,3,3,3,7.715177305
25,No,Travel_Rarely,Research & Development,1,4,Medical,1,3686,Male,2,Sales Executive,Married,25000,4,Y,14,8,2,7,2,3,0,2,1,4,2,1,3,8.005376231
26,No,Travel_Rarely,Research & Development,29,4,Life Sciences,1,3687,Male,1,Research Scientist,Single,63890,0,Y,22,8,0,8,2,7,0,7,3,1,3,2,4,6.806834734
29,No,Travel_Rarely,Sales,9,3,Life Sciences,1,3688,Male,1,Laboratory Technician,Single,111030,1,Y,12,8,0,10,5,10,0,9,2,1,2,2,3,6.217048023
49,Yes,Travel_Frequently,Sales,6,5,Medical,1,3689,Female,2,Healthcare Representative,Single,23420,3,Y,18,8,0,20,2,4,1,3,1,1,3,3,3,7.146965247
29,Yes,Travel_Frequently,Sales,3,2,Marketing,1,3690,Female,2,Laboratory Technician,Single,68110,0,Y,15,8,1,9,2,8,7,7,3,4,3,3,3,8.606722689
54,No,Travel_Rarely,Sales,1,3,Medical,1,3691,Female,2,Manager,Single,22970,6,Y,18,8,2,29,2,20,12,7,4,4,2,2,3,6.210766807
58,No,Travel_Rarely,Sales,22,3,Life Sciences,1,3692,Female,2,Laboratory Technician,Married,24500,3,Y,12,8,1,32,2,9,1,5,4,1,3,3,3,10.57318841
55,No,Travel_Rarely,Research & Development,7,3,Life Sciences,1,3693,Female,3,Research Scientist,Divorced,50930,2,Y,16,8,1,31,3,7,0,0,2,4,4,3,3,7.500814501
36,No,Travel_Rarely,Research & Development,1,3,Medical,1,3694,Male,2,Sales Executive,Single,53090,3,Y,13,8,0,15,5,5,0,1,1,2,3,3,3,9.384681026
31,Yes,Travel_Frequently,Sales,4,3,Life Sciences,1,3695,Male,2,Manager,Single,30570,1,Y,19,8,0,1,3,1,0,0,2,3,3,3,3,7.26832265
30,No,Travel_Rarely,Sales,3,3,Life Sciences,1,3696,Male,3,Sales Executive,Divorced,51210,7,Y,13,8,0,8,4,3,0,2,4,1,3,3,3,7.47486054
31,No,Travel_Rarely,Research & Development,1,3,Medical,1,3697,Male,1,Laboratory Technician,Single,168560,3,Y,12,8,1,9,3,3,1,0,1,2,4,3,3,7.293228261
34,No,Travel_Frequently,Sales,2,1,Marketing,1,3698,Female,5,Manager,Divorced,26860,5,Y,11,8,0,10,3,4,1,3,4,1,3,4,3,7.606465478
31,Yes,Travel_Rarely,Sales,20,3,Technical Degree,1,3699,Male,1,Research Scientist,Single,61800,1,Y,14,8,1,1,2,1,0,0,1,2,4,1,3,8.012261229
27,No,Travel_Rarely,Human Resources,11,4,Medical,1,3700,Male,4,Sales Executive,Married,66320,0,Y,16,8,0,6,3,5,1,4,2,1,4,3,3,7.164859963
36,No,Travel_Rarely,Sales,1,3,Marketing,1,3701,Male,2,Research Scientist,Single,35050,1,Y,12,8,2,10,2,10,1,8,1,4,2,2,3,6.290197886
36,No,Travel_Rarely,Research & Development,24,3,Other,1,3702,Female,3,Research Director,Married,63970,4,Y,14,8,1,11,3,3,0,2,3,1,2,3,3,7.269016393
47,No,Travel_Rarely,Research & Development,23,4,Life Sciences,1,3703,Female,2,Sales Executive,Married,62740,7,Y,14,8,2,17,0,6,1,2,1,4,2,3,3,7.817304189
25,Yes,Travel_Rarely,Sales,16,4,Life Sciences,1,3704,Male,2,Research Scientist,Married,198590,3,Y,19,8,0,6,3,3,2,2,1,1,3,2,3,7.215596927
37,No,Non-Travel,Sales,8,4,Medical,1,3705,Male,1,Healthcare Representative,Single,75870,0,Y,22,8,1,7,5,6,1,3,3,3,1,3,4,7.582773029
56,No,Travel_Rarely,Research & Development,10,4,Other,1,3706,Male,2,Sales Representative,Married,42580,2,Y,16,8,0,5,2,3,1,0,1,1,4,3,3,6.627811159
47,No,Travel_Rarely,Research & Development,3,2,Medical,1,3707,Male,2,Laboratory Technician,Married,43640,3,Y,11,8,1,26,3,20,5,6,1,3,4,3,3,6.330012838
24,No,Travel_Rarely,Research & Development,5,1,Other,1,3708,Male,1,Manufacturing Director,Married,43350,1,Y,15,8,1,5,5,5,0,3,4,3,3,3,3,9.708145049
32,No,Travel_Rarely,Sales,4,3,Marketing,1,3709,Male,1,Research Scientist,Married,53260,4,Y,14,8,1,7,2,4,0,3,4,4,2,3,3,7.520001224
34,No,Travel_Rarely,Research & Development,9,2,Medical,1,3710,Male,1,Sales Executive,Married,32800,5,Y,13,8,0,7,3,5,0,2,4,2,2,3,3,6.111951691
41,No,Travel_Rarely,Research & Development,26,3,Medical,1,3711,Female,3,Sales Executive,Married,54850,2,Y,17,8,2,7,2,4,0,3,2,3,2,3,3,10.5088156
40,No,Non-Travel,Sales,3,2,Life Sciences,1,3712,Male,1,Sales Executive,Divorced,43420,3,Y,11,8,1,11,6,8,0,7,3,3,4,2,3,6.403198479
31,No,Travel_Rarely,Research & Development,16,3,Medical,1,3713,Male,2,Human Resources,Divorced,27820,1,Y,19,8,1,13,5,13,9,9,1,4,3,3,3,6.688143777
46,Yes,Travel_Rarely,Research & Development,18,1,Medical,1,3714,Male,1,Manufacturing Director,Divorced,59800,4,Y,11,8,1,28,2,7,4,3,1,4,4,3,3,6.692377451
39,Yes,Non-Travel,Research & Development,2,4,Medical,1,3715,Male,2,Manufacturing Director,Single,43810,2,Y,15,8,2,11,1,1,0,0,1,1,4,2,3,9.369612269
31,Yes,Travel_Frequently,Sales,2,3,Medical,1,3716,Male,2,Sales Executive,Single,25720,1,Y,13,8,3,10,3,10,4,7,3,2,3,3,3,6.805786026
45,No,Travel_Rarely,Sales,10,2,Marketing,1,3717,Male,1,Sales Executive,Divorced,38330,2,Y,14,8,0,24,1,7,0,7,2,1,3,3,3,10.47068367
31,No,Travel_Rarely,Research & Development,16,4,Life Sciences,1,3718,Male,3,Human Resources,Single,42440,9,Y,13,8,0,8,3,3,0,2,4,2,3,3,3,6.683353514
31,Yes,Travel_Frequently,Research & Development,7,4,Life Sciences,1,3719,Male,1,Laboratory Technician,Married,65000,6,Y,23,8,1,7,5,2,2,2,2,4,1,3,4,10.27897996
45,No,Travel_Rarely,Research & Development,1,2,Life Sciences,1,3720,Female,1,Research Scientist,Married,184300,4,Y,12,8,1,10,5,3,1,2,2,4,4,3,3,10.60976377
48,No,Travel_Rarely,Research & Development,24,3,Technical Degree,1,3721,Male,2,Research Scientist,Divorced,16010,4,Y,12,8,0,15,3,2,2,2,3,1,3,3,3,7.076479964
34,Yes,Travel_Rarely,Research & Development,7,4,Medical,1,3722,Male,2,Research Scientist,Married,26940,1,Y,16,8,1,2,3,2,2,2,1,3,3,3,3,7.413740893
40,No,Non-Travel,Research & Development,25,4,Other,1,3723,Female,1,Sales Executive,Divorced,31490,2,Y,15,8,1,16,1,9,4,8,4,2,3,2,3,8.01262901
28,No,Travel_Rarely,Research & Development,1,2,Technical Degree,1,3724,Female,1,Research Scientist,Single,176390,0,Y,13,8,1,6,0,5,1,3,4,1,3,3,3,6.501115963
44,No,Non-Travel,Research & Development,5,3,Life Sciences,1,3725,Male,1,Laboratory Technician,Single,23190,3,Y,18,8,0,7,4,5,0,3,3,3,3,2,3,6.599003196
53,No,Travel_Rarely,Research & Development,2,4,Technical Degree,1,3726,Male,2,Manager,Single,116910,4,Y,20,8,0,35,2,9,8,8,4,2,2,3,4,6.87007215
49,No,Travel_Rarely,Research & Development,7,3,Life Sciences,1,3727,Male,3,Laboratory Technician,Married,53240,2,Y,19,8,0,20,2,3,1,2,1,3,2,1,3,6.816737329
40,No,Travel_Rarely,Research & Development,2,4,Life Sciences,1,3728,Male,3,Laboratory Technician,Divorced,167520,2,Y,18,8,1,8,3,3,1,2,3,3,4,3,3,6.472052274
44,No,Travel_Rarely,Research & Development,5,1,Other,1,3729,Male,3,Research Scientist,Single,52280,1,Y,13,8,0,6,2,5,1,3,4,2,2,4,3,6.88866499
33,No,Travel_Frequently,Human Resources,10,3,Medical,1,3730,Female,2,Sales Executive,Married,27000,0,Y,14,8,3,5,2,4,0,3,4,1,3,3,3,7.328463694
34,No,Travel_Rarely,Research & Development,10,4,Life Sciences,1,3731,Female,1,Sales Representative,Single,192460,3,Y,15,8,1,15,5,13,3,12,4,1,3,3,3,6.878664021
30,No,Travel_Rarely,Sales,1,2,Technical Degree,1,3732,Male,1,Laboratory Technician,Married,25060,8,Y,22,8,0,4,3,2,2,2,4,3,2,3,4,6.120525097
42,No,Travel_Frequently,Research & Development,8,4,Medical,1,3733,Female,1,Sales Executive,Single,60620,1,Y,22,8,2,12,2,12,5,8,1,4,3,3,4,7.282114133
44,No,Travel_Frequently,Research & Development,5,3,Life Sciences,1,3734,Female,5,Manufacturing Director,Married,43820,7,Y,16,8,2,11,2,1,0,0,1,3,2,3,3,7.581329023
30,No,Non-Travel,Research & Development,8,3,Life Sciences,1,3735,Male,1,Manufacturing Director,Divorced,21430,1,Y,17,8,1,1,2,1,0,0,3,3,2,3,3,6.110862069
57,No,Travel_Rarely,Sales,2,1,Life Sciences,1,3736,Male,3,Research Scientist,Married,61620,0,Y,14,8,0,13,5,12,2,8,2,3,2,2,3,7.5545
49,No,Travel_Rarely,Research & Development,7,3,Technical Degree,1,3737,Female,2,Sales Executive,Divorced,50940,3,Y,15,8,0,29,5,8,0,7,3,2,3,3,3,6.896046375
34,No,Travel_Frequently,Research & Development,2,4,Medical,1,3738,Female,2,Sales Representative,Divorced,68770,7,Y,20,8,0,16,3,14,6,9,2,1,2,3,4,6.355290069
28,Yes,Travel_Frequently,Research & Development,2,3,Medical,1,3739,Male,1,Research Scientist,Married,22740,3,Y,20,8,1,5,5,3,1,2,1,3,4,3,4,6.476399619
29,Yes,Travel_Frequently,Research & Development,28,3,Medical,1,3740,Female,5,Research Scientist,Single,44340,5,Y,17,8,3,7,1,5,0,0,1,2,1,3,3,7.797684042
34,Yes,Travel_Rarely,Research & Development,7,1,Medical,1,3741,Male,1,Research Scientist,Single,62880,0,Y,15,8,1,16,2,15,10,10,1,2,4,3,3,8.517214154
35,No,Travel_Rarely,Sales,7,4,Other,1,3742,Female,4,Healthcare Representative,Married,25530,1,Y,14,8,1,1,4,1,0,0,4,3,3,2,3,6.575756428
24,Yes,Travel_Frequently,Sales,3,3,Life Sciences,1,3743,Male,2,Research Scientist,Single,76540,2,Y,17,8,1,4,3,0,0,0,2,1,2,2,3,8.486028591
24,No,Non-Travel,Research & Development,10,3,Life Sciences,1,3744,Female,2,Manager,Married,51600,1,Y,17,8,1,1,3,1,0,0,4,2,3,1,3,7.415129706
44,No,Travel_Frequently,Research & Development,5,2,Medical,1,3745,Female,2,Research Scientist,Single,171590,5,Y,22,8,1,16,1,2,2,2,2,3,2,2,4,10.30621049
29,No,Travel_Rarely,Sales,10,2,Life Sciences,1,3746,Female,1,Sales Executive,Divorced,128080,1,Y,13,8,0,10,6,10,0,4,3,3,3,3,3,6.997050095
30,No,Travel_Rarely,Research & Development,1,2,Life Sciences,1,3747,Male,3,Sales Executive,Divorced,102210,0,Y,19,8,1,6,2,5,1,3,3,3,4,3,3,6.137296867
55,No,Travel_Rarely,Sales,20,3,Marketing,1,3748,Male,2,Research Scientist,Married,47790,0,Y,14,8,1,4,6,3,1,2,4,3,3,3,3,10.66737759
33,No,Travel_Rarely,Research & Development,7,2,Life Sciences,1,3749,Male,2,Research Scientist,Married,37370,8,Y,22,8,2,8,2,5,0,2,1,2,3,3,4,7.871218407
47,No,Travel_Rarely,Research & Development,8,4,Medical,1,3750,Female,2,Sales Representative,Married,23660,3,Y,17,8,0,11,5,5,1,2,3,3,2,2,3,10.86561367
28,Yes,Travel_Frequently,Sales,1,3,Marketing,1,3751,Male,2,Laboratory Technician,Single,17060,7,Y,12,8,0,8,3,0,0,0,3,1,2,3,3,7.600692625
28,No,Travel_Rarely,Sales,8,4,Marketing,1,3752,Male,1,Laboratory Technician,Divorced,163070,1,Y,16,8,0,1,3,1,0,0,1,3,1,2,3,6.122678311
28,No,Travel_Frequently,Research & Development,9,3,Life Sciences,1,3753,Female,2,Sales Executive,Single,59330,0,Y,11,8,0,5,3,4,1,3,3,1,3,3,3,7.012275949
49,No,Travel_Rarely,Research & Development,5,4,Life Sciences,1,3754,Female,1,Research Scientist,Married,34240,4,Y,11,8,0,10,3,3,1,2,3,1,3,3,3,6.390999755
29,No,Travel_Frequently,Research & Development,8,1,Medical,1,3755,Male,1,Research Scientist,Married,40370,0,Y,14,8,0,4,2,3,0,2,4,2,3,1,3,7.127618534
28,No,Travel_Rarely,Research & Development,5,1,Technical Degree,1,3756,Male,2,Laboratory Technician,Married,25590,1,Y,11,8,0,8,3,8,1,7,3,2,2,2,3,5.980724163
33,No,Travel_Rarely,Research & Development,15,4,Life Sciences,1,3757,Female,1,Sales Executive,Single,62010,2,Y,15,8,3,14,2,0,0,0,4,3,3,2,3,8.461341237
32,No,Travel_Rarely,Research & Development,7,3,Life Sciences,1,3758,Female,3,Laboratory Technician,Single,44030,2,Y,20,8,0,10,3,5,0,0,3,4,4,2,4,7.386145374
54,No,Travel_Frequently,Sales,10,3,Life Sciences,1,3759,Female,4,Research Scientist,Divorced,37610,3,Y,12,8,0,26,3,14,1,12,2,4,3,2,3,6.993237311
29,Yes,Travel_Rarely,Research & Development,5,3,Life Sciences,1,3760,Female,2,Research Scientist,Single,109340,6,Y,17,8,2,11,2,9,0,7,1,1,1,3,3,6.535202128
44,No,Travel_Rarely,Sales,26,1,Marketing,1,3761,Male,1,Sales Representative,Married,107610,3,Y,11,8,1,24,5,20,14,17,4,1,4,2,3,7.908601852
39,No,Travel_Rarely,Sales,6,1,Technical Degree,1,3762,Female,2,Laboratory Technician,Single,51750,4,Y,17,8,1,9,2,2,2,2,2,2,3,4,3,7.073531571
46,No,Travel_Rarely,Research & Development,4,2,Life Sciences,1,3763,Male,3,Manufacturing Director,Married,138260,8,Y,11,8,0,23,1,13,5,1,3,2,4,2,3,7.023066331
35,No,Travel_Rarely,Research & Development,23,4,Life Sciences,1,3764,Male,2,Research Scientist,Single,63340,1,Y,14,8,0,11,2,11,3,3,4,2,1,4,3,6.16735461
23,No,Travel_Rarely,Research & Development,2,4,Medical,1,3765,Female,2,Manager,Single,49360,0,Y,19,8,1,5,2,4,1,2,1,3,3,2,3,7.69816324
40,Yes,Travel_Rarely,Research & Development,2,3,Medical,1,3766,Male,2,Research Director,Single,47750,3,Y,15,8,1,15,3,5,1,0,4,1,1,4,3,7.602527072
34,No,Travel_Rarely,Human Resources,2,3,Human Resources,1,3767,Male,2,Manufacturing Director,Married,28180,1,Y,13,8,1,10,2,10,8,6,4,3,3,3,3,10.29924006
31,Yes,Travel_Frequently,Research & Development,29,3,Life Sciences,1,3768,Female,2,Healthcare Representative,Single,25150,1,Y,14,8,0,7,3,7,7,7,4,3,1,2,3,6.394126984
50,No,Travel_Frequently,Research & Development,6,3,Medical,1,3769,Male,1,Manager,Single,23420,1,Y,12,8,1,32,2,32,13,9,3,4,3,2,3,9.987019489
34,No,Travel_Rarely,Sales,25,5,Marketing,1,3770,Female,1,Research Scientist,Married,41940,0,Y,17,8,2,12,3,11,5,7,2,3,3,3,3,10.50823583
42,No,Travel_Rarely,Research & Development,1,3,Life Sciences,1,3771,Female,1,Manufacturing Director,Married,106850,4,Y,11,8,3,4,2,1,0,0,3,2,3,3,3,6.594873213
37,No,Travel_Rarely,Research & Development,2,2,Medical,1,3772,Male,1,Research Scientist,Married,20220,1,Y,12,8,0,10,1,10,3,7,1,4,3,3,3,7.99000586
29,No,Travel_Rarely,Research & Development,1,3,Medical,1,3773,Female,1,Manager,Married,23140,3,Y,13,8,0,9,5,7,0,7,3,1,3,4,3,6.185179173
33,No,Travel_Rarely,Research & Development,1,1,Life Sciences,1,3774,Male,1,Research Scientist,Single,42560,1,Y,13,8,3,5,1,5,0,2,4,2,3,3,3,7.201067821
45,No,Travel_Rarely,Sales,3,3,Life Sciences,1,3775,Male,3,Laboratory Technician,Married,35800,4,Y,20,8,1,8,1,5,0,3,4,4,3,2,4,6.026891861
42,No,Travel_Frequently,Human Resources,1,4,Technical Degree,1,3776,Male,2,Manufacturing Director,Married,31620,2,Y,17,8,2,24,1,20,13,9,4,4,1,3,3,8.097644033
40,No,Travel_Rarely,Sales,10,1,Life Sciences,1,3777,Female,1,Manufacturing Director,Married,65240,0,Y,13,8,1,9,2,8,7,1,1,1,4,4,3,6.277050906
33,No,Travel_Rarely,Research & Development,9,3,Medical,1,3778,Female,2,Manufacturing Director,Married,28990,1,Y,17,8,0,15,3,15,5,7,2,3,3,2,3,10.61953132
40,No,Travel_Rarely,Sales,5,5,Life Sciences,1,3779,Male,1,Manufacturing Director,Single,52310,1,Y,12,8,2,21,4,21,7,7,3,,3,3,3,8.402318738
24,No,Travel_Rarely,Sales,10,2,Marketing,1,3780,Male,1,Manufacturing Director,Divorced,23560,0,Y,13,8,0,2,5,1,0,0,3,1,3,3,3,6.094551371
40,No,Non-Travel,Research & Development,7,3,Medical,1,3781,Male,1,Research Scientist,Divorced,28000,3,Y,12,8,2,8,0,2,2,2,4,4,3,2,3,8.410671296
45,No,Travel_Rarely,Research & Development,4,3,Medical,1,3782,Female,3,Laboratory Technician,Divorced,118360,1,Y,22,8,0,10,2,10,7,7,1,2,3,4,4,6.609450355
35,No,Travel_Rarely,Research & Development,10,1,Life Sciences,1,3783,Male,1,Healthcare Representative,Married,109030,0,Y,11,8,0,6,3,5,4,2,2,3,3,4,3,7.809914707
32,No,Travel_Rarely,Research & Development,22,4,Medical,1,3784,Male,1,Sales Executive,Married,29730,3,Y,22,8,0,12,0,7,2,5,4,2,3,4,4,7.300513085
36,No,Travel_Rarely,Sales,9,3,Marketing,1,3785,Female,4,Research Scientist,Single,142750,3,Y,18,8,1,7,5,3,1,2,3,4,2,2,3,9.103744354
48,No,Travel_Rarely,Research & Development,12,4,Medical,1,3786,Male,1,Laboratory Technician,Divorced,55620,8,Y,13,8,1,18,2,8,7,7,3,3,3,3,3,7.913028233
29,No,Travel_Rarely,Research & Development,23,4,Life Sciences,1,3787,Female,2,Healthcare Representative,Married,45370,6,Y,18,8,1,5,5,1,0,0,3,3,2,4,3,7.811518759
33,No,Travel_Rarely,Research & Development,9,1,Medical,1,3788,Male,1,Healthcare Representative,Married,76420,2,Y,20,8,1,8,2,2,2,2,1,1,1,2,4,7.118943474
30,Yes,Travel_Rarely,Research & Development,1,3,Other,1,3789,Male,3,Sales Executive,Married,179240,1,Y,13,8,2,10,2,10,6,7,2,1,3,3,3,7.415841862
38,No,Travel_Frequently,Sales,9,3,Marketing,1,3790,Male,1,Manufacturing Director,Married,52040,3,Y,13,8,1,10,2,6,1,2,3,3,3,3,3,6.91020922
35,No,Travel_Rarely,Sales,7,2,Life Sciences,1,3791,Male,1,Sales Executive,Single,22770,1,Y,12,8,1,3,2,3,1,2,4,1,3,3,3,6.799035948
30,No,Travel_Rarely,Research & Development,14,3,Technical Degree,1,3792,Male,5,Research Director,Married,27950,3,Y,13,8,0,9,4,4,1,3,3,2,3,3,3,6.506272638
35,Yes,Travel_Rarely,Research & Development,2,3,Medical,1,3793,Female,1,Research Scientist,Divorced,25320,1,Y,13,8,0,1,2,1,0,0,1,1,3,1,3,9.706298186
53,Yes,Travel_Rarely,Research & Development,19,3,Life Sciences,1,3794,Male,2,Manager,Married,25590,0,Y,25,8,0,34,2,33,1,9,3,4,3,3,4,6.484923928
38,Yes,Travel_Rarely,Research & Development,2,3,Medical,1,3795,Female,3,Sales Executive,Married,49080,4,Y,19,8,1,7,3,5,1,4,3,2,3,2,3,7.579077869
32,No,Non-Travel,Research & Development,10,4,Life Sciences,1,3796,Female,5,Research Scientist,Married,23800,4,Y,13,8,0,9,5,6,1,2,4,1,2,3,3,7.384378809
48,No,Travel_Rarely,Research & Development,2,5,Life Sciences,1,3797,Male,1,Sales Executive,Married,47650,8,Y,12,8,1,10,4,8,7,6,3,1,2,3,3,7.085148851
34,No,Travel_Rarely,Research & Development,3,3,Life Sciences,1,3798,Male,2,Sales Executive,Single,20440,1,Y,11,8,0,1,2,1,0,0,1,4,1,3,3,7.385408213
55,No,Travel_Rarely,Research & Development,11,1,Medical,1,3799,Female,1,Laboratory Technician,Married,26930,1,Y,18,8,0,36,6,36,2,13,3,4,3,2,3,6.403510517
34,No,Travel_Rarely,Research & Development,2,2,Life Sciences,1,3800,Male,2,Research Scientist,Married,65860,9,Y,18,8,1,9,3,2,2,1,2,4,2,3,3,6.107627939
26,No,Travel_Rarely,Research & Development,4,3,Life Sciences,1,3801,Male,1,Research Director,Married,32940,1,Y,11,8,0,1,6,1,0,0,1,4,3,3,3,7.283724189
38,No,Travel_Rarely,Sales,14,2,Marketing,1,3802,Female,1,Sales Executive,Married,41710,0,Y,23,8,0,10,4,9,7,7,3,2,3,4,4,7.048311614
38,No,Travel_Rarely,Research & Development,2,3,Life Sciences,1,3803,Female,1,Manufacturing Director,Single,27780,2,Y,13,8,0,8,5,3,1,2,2,2,4,2,3,7.214350321
36,No,Travel_Rarely,Human Resources,1,3,Human Resources,1,3804,Male,1,Research Scientist,Single,23770,6,Y,13,8,2,15,3,1,0,0,2,3,3,3,3,7.401679505
29,No,Travel_Rarely,Research & Development,10,3,Life Sciences,1,3805,Male,1,Sales Representative,Single,24040,1,Y,17,8,0,10,3,10,1,5,2,1,3,2,3,8.098837719
35,No,Travel_Rarely,Sales,12,2,Life Sciences,1,3806,Female,2,Sales Executive,Single,23180,3,Y,19,8,0,10,4,5,0,4,1,3,3,4,3,9.314351449
39,No,Travel_Rarely,Sales,2,2,Medical,1,3807,Female,1,Sales Executive,Married,20080,2,Y,12,8,0,11,3,7,7,6,4,3,3,3,3,7.808459699
29,No,Travel_Frequently,Research & Development,5,1,Medical,1,3808,Female,1,Research Scientist,Divorced,62440,1,Y,22,8,0,6,3,6,1,3,1,4,4,3,4,6.787518913
50,No,Travel_Rarely,Research & Development,4,2,Medical,1,3809,Female,1,Laboratory Technician,Married,27990,4,Y,12,8,1,27,0,1,0,0,3,3,3,1,3,9.415903642
23,No,Travel_Rarely,Research & Development,7,2,Life Sciences,1,3810,Female,3,Manager,Married,105520,2,Y,11,8,0,4,2,2,2,2,4,3,3,3,3,6.687368541
36,No,Travel_Frequently,Sales,21,3,Life Sciences,1,3811,Male,2,Human Resources,Married,23290,3,Y,15,8,0,9,2,3,0,2,1,1,3,3,3,9.190074697
42,No,Travel_Rarely,Research & Development,8,2,Life Sciences,1,3812,Female,5,Manager,Single,40140,8,Y,13,8,1,24,3,1,0,1,4,4,3,3,3,6.006545521
35,No,Travel_Rarely,Sales,4,3,Medical,1,3813,Female,2,Laboratory Technician,Married,74030,1,Y,12,8,1,10,4,10,6,8,2,3,2,3,3,6.404425121
34,No,Travel_Frequently,Research & Development,25,1,Life Sciences,1,3814,Female,1,Manager,Married,22590,1,Y,14,8,0,8,2,8,7,7,4,3,2,3,3,5.998565386
40,No,Travel_Rarely,Research & Development,1,4,Life Sciences,1,3815,Male,2,Laboratory Technician,Married,69320,1,Y,13,8,0,5,5,5,1,2,4,1,3,3,3,6.462534425
43,No,Travel_Rarely,Research & Development,1,1,Other,1,3816,Male,1,Manager,Divorced,46780,5,Y,25,8,1,8,0,6,0,2,4,2,3,4,4,7.004932072
35,No,Travel_Rarely,Sales,6,3,Marketing,1,3817,Female,3,Sales Representative,Married,135820,1,Y,17,8,1,1,3,1,0,1,3,4,2,2,3,7.276911901
46,No,Travel_Rarely,Research & Development,12,4,Technical Degree,1,3818,Male,1,Laboratory Technician,Single,23320,1,Y,11,8,0,27,2,26,0,12,4,1,1,3,3,6.595099291
28,Yes,Travel_Rarely,Human Resources,1,3,Medical,1,3819,Female,2,Laboratory Technician,Married,24130,1,Y,16,8,1,,2,1,0,0,3,2,3,3,3,8.41511064
22,No,Non-Travel,Sales,17,2,Marketing,1,3820,Male,3,Sales Executive,Married,97050,1,Y,18,8,2,4,3,4,1,3,2,3,2,2,3,8.869073276
50,No,Travel_Frequently,Research & Development,3,3,Other,1,3821,Male,2,Research Scientist,Married,42940,2,Y,20,8,0,32,2,30,12,13,2,3,3,2,4,9.3984161
32,No,Travel_Rarely,Research & Development,3,2,Life Sciences,1,3822,Male,3,Research Scientist,Married,47210,3,Y,14,8,1,6,3,3,0,2,2,4,3,3,3,6.317826725
44,No,Travel_Rarely,Research & Development,10,3,Technical Degree,1,3823,Male,3,Manager,Divorced,25190,0,Y,21,8,2,23,2,22,1,10,2,4,2,3,4,8.811887755
30,No,Travel_Rarely,Research & Development,4,3,Medical,1,3824,Female,1,Research Director,Married,21210,1,Y,13,8,1,6,2,6,1,1,2,2,2,3,3,6.624580327
45,No,Travel_Rarely,Sales,29,2,Technical Degree,1,3825,Female,2,Research Scientist,Single,29730,1,Y,12,8,0,10,2,10,1,4,3,1,3,3,3,8.91392462
45,No,Non-Travel,Sales,2,4,Life Sciences,1,3826,Male,2,Manufacturing Director,Married,58550,1,Y,14,8,1,10,3,10,4,5,1,1,3,2,3,7.914459
31,No,Travel_Frequently,Research & Development,7,3,Medical,1,3827,Male,2,Research Scientist,Single,36170,7,Y,21,8,1,10,5,5,0,3,4,1,3,3,4,7.231297499
36,No,Travel_Rarely,Research & Development,18,1,Medical,1,3828,Male,2,Manufacturing Director,Married,67250,9,Y,17,8,1,7,3,3,1,1,3,3,3,3,3,10.9397246
34,No,Travel_Frequently,Sales,28,4,Marketing,1,3829,Male,5,Manufacturing Director,Divorced,103250,1,Y,11,8,1,9,3,9,7,2,3,4,3,2,3,6.109448052
49,No,Travel_Rarely,Research & Development,1,4,Life Sciences,1,3830,Male,3,Healthcare Representative,Married,69490,1,Y,14,8,1,10,2,9,1,4,3,1,2,3,3,7.313988095
39,No,Travel_Rarely,Research & Development,6,2,Life Sciences,1,3831,Male,3,Research Scientist,Married,106090,2,Y,17,8,1,10,2,7,7,7,2,1,3,3,3,6.585563937
27,No,Travel_Rarely,Research & Development,2,1,Life Sciences,1,3832,Male,4,Research Scientist,Divorced,44470,1,Y,13,8,0,7,4,7,0,7,4,1,3,3,3,6.093734827
35,No,Travel_Rarely,Research & Development,2,3,Medical,1,3833,Female,2,Sales Executive,Married,21570,1,Y,25,8,0,16,1,16,1,10,2,1,3,2,4,7.603855932
28,No,Travel_Rarely,Research & Development,23,3,Life Sciences,1,3834,Male,3,Manufacturing Director,Divorced,46010,0,Y,15,8,2,6,2,5,0,0,2,1,2,3,3,7.414982419
21,No,Travel_Rarely,Research & Development,3,1,Life Sciences,1,3835,Female,1,Laboratory Technician,Single,170990,1,Y,14,8,1,3,2,2,2,2,3,4,3,3,3,7.892258503
18,Yes,Travel_Frequently,Research & Development,3,5,Medical,1,3836,Male,1,Research Director,Single,24790,1,Y,12,8,1,0,2,0,0,0,2,4,4,2,3,8.430085106
47,No,Travel_Rarely,Research & Development,25,4,Medical,1,3837,Male,2,Research Scientist,Married,148520,3,Y,19,8,3,27,3,5,1,0,4,3,3,2,3,6.021607488
39,No,Travel_Rarely,Sales,2,4,Life Sciences,1,3838,Male,1,Laboratory Technician,Divorced,72640,0,Y,17,8,0,11,5,10,0,7,3,3,3,3,3,6.903323917
40,No,Travel_Rarely,Research & Development,22,1,Life Sciences,1,3839,Male,1,Laboratory Technician,Married,56660,1,Y,14,8,1,18,2,18,14,12,1,3,3,3,3,7.585921238
35,No,Non-Travel,Research & Development,29,3,Medical,1,3840,Female,2,Sales Executive,Married,78230,1,Y,13,8,1,15,3,14,2,9,3,3,3,3,3,6.240396996
37,No,Travel_Rarely,Research & Development,29,4,Technical Degree,1,3841,Male,1,Laboratory Technician,Married,78800,3,Y,12,8,1,9,2,4,0,2,3,3,2,4,3,8.00465847
39,No,Travel_Frequently,Research & Development,2,3,Technical Degree,1,3842,Female,2,Manager,Single,131940,0,Y,11,8,0,10,2,9,3,8,1,3,1,3,3,6.68069161
45,No,Travel_Rarely,Research & Development,28,3,Life Sciences,1,3843,Female,2,Laboratory Technician,Divorced,50670,1,Y,11,8,2,10,3,10,3,9,4,4,3,2,3,7.28366499
38,No,Travel_Rarely,Research & Development,2,4,Life Sciences,1,3844,Female,3,Sales Executive,Married,50790,3,Y,11,8,0,10,3,5,0,2,4,3,4,3,3,9.603570089
35,Yes,Travel_Rarely,Research & Development,2,3,Life Sciences,1,3845,Male,3,Healthcare Representative,Married,23210,9,Y,12,8,1,15,0,13,6,0,4,1,3,3,3,5.993160311
37,No,Travel_Rarely,Research & Development,22,3,Life Sciences,1,3846,Female,2,Healthcare Representative,Married,174440,1,Y,14,8,0,8,4,8,7,7,2,2,1,3,3,8.025352657
40,No,Travel_Rarely,Research & Development,8,3,Technical Degree,1,3847,Female,2,Healthcare Representative,Single,24040,6,Y,17,8,0,18,2,4,3,3,3,4,2,2,3,9.252811016
44,No,Travel_Frequently,Sales,2,2,Marketing,1,3848,Male,1,Laboratory Technician,Married,34520,4,Y,11,8,1,14,2,10,0,2,1,4,3,2,3,8.622644535
48,No,Travel_Frequently,Sales,10,4,Marketing,1,3849,Female,3,Manager,Married,22700,2,Y,14,8,3,23,2,2,2,2,3,4,3,3,3,7.094894068
35,Yes,Travel_Rarely,Research & Development,9,3,Life Sciences,1,3850,Male,2,Manager,Divorced,173990,6,Y,12,8,0,7,3,2,2,2,1,4,2,1,3,10.69806247
24,No,Travel_Frequently,Research & Development,15,3,Life Sciences,1,3851,Male,2,Research Scientist,Single,54880,1,Y,22,8,1,6,6,6,1,3,1,4,3,3,4,8.678833106
27,No,Travel_Rarely,Sales,10,4,Life Sciences,1,3852,Male,3,Sales Executive,Married,194190,7,Y,14,8,1,5,2,3,0,2,2,3,3,1,3,7.206112264
27,No,Travel_Frequently,Research & Development,7,3,Life Sciences,1,3853,Male,1,Research Scientist,Single,28110,2,Y,20,8,0,6,3,4,1,2,4,4,2,3,4,6.407136015
40,Yes,Travel_Rarely,Sales,16,4,Marketing,1,3854,Male,1,Research Director,Single,36330,3,Y,16,8,2,10,0,4,0,3,1,1,1,3,3,10.53904879
29,No,Travel_Rarely,Research & Development,20,1,Medical,1,3855,Female,2,Manager,Single,41630,9,Y,15,8,1,8,4,5,1,4,3,3,3,2,3,7.289530568
36,No,Travel_Rarely,Research & Development,23,3,Life Sciences,1,3856,Female,3,Sales Executive,Married,21320,4,Y,20,8,0,9,1,3,0,2,2,1,3,2,4,7.887590606
25,No,Travel_Frequently,Sales,5,1,Marketing,1,3857,Male,4,Manufacturing Director,Divorced,139730,1,Y,14,8,0,7,3,7,0,7,4,3,3,2,3,6.065146638
39,No,Travel_Rarely,Sales,10,3,Marketing,1,3858,Female,2,Research Director,Married,26840,4,Y,12,8,0,7,2,5,1,0,4,2,3,3,3,6.776572856
49,No,Travel_Rarely,Sales,4,2,Life Sciences,1,3859,Male,2,Research Director,Married,108450,3,Y,24,8,0,27,4,4,1,2,1,2,3,2,4,7.813417258
50,No,Travel_Rarely,Research & Development,2,2,Medical,1,3860,Male,3,Sales Executive,Divorced,43770,5,Y,12,8,1,19,2,14,1,11,4,1,3,2,3,7.787777778
20,No,Travel_Rarely,Research & Development,18,4,Medical,1,3861,Female,2,Sales Executive,Single,37430,1,Y,13,8,1,2,2,2,2,2,3,3,3,3,3,6.615295508
34,No,Travel_Rarely,Research & Development,10,3,Medical,1,3862,Male,3,Laboratory Technician,Divorced,41480,1,Y,11,8,0,11,3,11,7,9,4,2,3,3,3,7.691735254
36,No,Travel_Rarely,Research & Development,1,3,Life Sciences,1,3863,Female,2,Healthcare Representative,Single,10510,2,Y,14,8,0,15,2,4,1,3,1,2,3,3,3,6.003140933
49,No,Travel_Rarely,Human Resources,6,2,Life Sciences,1,3864,Female,2,Research Scientist,Married,107390,2,Y,11,8,3,30,3,15,2,12,3,3,3,3,3,8.480666667
36,No,Non-Travel,Research & Development,8,4,Life Sciences,1,3865,Male,4,Laboratory Technician,Married,103880,0,Y,14,8,0,4,2,3,1,2,4,3,3,3,3,8.009613266
36,No,Travel_Rarely,Research & Development,2,2,Medical,1,3866,Female,2,Healthcare Representative,Divorced,114160,6,Y,16,8,0,13,2,5,0,4,4,1,3,3,3,6.313820038
54,No,Travel_Rarely,Sales,24,3,Marketing,1,3867,Male,1,Laboratory Technician,Married,26000,3,Y,14,8,0,36,5,10,4,7,2,3,3,3,3,7.590807217
43,No,Travel_Rarely,Research & Development,2,4,Life Sciences,1,3868,Female,1,Research Scientist,Married,24220,1,Y,11,8,1,14,2,14,6,11,3,3,3,3,3,7.602657254
35,Yes,Travel_Frequently,Research & Development,17,4,Medical,1,3869,Male,1,Research Director,Single,54720,3,Y,11,8,1,13,3,11,6,7,4,4,4,2,3,8.362878788
38,No,Travel_Frequently,Research & Development,19,2,Life Sciences,1,3870,Male,2,Research Scientist,Married,24510,7,Y,12,8,1,19,3,13,2,9,4,4,4,3,3,7.185211806
29,No,Travel_Rarely,Research & Development,1,2,Medical,1,3871,Male,2,Sales Representative,Divorced,42400,1,Y,14,8,0,10,2,10,0,9,1,2,2,2,3,10.68896739
33,No,Travel_Rarely,Research & Development,7,3,Medical,1,3872,Male,5,Sales Executive,Divorced,109990,1,Y,18,8,3,6,3,6,0,4,4,4,3,2,3,6.38085048
32,No,Travel_Rarely,Research & Development,5,4,Technical Degree,1,3873,Male,5,Research Scientist,Divorced,50030,0,Y,13,8,0,10,5,9,1,6,4,2,2,3,3,6.61519213
31,No,Travel_Rarely,Research & Development,28,4,Technical Degree,1,3874,Female,2,Sales Executive,Married,127420,1,Y,11,8,0,10,4,10,0,2,1,4,3,2,3,7.401361586
49,No,Travel_Rarely,Research & Development,2,4,Medical,1,3875,Male,1,Laboratory Technician,Divorced,42270,4,Y,18,8,0,17,3,2,2,2,4,1,2,2,3,9.711996152
38,No,Travel_Frequently,Sales,29,2,Medical,1,3876,Female,1,Sales Executive,Single,39170,1,Y,15,8,3,4,2,4,3,3,4,2,3,3,3,7.781927966
47,No,Travel_Rarely,Research & Development,1,4,Medical,1,3877,Male,3,Laboratory Technician,Divorced,183030,6,Y,22,8,1,29,2,3,1,2,2,2,3,2,4,6.705334255
49,No,Travel_Rarely,Research & Development,21,3,Medical,1,3878,Male,2,Manufacturing Director,Single,23800,4,Y,13,8,0,23,3,8,0,0,3,3,3,1,3,6.390048879
41,No,Travel_Rarely,Research & Development,24,4,Life Sciences,1,3879,Female,4,Manager,Single,137260,3,Y,12,8,0,21,6,2,0,2,4,3,3,4,3,10.99557242
20,No,Travel_Rarely,Research & Development,1,3,Life Sciences,1,3880,Male,1,Sales Representative,Single,47770,1,Y,18,8,1,2,3,2,0,2,4,1,3,3,3,7.722351533
33,No,Non-Travel,Research & Development,18,2,Medical,1,3881,Female,2,Healthcare Representative,Divorced,63850,1,Y,13,8,0,7,6,6,1,2,3,4,3,2,3,9.514089069
36,No,Travel_Rarely,Research & Development,2,2,Technical Degree,1,3882,Male,3,Sales Executive,Married,199730,6,Y,12,8,0,10,2,3,0,2,1,3,2,3,3,6.011818287
44,No,Travel_Rarely,Research & Development,9,3,Technical Degree,1,3883,Female,3,Healthcare Representative,Divorced,68610,4,Y,12,8,0,8,2,2,2,2,3,4,3,2,3,8.514237589
23,Yes,Travel_Rarely,Human Resources,6,3,Life Sciences,1,3884,Female,3,Laboratory Technician,Single,49690,1,Y,12,8,0,5,3,5,1,2,4,3,3,3,3,8.110394191
38,No,Travel_Rarely,Research & Development,11,2,Life Sciences,1,3885,Male,1,Sales Executive,Married,198450,7,Y,11,8,1,7,3,0,0,0,4,3,2,3,3,7.406556283
53,No,Travel_Rarely,Research & Development,24,3,Life Sciences,1,3886,Male,4,Research Director,Married,133200,3,Y,11,8,0,11,2,4,1,2,2,4,,3,3,8.02555795
48,Yes,Travel_Frequently,Sales,10,2,Marketing,1,3887,Male,1,Healthcare Representative,Married,63470,2,Y,12,8,1,19,3,9,7,7,4,3,3,1,3,9.92120793
32,Yes,Travel_Rarely,Sales,1,3,Life Sciences,1,3888,Male,2,Research Scientist,Single,27430,1,Y,19,8,1,1,2,1,0,0,4,2,3,3,3,7.502065118
26,No,Non-Travel,Research & Development,18,2,Medical,1,3889,Male,1,Human Resources,Single,108800,1,Y,23,8,1,7,5,7,5,7,4,4,3,3,4,7.179538958
55,No,Travel_Rarely,Research & Development,23,1,Life Sciences,1,3890,Male,5,Laboratory Technician,Divorced,23420,5,Y,11,8,2,8,2,4,1,2,1,2,3,3,3,7.683146552
34,No,Travel_Rarely,Sales,28,3,Life Sciences,1,3891,Female,2,Research Scientist,Married,176500,1,Y,19,8,1,15,6,15,4,13,2,4,4,1,3,7.971089569
60,No,Travel_Rarely,Sales,17,4,Medical,1,3892,Male,1,Manager,Divorced,40250,3,Y,13,8,1,19,5,1,0,0,3,4,4,2,3,6.223042824
33,No,Travel_Rarely,Sales,3,3,Life Sciences,1,3893,Male,3,Manager,Married,97250,1,Y,11,8,0,14,0,14,2,13,2,2,3,3,3,7.823783847
37,No,Travel_Frequently,Research & Development,13,3,Life Sciences,1,3894,Male,1,Laboratory Technician,Divorced,119040,1,Y,12,8,1,6,4,6,1,3,3,4,2,3,3,6.504990503
34,No,Travel_Rarely,Research & Development,7,2,Life Sciences,1,3895,Male,1,Healthcare Representative,Married,21770,1,Y,13,8,0,10,5,10,8,7,2,4,3,3,3,7.099637378
23,Yes,Travel_Rarely,Research & Development,12,2,Medical,1,3896,Male,2,Research Scientist,Divorced,75250,1,Y,14,8,2,3,2,3,0,2,3,4,3,3,3,9.224344071
44,No,Travel_Rarely,Human Resources,1,3,Life Sciences,1,3897,Male,1,Research Scientist,Married,48340,1,Y,14,8,0,9,1,8,6,7,3,4,3,4,3,8.53535124
35,No,Travel_Frequently,Research & Development,13,3,Life Sciences,1,3898,Male,3,Sales Executive,Single,20420,0,Y,16,8,0,6,2,5,1,4,1,4,4,3,3,8.188280314
43,No,Travel_Rarely,Research & Development,25,4,Life Sciences,1,3899,Male,2,Sales Executive,Married,22200,1,Y,11,8,0,10,2,10,8,8,4,4,3,1,3,8.078224586
24,No,Travel_Rarely,Research & Development,6,3,Life Sciences,1,3900,Male,3,Sales Executive,Married,10520,1,Y,13,8,0,5,3,5,0,4,3,3,3,3,3,6.705840136
41,No,Travel_Rarely,Sales,6,4,Marketing,1,3901,Male,1,Research Scientist,Single,28210,1,Y,17,8,0,10,3,10,8,7,4,3,3,3,3,6.995156175
29,No,Travel_Rarely,Research & Development,2,2,Life Sciences,1,3902,Male,2,Research Scientist,Married,192370,9,Y,11,8,1,9,2,5,1,2,4,3,3,3,3,7.864863527
36,No,Travel_Rarely,Human Resources,1,4,Life Sciences,1,3903,Female,3,Research Scientist,Single,41070,3,Y,11,8,1,17,2,13,6,7,3,4,2,1,3,6.277419278
45,No,Non-Travel,Sales,2,3,Life Sciences,1,3904,Female,2,Manufacturing Director,Married,83960,3,Y,15,8,2,25,3,23,14,4,3,3,2,2,3,6.309411405
24,Yes,Travel_Rarely,Sales,6,2,Medical,1,3905,Female,2,Manager,Married,20070,1,Y,12,8,0,1,2,1,0,0,4,3,3,2,3,6.410934557
47,Yes,Travel_Frequently,Research & Development,1,3,Medical,1,3906,Female,2,Sales Executive,Married,196270,7,Y,11,8,2,25,1,23,14,10,3,3,1,3,3,6.805530093
26,No,Travel_Rarely,Research & Development,9,1,Medical,1,3907,Male,1,Sales Executive,Married,106860,1,Y,14,8,1,3,2,3,0,2,4,3,4,3,3,7.701706183
45,No,Travel_Rarely,Research & Development,1,4,Life Sciences,1,3908,Male,1,Research Director,Single,29420,1,Y,22,8,1,21,4,21,8,6,4,2,3,3,4,6.575021186
32,No,Travel_Frequently,Sales,1,1,Marketing,1,3909,Male,2,Laboratory Technician,Married,88580,6,Y,16,8,1,10,2,5,1,3,1,3,2,3,3,6.894498171
31,No,Travel_Rarely,Research & Development,14,2,Life Sciences,1,3910,Male,1,Sales Executive,Married,167560,1,Y,11,8,2,6,5,5,0,3,2,3,4,3,3,7.224268116
41,No,Non-Travel,Sales,2,2,Medical,1,3911,Male,2,Research Scientist,Married,107980,,Y,14,8,2,10,5,3,1,2,3,2,3,1,3,7.710550787
40,No,Travel_Rarely,Research & Development,22,2,Technical Degree,1,3912,Male,1,Healthcare Representative,Married,23230,2,Y,16,8,1,18,2,1,0,0,2,1,3,3,3,9.816450488
24,No,Travel_Rarely,Research & Development,3,3,Life Sciences,1,3913,Female,1,Research Scientist,Divorced,14160,1,Y,15,8,1,6,3,6,1,2,2,1,4,2,3,5.97985823
46,No,Travel_Rarely,Research & Development,6,3,Medical,1,3914,Male,4,Sales Executive,Single,46150,6,Y,12,8,0,19,3,10,0,9,3,2,3,2,3,7.615646552
35,No,Travel_Rarely,Sales,8,4,Life Sciences,1,3915,Male,1,Laboratory Technician,Married,24610,2,Y,20,8,1,17,4,7,0,7,4,3,3,3,4,7.405883102
30,No,Travel_Rarely,Sales,9,4,Marketing,1,3916,Male,1,Laboratory Technician,Married,87220,1,Y,17,8,1,10,3,10,0,8,2,4,2,3,3,7.31581401
47,No,Non-Travel,Research & Development,3,2,Life Sciences,1,3917,Female,2,Sales Executive,Married,39550,7,Y,12,8,1,4,5,1,0,0,3,2,1,3,3,7.717876648
46,No,Travel_Rarely,Research & Development,1,4,Technical Degree,1,3918,Female,3,Sales Executive,Divorced,99570,4,Y,20,8,0,13,1,10,0,3,3,4,2,3,4,9.82786075
36,Yes,Travel_Rarely,Research & Development,1,3,Medical,1,3919,Male,2,Manufacturing Director,Divorced,33760,5,Y,20,8,0,16,3,2,2,2,2,1,3,3,4,10.41218061
32,Yes,Travel_Rarely,Research & Development,26,3,Medical,1,3920,Female,2,Research Director,Single,88230,6,Y,13,8,2,10,3,0,0,0,1,2,3,3,3,6.98796458
23,No,Travel_Rarely,Sales,6,4,Life Sciences,1,3921,Male,3,Manufacturing Director,Single,103220,1,Y,14,8,2,3,2,3,1,2,3,2,1,3,3,6.006363636
31,No,Travel_Frequently,Sales,3,3,Marketing,1,3922,Male,2,Sales Executive,Single,46210,2,Y,18,8,1,9,3,5,1,4,4,4,2,3,3,6.496436989
39,No,Non-Travel,Research & Development,3,3,Life Sciences,1,3923,Female,2,Manufacturing Director,Married,109760,1,Y,11,8,0,9,3,9,5,8,4,4,3,2,3,10.19331481
32,No,Travel_Rarely,Research & Development,6,3,Technical Degree,1,3924,Male,1,Research Scientist,Married,36600,3,Y,11,8,2,10,0,4,0,2,4,3,1,2,3,7.591640483
40,No,Travel_Rarely,Sales,6,3,Life Sciences,1,3925,Male,3,Manufacturing Director,Single,104820,1,Y,11,8,1,21,6,21,12,8,2,2,2,2,3,7.906473799
45,No,Travel_Rarely,Research & Development,19,4,Medical,1,3926,Male,1,Sales Representative,Married,71190,4,Y,15,8,0,9,2,5,0,3,3,3,4,3,3,7.79044347
30,No,Travel_Frequently,Sales,9,3,Life Sciences,1,3927,Male,1,Research Director,Single,95820,0,Y,12,8,1,10,2,9,0,7,4,1,3,3,3,6.214679581
24,No,Travel_Frequently,Sales,3,4,Marketing,1,3928,Male,1,Sales Executive,Married,45080,0,Y,11,8,1,3,5,2,2,1,1,4,3,3,3,5.98645113
30,Yes,Travel_Frequently,Research & Development,10,3,Life Sciences,1,3929,Female,1,Human Resources,Divorced,22070,6,Y,14,8,0,6,4,4,1,2,3,4,2,3,3,6.707549951
31,No,Travel_Rarely,Research & Development,3,2,Life Sciences,1,3930,Male,3,Laboratory Technician,Married,77560,1,Y,15,8,2,6,3,5,0,2,1,3,3,4,3,7.606590703
27,No,Travel_Rarely,Sales,3,3,Life Sciences,1,3931,Male,1,Manager,Single,66940,1,Y,13,8,1,6,2,6,1,4,3,4,2,2,3,6.325555556
29,Yes,Travel_Rarely,Sales,4,3,Marketing,1,3932,Male,5,Research Scientist,Single,36910,1,Y,13,8,0,2,3,2,2,2,2,2,3,3,3,6.804979339
29,No,Travel_Frequently,Research & Development,8,4,Life Sciences,1,3933,Female,1,Sales Executive,Single,23770,8,Y,21,8,1,10,2,3,0,2,4,3,4,3,4,8.795385735
30,No,Travel_Rarely,Sales,7,3,Life Sciences,1,3934,Male,3,Sales Executive,Divorced,23130,2,Y,11,8,0,12,5,7,1,7,3,1,3,3,3,8.002729885
34,No,Travel_Rarely,Research & Development,1,2,Medical,1,3935,Female,2,Healthcare Representative,Married,176650,0,Y,11,8,0,6,5,5,1,2,4,4,3,2,3,9.915464481
33,No,Non-Travel,Research & Development,2,4,Medical,1,3936,Male,1,Sales Representative,Single,25960,8,Y,14,8,1,13,4,11,1,7,4,2,2,3,3,7.424654812
49,No,Travel_Rarely,Sales,3,4,Marketing,1,3937,Male,1,Sales Executive,Single,47280,3,Y,11,8,1,8,4,5,0,4,4,4,4,3,3,7.713776151
33,Yes,Travel_Rarely,Research & Development,10,3,Life Sciences,1,3938,Male,1,Sales Executive,Single,43020,2,Y,13,8,0,11,3,0,0,0,1,1,2,1,3,8.306316527
38,No,Travel_Frequently,Research & Development,28,3,Medical,1,3939,Male,1,Healthcare Representative,Married,29790,4,Y,12,8,1,9,3,6,0,5,3,2,2,3,3,7.912287308
31,Yes,Travel_Rarely,Human Resources,9,4,Human Resources,1,3940,Male,2,Laboratory Technician,Married,168850,2,Y,14,8,2,10,2,1,0,0,1,3,3,3,3,6.221997354
29,No,Travel_Rarely,Research & Development,3,4,Other,1,3941,Female,2,Sales Representative,Divorced,55930,1,Y,13,8,1,1,3,1,0,0,4,1,3,3,3,6.287173611
30,No,Travel_Rarely,Research & Development,2,1,Medical,1,3942,Male,1,Sales Representative,Married,104450,3,Y,18,8,1,10,3,7,1,7,3,3,3,3,3,6.788280367
32,No,Non-Travel,Research & Development,10,4,Life Sciences,1,3943,Female,1,Laboratory Technician,Single,87400,2,Y,11,8,1,12,2,7,0,7,2,2,3,3,3,5.982664743
38,No,Travel_Rarely,Research & Development,8,2,Technical Degree,1,3944,Female,1,Manufacturing Director,Married,25140,3,Y,11,8,0,15,2,1,1,0,2,4,3,2,3,9.036384335
43,Yes,Travel_Frequently,Research & Development,1,4,Other,1,3945,Male,3,Sales Executive,Married,76550,9,Y,12,8,1,6,3,1,0,0,3,3,3,3,3,8.400613912
42,No,Travel_Rarely,Human Resources,1,3,Other,1,3946,Female,1,Healthcare Representative,Divorced,174650,8,Y,13,8,1,7,3,5,0,4,2,2,2,3,3,6.699085309
55,No,Travel_Rarely,Research & Development,3,2,Life Sciences,1,3947,Female,1,Sales Executive,Married,73510,8,Y,20,8,1,34,3,1,0,0,3,1,3,3,4,7.598850242
33,No,Non-Travel,Research & Development,14,3,Other,1,3948,Male,1,Research Scientist,Divorced,108200,5,Y,12,8,0,11,2,9,1,7,4,2,2,3,3,6.731928506
41,No,Travel_Rarely,Research & Development,5,3,Medical,1,3949,Male,1,Sales Representative,Divorced,121690,1,Y,19,8,0,5,2,5,0,4,3,1,3,3,3,6.291201791
34,No,Non-Travel,Research & Development,7,4,Medical,1,3950,Female,1,Research Scientist,Divorced,196260,1,Y,21,8,0,15,5,15,0,7,4,3,3,2,4,8.186905256
53,No,Non-Travel,Research & Development,10,4,Medical,1,3951,Male,2,Healthcare Representative,Married,20700,4,Y,13,8,2,27,2,3,0,2,1,3,2,4,3,8.123122449
43,No,Travel_Rarely,Sales,16,2,Marketing,1,3952,Female,1,Laboratory Technician,Single,67820,0,Y,16,8,1,10,2,9,1,8,2,4,3,3,3,6.086970628
34,No,Travel_Rarely,Sales,10,2,Life Sciences,1,3953,Female,5,Sales Executive,Single,77790,5,Y,12,8,1,6,2,2,2,2,4,4,3,3,3,7.696015046
21,Yes,Travel_Rarely,Sales,1,2,Marketing,1,3954,Male,5,Healthcare Representative,Single,27910,1,Y,14,8,0,1,3,1,1,0,2,2,3,4,3,7.522102657
38,No,Travel_Rarely,Research & Development,8,2,Life Sciences,1,3955,Female,2,Sales Executive,Married,32010,1,Y,11,8,1,5,3,5,0,4,4,3,3,2,3,6.394260431
22,Yes,Travel_Rarely,Research & Development,1,3,Other,1,3956,Male,4,Research Scientist,Married,49680,1,Y,14,8,0,1,3,1,0,0,3,1,3,3,3,8.907727273
31,No,Travel_Rarely,Research & Development,8,5,Life Sciences,1,3957,Male,5,Sales Executive,Married,131200,1,Y,12,8,2,13,6,12,5,7,1,4,3,2,3,7.295628073
51,No,Travel_Rarely,Research & Development,1,4,Life Sciences,1,3958,Female,1,Manager,Married,40330,2,Y,14,8,0,15,2,2,2,2,1,3,3,3,3,6.686816149
37,No,Travel_Rarely,Research & Development,24,1,Life Sciences,1,3959,Male,2,Sales Executive,Married,32910,1,Y,16,8,3,5,2,5,0,3,2,2,3,2,3,7.993744065
46,No,Travel_Rarely,Sales,3,4,Marketing,1,3960,Female,1,Sales Representative,Divorced,42720,7,Y,13,8,0,24,3,2,2,2,3,4,3,4,3,9.988379028
36,No,Travel_Rarely,Research & Development,27,3,Technical Degree,1,3961,Female,4,Research Scientist,Married,50560,7,Y,12,8,0,15,2,12,5,7,4,1,3,2,3,9.48172865
44,Yes,Travel_Frequently,Sales,10,4,Life Sciences,1,3962,Male,1,Research Scientist,Divorced,28440,1,Y,12,8,0,6,2,5,2,3,3,2,2,4,3,9.291028807
37,No,Travel_Rarely,Research & Development,19,2,Technical Degree,1,3963,Male,2,Sales Executive,Divorced,27030,2,Y,14,8,0,19,2,10,4,7,3,2,2,3,3,6.06843412
35,Yes,Travel_Rarely,Research & Development,15,4,Life Sciences,1,3964,Male,2,Research Scientist,Single,19040,1,Y,22,8,1,10,4,10,7,7,3,4,3,3,4,8.594216643
33,No,Travel_Rarely,Research & Development,8,5,Medical,1,3965,Male,2,Laboratory Technician,Married,82240,6,Y,19,8,0,14,3,10,7,6,4,1,3,3,3,8.043768861
28,No,Travel_Rarely,Sales,9,3,Medical,1,3966,Female,2,Sales Executive,Married,47660,1,Y,12,8,0,5,3,5,0,3,3,4,4,3,3,7.366939891
39,No,Travel_Rarely,Sales,3,4,Marketing,1,3967,Female,2,Laboratory Technician,Single,26100,7,Y,12,8,0,9,2,4,2,2,3,3,3,2,3,6.890665709
46,No,Non-Travel,Research & Development,9,2,Life Sciences,1,3968,Male,2,Manufacturing Director,Single,57310,8,Y,17,8,0,6,2,2,2,2,2,2,3,3,3,6.701427896
40,No,Travel_Rarely,Research & Development,2,2,Medical,1,3969,Male,1,Research Director,Married,25390,4,Y,12,8,1,7,3,4,0,2,3,1,2,3,3,6.60938962
42,No,Travel_Rarely,Research & Development,7,4,Other,1,3970,Female,2,Laboratory Technician,Married,57140,5,Y,11,8,0,10,2,0,0,0,2,1,2,3,3,6.610516367
35,No,Non-Travel,Sales,10,1,Life Sciences,1,3971,Female,2,Research Director,Divorced,43230,2,Y,18,8,3,15,3,7,1,7,2,4,3,3,3,6.684642532
38,No,Non-Travel,Sales,6,4,Marketing,1,3972,Male,3,Sales Executive,Divorced,73360,5,Y,11,8,0,13,3,11,3,8,1,2,3,3,3,7.839338235
34,Yes,Travel_Frequently,Research & Development,2,1,Life Sciences,1,3973,Male,1,Manufacturing Director,Married,134990,4,Y,23,8,2,11,2,7,0,7,4,1,2,4,4,7.895517952
37,Yes,Travel_Rarely,Research & Development,24,3,Life Sciences,1,3974,Male,1,Laboratory Technician,Single,137580,1,Y,11,8,1,10,5,10,0,8,4,1,1,3,3,6.195063186
39,No,Travel_Frequently,Research & Development,2,1,Medical,1,3975,Male,2,Healthcare Representative,Divorced,51550,2,Y,18,8,1,7,3,2,2,2,3,4,3,2,3,6.194631567
43,No,Non-Travel,Human Resources,8,5,Medical,1,3976,Female,3,Sales Executive,Single,22580,4,Y,18,8,0,7,2,3,1,2,1,3,2,3,3,7.353812915
41,No,Travel_Rarely,Research & Development,3,3,Life Sciences,1,3977,Male,3,Research Scientist,Single,35970,3,Y,13,8,1,11,2,3,1,2,2,2,1,1,3,7.81855859
41,No,Travel_Rarely,Research & Development,1,1,Technical Degree,1,3978,Male,3,Laboratory Technician,Divorced,25150,0,Y,18,8,0,23,2,22,13,5,3,3,4,2,3,10.28383543
30,No,Travel_Rarely,Sales,26,3,Marketing,1,3979,Female,2,Manager,Single,44200,9,Y,11,8,0,9,3,7,0,2,1,3,3,3,3,7.087064315
26,Yes,Travel_Rarely,Human Resources,2,1,Technical Degree,1,3980,Female,3,Sales Executive,Married,65780,0,Y,15,8,2,6,3,5,1,4,4,2,3,2,3,8.706473923
46,Yes,Travel_Rarely,Research & Development,10,3,Medical,1,3981,Male,1,Sales Executive,Married,44220,4,Y,11,8,1,13,2,9,3,7,4,2,4,3,3,7.98035575
40,No,Travel_Rarely,Sales,27,2,Medical,1,3982,Female,3,Sales Executive,Divorced,102740,4,Y,18,8,0,12,3,5,0,3,3,4,3,3,3,6.624849138
34,No,Travel_Rarely,Research & Development,2,3,Life Sciences,1,3983,Male,2,Laboratory Technician,Married,53430,1,Y,14,8,0,10,5,10,4,8,2,3,3,2,3,7.404434071
58,No,Non-Travel,Research & Development,2,4,Medical,1,3984,Male,1,Laboratory Technician,Divorced,23760,4,Y,12,8,1,37,3,16,14,14,2,2,2,3,3,6.579242098
35,No,Travel_Rarely,Research & Development,8,1,Technical Degree,1,3985,Female,3,Manufacturing Director,Married,53460,0,Y,14,8,0,6,3,5,0,3,2,3,4,2,3,7.40063357
47,No,Travel_Rarely,Research & Development,19,5,Medical,1,3986,Female,2,Research Scientist,Divorced,28270,8,Y,14,8,1,28,3,22,14,10,3,2,3,3,3,10.69458452
40,No,Travel_Rarely,Research & Development,1,4,Life Sciences,1,3987,Male,2,Manager,Divorced,199430,2,Y,13,8,1,15,3,7,7,7,2,1,3,3,3,7.240177404
54,No,Travel_Rarely,Sales,27,4,Medical,1,3988,Male,1,Research Scientist,Married,31310,4,Y,14,8,0,14,3,7,1,7,4,4,2,2,3,7.059951946
31,No,Travel_Frequently,Sales,8,4,Other,1,3989,Female,3,Manufacturing Director,Married,25520,2,Y,18,8,0,9,2,3,2,2,1,1,3,3,3,7.49025493
28,No,Travel_Rarely,Sales,1,2,Life Sciences,1,3990,Male,3,Manager,Married,44770,1,Y,15,8,0,3,6,3,1,2,3,1,3,3,3,7.590064463
38,No,Travel_Rarely,Research & Development,19,3,Medical,1,3991,Female,2,Manufacturing Director,Married,64740,2,Y,13,8,2,20,3,4,0,3,2,4,2,1,3,9.485377585
26,No,Travel_Rarely,Sales,8,3,Marketing,1,3992,Female,1,Healthcare Representative,Single,30330,1,Y,12,8,0,5,2,5,1,2,3,4,3,2,3,6.127782506
58,No,Travel_Frequently,Research & Development,10,4,Technical Degree,1,3993,Female,1,Sales Representative,Married,29360,2,Y,13,8,1,23,3,2,2,2,1,3,3,3,3,9.595179739
18,No,Non-Travel,Research & Development,2,3,Life Sciences,1,3994,Male,3,Sales Representative,Single,186060,1,Y,24,8,2,0,4,0,0,0,2,3,1,3,4,7.612805799
31,Yes,Travel_Rarely,Research & Development,2,3,Life Sciences,1,3995,Male,3,Laboratory Technician,Married,21680,0,Y,14,8,1,2,2,1,0,0,4,1,3,3,3,6.054205147
29,Yes,Travel_Rarely,Research & Development,8,2,Medical,1,3996,Male,1,Manager,Divorced,28530,4,Y,14,8,1,4,5,2,2,0,1,1,3,2,3,8.719821429
45,No,Non-Travel,Sales,1,4,Technical Degree,1,3997,Male,1,Research Scientist,Married,170480,4,Y,15,8,0,10,3,8,5,7,,3,4,2,3,7.173255463
36,No,Travel_Rarely,Sales,2,3,Technical Degree,1,3998,Female,5,Laboratory Technician,Married,22900,4,Y,11,8,0,15,5,1,0,0,4,2,3,3,3,10.67297
43,No,Travel_Frequently,Sales,8,3,Medical,1,3999,Male,1,Research Director,Married,36000,1,Y,23,8,0,7,2,7,7,7,1,4,3,3,4,6.983569915
27,No,Travel_Frequently,Sales,8,4,Life Sciences,1,4000,Male,5,Research Scientist,Single,21070,0,Y,13,8,0,6,2,5,0,2,4,4,2,3,3,10.21534491
29,No,Travel_Frequently,Research & Development,6,2,Medical,1,4001,Male,1,Human Resources,Married,41150,1,Y,11,8,0,11,1,11,3,10,4,4,4,3,3,7.707633524
32,No,Travel_Frequently,Sales,9,4,Life Sciences,1,4002,Male,4,Sales Executive,Single,43270,8,Y,13,8,0,4,4,0,0,0,4,4,4,3,3,7.611351931
42,No,Non-Travel,Research & Development,11,3,Medical,1,4003,Male,1,Manager,Married,178560,3,Y,18,8,0,10,2,6,3,3,3,3,2,3,3,6.48917364
47,No,Travel_Rarely,Sales,2,2,Life Sciences,1,4004,Female,5,Manager,Single,31960,4,Y,14,8,1,7,3,2,2,0,2,3,3,2,3,6.104896724
46,No,Travel_Rarely,Human Resources,1,3,Life Sciences,1,4005,Female,1,Laboratory Technician,Divorced,190810,3,Y,21,8,0,12,2,9,4,7,4,4,2,3,4,7.183088843
28,No,Non-Travel,Research & Development,7,3,Life Sciences,1,4006,Male,1,Sales Executive,Divorced,89660,1,Y,16,8,1,3,3,3,2,2,3,4,3,2,3,7.69957846
29,No,Travel_Rarely,Research & Development,16,3,Medical,1,4007,Female,1,Manufacturing Director,Divorced,22100,8,Y,11,8,1,11,4,7,1,6,4,3,3,3,3,8.028727524
42,No,Travel_Rarely,Sales,2,4,Medical,1,4008,Female,2,Research Director,Single,45390,4,Y,17,8,1,8,5,0,0,0,4,3,3,3,3,6.612405877
32,Yes,Travel_Rarely,Research & Development,1,1,Medical,1,4009,Male,2,Laboratory Technician,Single,27410,7,Y,11,8,0,7,3,2,2,2,3,2,2,3,3,10.37771683
46,No,Travel_Rarely,Research & Development,23,1,Life Sciences,1,4010,Male,2,Laboratory Technician,Divorced,34910,2,Y,14,8,0,25,0,19,2,8,1,1,3,3,3,7.934115403
27,No,Travel_Rarely,Sales,2,3,Life Sciences,1,4011,Female,5,Research Scientist,Married,45410,1,Y,14,8,2,9,4,9,5,8,2,3,3,4,3,7.055443262
29,No,Travel_Rarely,Research & Development,1,2,Medical,1,4012,Male,3,Sales Executive,Married,26780,1,Y,25,8,1,1,3,1,0,0,4,2,3,3,4,8.013264761
43,No,Travel_Rarely,Research & Development,1,3,Life Sciences,1,4013,Male,1,Manufacturing Director,Married,73790,7,Y,13,8,2,21,3,16,6,14,1,3,3,2,3,6.280660443
48,No,Travel_Rarely,Research & Development,2,3,Life Sciences,1,4014,Female,2,Manager,Married,62720,4,Y,14,8,0,29,3,22,12,9,4,2,3,2,3,6.11030064
29,Yes,Travel_Frequently,Research & Development,13,2,Life Sciences,1,4015,Female,1,Laboratory Technician,Single,52200,1,Y,17,8,0,1,3,1,1,0,4,4,2,2,3,8.596432179
46,Yes,Travel_Rarely,Research & Development,4,4,Medical,1,4016,Female,2,Sales Representative,Married,27430,5,Y,25,8,1,14,1,8,0,7,3,2,3,4,4,7.898959491
27,No,Travel_Frequently,Research & Development,16,4,Medical,1,4017,Male,3,Healthcare Representative,Married,49980,0,Y,20,8,2,8,3,7,7,3,4,1,2,3,4,7.688701742
39,No,Travel_Rarely,Research & Development,2,3,Technical Degree,1,4018,Male,3,Healthcare Representative,Divorced,102520,8,Y,13,8,1,7,3,2,2,2,4,4,3,3,3,6.493613445
55,No,Travel_Rarely,Research & Development,2,3,Life Sciences,1,4019,Female,1,Human Resources,Married,27810,8,Y,13,8,1,19,2,5,0,4,2,4,4,3,3,6.178373675
28,No,Travel_Rarely,Research & Development,29,2,Life Sciences,1,4020,Male,2,Laboratory Technician,Married,68520,1,Y,18,8,1,1,2,1,0,0,2,2,3,4,3,6.950778986
30,Yes,Travel_Rarely,Sales,12,4,Life Sciences,1,4021,Female,2,Sales Executive,Single,49500,1,Y,12,8,2,1,3,1,0,0,2,4,2,3,3,7.718414894
22,Yes,Travel_Rarely,Research & Development,16,2,Life Sciences,1,4022,Female,2,Laboratory Technician,Single,35790,1,Y,19,8,3,1,3,1,0,0,4,2,3,3,3,10.51289292
36,No,Travel_Rarely,Research & Development,11,3,Life Sciences,1,4023,Male,1,Sales Executive,Married,131910,1,Y,14,8,1,10,2,10,1,7,2,3,3,2,3,9.490429725
31,No,Travel_Rarely,Research & Development,2,4,Life Sciences,1,4024,Female,5,Manager,Divorced,103770,1,Y,14,8,0,10,2,10,0,2,2,3,3,3,3,7.527197962
34,No,Travel_Rarely,Sales,14,2,Technical Degree,1,4025,Female,1,Sales Executive,Married,22350,2,Y,14,8,1,9,2,5,1,0,3,4,3,3,3,8.067217554
29,No,Travel_Rarely,Research & Development,5,5,Life Sciences,1,4026,Female,1,Sales Executive,Single,105020,3,Y,12,8,0,11,4,3,1,2,4,1,3,2,3,7.119061065
37,No,Travel_Rarely,Research & Development,7,2,Medical,1,4027,Male,1,Manufacturing Director,Married,20110,5,Y,13,8,0,16,4,5,0,4,4,1,3,4,3,8.723634824
35,No,Travel_Rarely,Sales,2,1,Technical Degree,1,4028,Male,2,Laboratory Technician,Married,18590,0,Y,25,8,1,4,2,3,0,2,4,2,3,2,4,10.50696058
45,No,Travel_Rarely,Research & Development,3,3,Medical,1,4029,Female,2,Sales Executive,Married,37600,0,Y,14,8,1,10,2,9,3,8,2,4,2,2,3,7.110689928
36,No,Travel_Frequently,Research & Development,5,3,Medical,1,4030,Female,4,Manufacturing Director,Single,177790,1,Y,17,8,1,10,5,10,0,8,2,4,2,1,3,6.489738985
40,No,Travel_Rarely,Research & Development,3,3,Other,1,4031,Male,1,Sales Executive,Divorced,68330,2,Y,13,8,0,22,3,19,11,16,1,,3,3,3,6.832436343
26,No,Travel_Rarely,Research & Development,26,2,Life Sciences,1,4032,Male,2,Human Resources,Married,68120,1,Y,13,8,0,1,2,1,1,0,2,3,2,2,3,9.305777075
27,No,Travel_Rarely,Research & Development,4,3,Technical Degree,1,4033,Male,2,Manufacturing Director,Single,51710,0,Y,20,8,1,9,1,8,0,7,1,3,2,2,4,7.55472105
48,No,Travel_Frequently,Research & Development,2,3,Life Sciences,1,4034,Male,2,Research Director,Divorced,197400,3,Y,14,8,0,24,2,22,4,7,4,4,3,4,3,7.195166427
44,No,Travel_Rarely,Sales,1,2,Medical,1,4035,Male,4,Manager,Married,187110,2,Y,12,8,1,10,0,2,2,2,2,1,3,3,3,7.083899482
34,Yes,Non-Travel,Research & Development,27,2,Life Sciences,1,4036,Female,1,Sales Representative,Married,36920,1,Y,12,8,1,5,5,5,3,0,4,1,3,3,3,10.20066285
56,Yes,Travel_Rarely,Human Resources,1,2,Medical,1,4037,Female,5,Sales Executive,Single,25590,1,Y,21,8,0,5,3,4,1,0,1,4,3,3,4,6.893758381
36,No,Travel_Rarely,Research & Development,13,3,Technical Degree,1,4038,Female,3,Healthcare Representative,Married,25170,2,Y,14,8,0,12,3,4,1,3,3,2,1,3,3,7.322567723
41,No,Travel_Rarely,Research & Development,5,3,Life Sciences,1,4039,Female,1,Sales Executive,Married,66230,5,Y,18,8,0,14,3,5,1,4,3,2,3,3,3,6.408234127
42,No,Travel_Rarely,Research & Development,7,3,Technical Degree,1,4040,Female,2,Sales Executive,Married,182650,9,Y,12,8,1,18,4,13,5,7,3,1,4,3,3,7.421599576
31,No,Travel_Rarely,Sales,9,4,Life Sciences,1,4041,Female,1,Sales Executive,Divorced,161240,2,Y,23,8,1,8,2,5,1,4,3,4,3,2,4,8.306982212
34,No,Travel_Rarely,Research & Development,8,1,Life Sciences,1,4042,Female,3,Laboratory Technician,Married,25850,3,Y,12,8,0,9,5,4,0,1,4,4,2,3,3,9.197162132
31,No,Travel_Rarely,Sales,25,2,Life Sciences,1,4043,Female,3,Manufacturing Director,Divorced,182130,8,Y,21,8,2,4,3,2,2,2,1,3,2,4,4,6.829941331
26,No,Travel_Frequently,Sales,16,2,Life Sciences,1,4044,Male,2,Healthcare Representative,Married,83800,0,Y,14,8,0,8,3,7,7,7,3,4,3,4,3,6.103722687
45,No,Travel_Frequently,Research & Development,8,4,Life Sciences,1,4045,Female,2,Manager,Single,29940,4,Y,18,8,1,12,2,4,0,3,2,3,3,3,3,7.82578744
33,No,Travel_Rarely,Sales,1,3,Life Sciences,1,4046,Female,5,Sales Executive,Single,12230,1,Y,13,8,1,10,3,10,0,9,2,3,2,3,3,6.405410575
28,No,Travel_Frequently,Sales,8,3,Life Sciences,1,4047,Male,4,Research Scientist,Married,11180,1,Y,11,8,0,7,3,7,0,7,3,4,3,3,3,10.5612308
29,Yes,Travel_Frequently,Human Resources,2,4,Human Resources,1,4048,Male,2,Sales Executive,Single,28750,1,Y,11,8,0,1,3,1,0,0,3,1,3,3,3,6.796933851
39,No,Non-Travel,Research & Development,8,5,Medical,1,4049,Female,2,Sales Representative,Married,188240,6,Y,19,8,1,10,4,3,1,2,1,3,3,3,3,6.295510604
27,No,Travel_Rarely,Sales,3,2,Technical Degree,1,4050,Male,2,Healthcare Representative,Married,135770,1,Y,12,8,1,6,2,5,1,2,2,2,2,3,3,7.257912494
34,No,Travel_Frequently,Research & Development,9,4,Life Sciences,1,4051,Female,2,Manufacturing Director,Married,26250,1,Y,12,8,3,16,4,15,6,11,3,4,3,3,3,8.863294979
28,Yes,Travel_Rarely,Research & Development,25,3,Technical Degree,1,4052,Male,1,Research Director,Single,187890,3,Y,16,8,1,6,4,2,2,2,4,3,3,3,3,9.371956522
47,No,Non-Travel,Research & Development,1,4,Medical,1,4053,Male,1,Research Scientist,Married,45380,8,Y,11,8,0,16,3,8,1,7,3,2,4,3,3,5.990634752
56,No,Travel_Rarely,Research & Development,4,3,Technical Degree,1,4054,Female,2,Sales Executive,Married,198470,4,Y,14,8,0,6,6,0,0,0,4,1,3,3,3,7.89697338
39,No,Travel_Rarely,Research & Development,1,3,Other,1,4055,Female,1,Laboratory Technician,Married,105120,1,Y,12,8,1,10,2,10,7,9,1,1,3,3,3,7.016283069
38,No,Travel_Frequently,Research & Development,4,2,Medical,1,4056,Female,1,Manager,Divorced,44440,1,Y,13,8,0,20,2,20,0,7,4,2,3,3,3,10.78147737
58,No,Travel_Rarely,Sales,5,3,Marketing,1,4057,Male,5,Sales Representative,Married,21540,4,Y,21,8,1,29,3,1,0,0,4,4,2,3,4,9.923890037
32,Yes,Travel_Frequently,Research & Development,9,3,Life Sciences,1,4058,Male,2,Laboratory Technician,Single,191900,3,Y,17,8,1,8,2,4,0,3,1,3,3,3,3,10.21389953
38,No,Travel_Rarely,Research & Development,3,4,Life Sciences,1,4059,Female,1,Sales Representative,Divorced,44900,2,Y,21,8,1,10,1,5,0,3,2,4,4,3,4,7.610720165
49,No,Travel_Frequently,Sales,11,4,Life Sciences,1,4060,Male,2,Research Scientist,Married,35060,3,Y,11,8,1,28,4,5,4,3,2,4,3,2,3,6.307485251
42,No,Travel_Rarely,Sales,1,3,Life Sciences,1,4061,Female,1,Sales Executive,Divorced,23720,3,Y,12,8,1,14,3,0,0,0,2,4,3,3,3,8.693173759
27,Yes,Travel_Frequently,Sales,8,1,Life Sciences,1,4062,Male,4,Laboratory Technician,Married,102310,1,Y,13,8,1,1,2,1,0,0,1,2,3,3,3,6.498731033
35,No,Travel_Rarely,Research & Development,25,1,Medical,1,4063,Male,1,Sales Executive,Married,54100,0,Y,18,8,0,6,4,5,0,4,2,1,1,3,3,6.553021991
28,No,Non-Travel,Research & Development,21,1,Medical,1,4064,Male,3,Research Scientist,Single,79780,1,Y,16,8,2,5,2,5,1,4,3,3,2,3,3,6.708564214
31,No,Non-Travel,Sales,23,1,Medical,1,4065,Male,1,Sales Executive,Divorced,38670,1,Y,11,8,1,4,4,4,2,3,3,1,4,4,3,9.772402659
36,No,Non-Travel,Research & Development,1,3,Life Sciences,1,4066,Male,2,Research Scientist,Married,28380,1,Y,19,8,2,5,5,5,0,2,1,2,3,1,3,7.112342118
34,No,Travel_Rarely,Sales,2,3,Marketing,1,4067,Male,4,Healthcare Representative,Single,46950,1,Y,16,8,1,14,2,14,2,1,1,4,2,3,3,5.993801553
34,No,Travel_Rarely,Research & Development,19,3,Technical Degree,1,4068,Female,1,Research Director,Divorced,33390,1,Y,16,8,0,9,2,8,1,1,4,3,2,2,3,6.793736226
26,No,Travel_Rarely,Research & Development,2,2,Life Sciences,1,4069,Male,2,Research Scientist,Single,20800,0,Y,13,8,0,8,6,7,7,6,3,1,2,4,3,6.788305439
29,No,Travel_Rarely,Research & Development,2,4,Other,1,4070,Male,2,Laboratory Technician,Married,20960,0,Y,22,8,0,6,2,5,0,2,1,1,2,4,4,7.710127505
32,No,Non-Travel,Research & Development,3,1,Life Sciences,1,4071,Male,3,Manager,Divorced,62090,5,Y,17,8,1,9,5,5,1,2,3,4,3,4,3,6.603065844
31,No,Travel_Frequently,Research & Development,25,5,Technical Degree,1,4072,Female,2,Human Resources,Married,180610,1,Y,14,8,1,10,2,10,8,7,4,1,3,3,3,6.934000706
28,Yes,Travel_Rarely,Sales,7,5,Life Sciences,1,4073,Female,2,Sales Representative,Divorced,171230,5,Y,15,8,1,6,2,4,0,3,3,4,2,2,3,6.290863054
38,No,Travel_Rarely,Research & Development,9,2,Technical Degree,1,4074,Male,3,Sales Representative,Single,23720,4,Y,12,8,0,20,3,1,0,0,1,1,2,2,3,7.242158931
35,No,Travel_Rarely,Research & Development,5,3,Life Sciences,1,4075,Male,2,Sales Representative,Married,48830,1,Y,18,8,1,10,1,10,0,9,3,4,3,1,3,8.811529597
27,No,Travel_Rarely,Sales,2,3,Life Sciences,1,4076,Female,1,Manager,Single,39040,1,Y,15,8,0,7,2,7,0,7,4,4,3,3,3,7.889389358
32,No,Travel_Rarely,Research & Development,8,1,Medical,1,4077,Female,2,Research Scientist,Single,46270,8,Y,17,8,1,8,2,1,0,0,4,4,3,2,3,7.321815353
31,Yes,Travel_Frequently,Research & Development,2,1,Other,1,4078,Male,3,Sales Executive,Married,70940,1,Y,14,8,1,10,2,10,0,8,1,4,3,3,3,10.31786279
53,Yes,Travel_Rarely,Research & Development,18,3,Medical,1,4079,Male,1,Research Scientist,Single,34230,6,Y,15,8,1,15,4,2,2,2,1,1,2,3,3,10.80865278
54,No,Travel_Rarely,Research & Development,14,3,Other,1,4080,Male,3,Research Scientist,Married,66740,3,Y,17,8,1,9,2,4,2,3,1,3,2,3,3,7.858071256
33,No,Travel_Frequently,Research & Development,2,4,Medical,1,4081,Female,4,Sales Executive,Divorced,168800,1,Y,14,8,3,9,2,9,2,8,4,3,3,3,3,7.887598308
43,No,Travel_Rarely,Research & Development,3,3,Medical,1,4082,Male,1,Research Scientist,Married,90940,1,Y,12,8,1,10,0,10,0,9,1,3,3,3,3,7.520212351
38,No,Travel_Frequently,Research & Development,2,5,Medical,1,4083,Female,4,Sales Executive,Married,84460,0,Y,14,8,0,7,3,6,1,2,4,2,3,2,3,8.00335452
55,No,Travel_Rarely,Sales,9,3,Marketing,1,4084,Male,2,Laboratory Technician,Married,119160,4,Y,15,8,1,35,3,10,1,4,3,2,3,2,3,8.175601469
31,No,Travel_Rarely,Sales,6,3,Other,1,4085,Male,1,Manufacturing Director,Divorced,45340,1,Y,13,8,0,1,2,1,0,0,4,4,3,3,3,10.81375118
39,No,Travel_Rarely,Research & Development,4,3,Life Sciences,1,4086,Male,2,Sales Executive,Single,98520,0,Y,12,8,1,21,5,20,11,10,2,1,3,2,3,6.089302083
42,No,Non-Travel,Research & Development,10,4,Life Sciences,1,4087,Female,2,Research Scientist,Single,61510,1,Y,13,8,1,20,3,20,3,7,4,3,3,3,3,6.598213768
31,No,Non-Travel,Research & Development,14,2,Life Sciences,1,4088,Male,2,Healthcare Representative,Married,23020,4,Y,14,8,0,13,3,11,4,8,3,3,4,3,3,6.097765957
54,No,Travel_Rarely,Research & Development,1,3,Medical,1,4089,Female,2,Human Resources,Single,23620,6,Y,13,8,1,9,2,5,1,4,3,1,3,4,3,10.500979
24,No,Travel_Rarely,Research & Development,5,4,Other,1,4090,Male,1,Manufacturing Director,Single,178610,1,Y,11,8,2,4,5,4,1,2,2,3,2,1,3,6.874406342
23,No,Travel_Rarely,Research & Development,7,3,Life Sciences,1,4091,Male,2,Research Scientist,Single,191870,1,Y,11,8,1,5,2,5,1,4,4,4,4,3,3,7.025246528
40,No,Travel_Frequently,Research & Development,21,3,Medical,1,4092,Female,3,Research Scientist,Married,197170,1,Y,21,8,0,10,1,10,9,4,4,3,4,2,4,7.7999736
40,No,Travel_Rarely,Research & Development,8,1,Medical,1,4093,Female,5,Research Scientist,Married,35440,3,Y,18,8,3,15,3,11,5,10,2,2,3,2,3,6.187881218
25,No,Travel_Rarely,Sales,20,5,Medical,1,4094,Female,2,Laboratory Technician,Married,85000,4,Y,12,8,0,6,2,2,1,2,3,2,3,3,3,6.211339243
30,No,Travel_Rarely,Human Resources,20,4,Life Sciences,1,4095,Male,2,Research Scientist,Married,46610,1,Y,11,8,0,12,3,12,1,7,4,2,2,2,3,6.117868794
25,No,Travel_Rarely,Research & Development,7,2,Medical,1,4096,Male,5,Sales Executive,Divorced,41030,6,Y,15,8,1,7,2,2,0,2,4,3,2,3,3,10.19600591
47,No,Travel_Rarely,Research & Development,1,4,Life Sciences,1,4097,Male,2,Sales Executive,Single,42490,2,Y,13,8,1,25,2,17,12,11,1,3,3,2,3,7.794042824
33,No,Non-Travel,Research & Development,1,3,Life Sciences,1,4098,Male,2,Research Scientist,Divorced,140260,1,Y,12,8,0,1,4,1,0,0,2,3,2,3,3,6.203211806
38,No,Travel_Rarely,Research & Development,19,3,Life Sciences,1,4099,Female,2,Sales Executive,Married,68930,0,Y,17,8,0,16,3,15,5,8,4,2,3,3,3,7.914535147
31,No,Travel_Rarely,Research & Development,10,4,Medical,1,4100,Female,3,Sales Executive,Married,61250,0,Y,13,8,1,3,3,2,1,2,1,3,3,3,3,7.226888889
38,No,Travel_Frequently,Research & Development,1,4,Other,1,4101,Male,2,Research Scientist,Married,36690,2,Y,19,8,0,10,2,8,7,7,1,3,3,3,3,6.494887707
42,No,Travel_Rarely,Research & Development,6,3,Medical,1,4102,Male,2,Laboratory Technician,Divorced,100080,6,Y,19,8,1,9,3,4,1,2,4,1,2,1,3,9.803851166
41,No,Travel_Rarely,Sales,2,2,Medical,1,4103,Male,1,Healthcare Representative,Married,23870,3,Y,17,8,1,12,1,5,1,0,4,4,3,1,3,7.670736293
47,No,Non-Travel,Research & Development,21,2,Medical,1,4104,Male,1,Sales Executive,Married,46390,0,Y,11,8,1,14,2,13,5,12,3,2,1,2,3,7.224853076
35,No,Travel_Rarely,Research & Development,4,3,Life Sciences,1,4105,Male,2,Healthcare Representative,Married,78980,7,Y,15,8,0,5,2,2,2,2,4,3,3,2,3,10.38168184
22,No,Travel_Rarely,Human Resources,12,1,Human Resources,1,4106,Male,2,Sales Executive,Single,25340,0,Y,11,8,0,4,1,3,1,2,4,3,4,3,3,6.414363173
35,No,Travel_Rarely,Research & Development,9,3,Medical,1,4107,Female,2,Sales Executive,Single,131420,1,Y,25,8,2,10,4,10,0,8,2,3,3,3,4,7.986352859
33,No,Travel_Rarely,Sales,3,4,Medical,1,4108,Male,3,Healthcare Representative,Married,16110,0,Y,14,8,0,10,2,9,8,1,2,4,3,2,3,9.070098253
32,No,Travel_Rarely,Research & Development,3,2,Technical Degree,1,4109,Male,3,Manufacturing Director,Single,53630,1,Y,13,8,0,6,4,6,4,1,3,2,3,3,3,6.992426007
40,No,Travel_Rarely,Research & Development,1,4,Medical,1,4110,Male,2,Research Director,Married,50710,8,Y,17,8,1,8,3,1,0,0,1,4,2,2,3,6.217579033
32,No,Travel_Rarely,Research & Development,1,2,Medical,1,4111,Male,3,Sales Executive,Married,136950,0,Y,13,8,0,3,3,2,2,2,2,2,3,3,3,6.021211584
39,No,Travel_Rarely,Research & Development,4,4,Life Sciences,1,4112,Male,1,Sales Executive,Single,134020,7,Y,14,8,1,18,1,7,1,7,1,4,3,3,3,8.004868173
38,No,Travel_Rarely,Sales,20,4,Medical,1,4113,Female,2,Research Director,Married,20290,3,Y,11,8,1,20,3,18,1,11,2,3,3,2,3,8.043720156
32,No,Travel_Rarely,Research & Development,18,3,Life Sciences,1,4114,Male,2,Manager,Married,63770,1,Y,12,8,2,14,3,14,5,7,3,4,3,3,3,7.899861111
37,No,Travel_Rarely,Research & Development,1,3,Life Sciences,1,4115,Female,4,Sales Executive,Married,54290,1,Y,17,8,1,16,3,16,6,8,3,4,3,3,3,9.395383882
25,No,Travel_Rarely,Research & Development,2,4,Medical,1,4116,Female,2,Manufacturing Director,Divorced,27850,0,Y,21,8,0,6,2,5,0,4,1,3,2,3,4,7.972672176
52,No,Non-Travel,Research & Development,2,4,Other,1,4117,Male,1,Manager,Divorced,46140,2,Y,16,8,1,16,3,9,0,0,1,4,,3,3,6.776608064
44,No,Travel_Rarely,Research & Development,8,1,Life Sciences,1,4118,Female,1,Sales Representative,Single,26100,6,Y,15,8,0,6,2,4,1,2,2,4,3,3,3,10.79869468
21,No,Travel_Rarely,Sales,10,5,Medical,1,4119,Male,3,Research Scientist,Single,66870,1,Y,19,8,3,2,0,2,1,2,3,1,3,3,3,8.192936676
39,No,Non-Travel,Research & Development,3,4,Life Sciences,1,4120,Female,2,Research Director,Single,47240,2,Y,12,8,1,21,4,6,1,3,4,4,2,4,3,6.270208043
23,Yes,Travel_Frequently,Research & Development,2,4,Life Sciences,1,4121,Female,2,Manufacturing Director,Married,61790,1,Y,11,8,0,1,3,1,1,0,4,1,2,3,3,7.998599773
36,No,Travel_Rarely,Research & Development,24,3,Life Sciences,1,4122,Female,2,Laboratory Technician,Married,61200,0,Y,19,8,0,10,2,9,3,4,1,4,3,3,3,7.837768281
36,No,Travel_Frequently,Research & Development,16,1,Medical,1,4123,Male,2,Sales Executive,Divorced,105960,7,Y,15,8,0,18,3,4,0,2,4,2,3,2,3,7.801609511
56,No,Non-Travel,Research & Development,8,1,Life Sciences,1,4124,Male,1,Sales Executive,Divorced,54670,1,Y,20,8,0,13,6,13,1,9,3,3,2,2,4,6.571621169
29,Yes,Travel_Rarely,Research & Development,9,4,Medical,1,4125,Male,2,Sales Representative,Married,29960,9,Y,25,8,0,4,4,2,2,2,1,4,4,3,4,10.94032614
42,No,Travel_Rarely,Research & Development,17,1,Life Sciences,1,4126,Male,3,Research Scientist,Married,99980,5,Y,24,8,2,24,3,22,4,14,1,3,2,2,4,7.361333802
56,Yes,Travel_Rarely,Sales,10,4,Other,1,4127,Male,2,Sales Executive,Married,40780,8,Y,24,8,1,14,3,10,9,8,4,3,1,3,4,6.802081019
41,No,Travel_Rarely,Research & Development,13,4,Life Sciences,1,4128,Female,1,Healthcare Representative,Married,109200,0,Y,15,8,1,21,3,20,0,10,1,2,3,4,3,7.776606481
34,No,Travel_Rarely,Sales,1,3,Medical,1,4129,Female,1,Laboratory Technician,Married,62320,1,Y,13,8,1,8,3,8,1,7,4,3,3,3,3,7.387210838
36,No,Non-Travel,Sales,1,1,Medical,1,4130,Female,1,Human Resources,Divorced,132470,1,Y,14,8,0,15,3,15,11,11,4,4,2,3,3,7.725861823
41,No,Travel_Rarely,Research & Development,1,5,Medical,1,4131,Male,1,Healthcare Representative,Divorced,40810,2,Y,13,8,0,14,3,5,0,4,3,2,3,3,3,7.090625
32,No,Travel_Rarely,Sales,9,4,Life Sciences,1,4132,Female,2,Research Scientist,Single,57690,1,Y,11,8,0,4,3,4,1,2,4,1,3,3,3,6.661144068
35,No,Travel_Rarely,Research & Development,16,3,Medical,1,4133,Female,2,Healthcare Representative,Single,23940,1,Y,16,8,1,9,3,9,1,7,3,4,3,3,3,10.47592554
38,No,Travel_Rarely,Research & Development,23,3,Medical,1,4134,Male,3,Sales Representative,Married,39040,1,Y,22,8,0,10,3,10,1,9,1,4,3,2,4,6.92708156
50,Yes,Travel_Frequently,Sales,4,2,Life Sciences,1,4135,Female,2,Laboratory Technician,Divorced,167990,7,Y,14,8,1,12,2,6,0,1,2,3,3,2,3,7.187586445
36,No,Travel_Rarely,Research & Development,22,4,Life Sciences,1,4136,Male,1,Healthcare Representative,Married,29500,4,Y,14,8,0,8,1,6,0,0,2,4,2,2,3,6.304837369
45,No,Travel_Rarely,Sales,24,3,Life Sciences,1,4137,Male,1,Laboratory Technician,Single,36290,8,Y,16,8,1,8,2,5,0,1,4,3,3,4,3,6.104605201
40,No,Travel_Rarely,Sales,10,4,Life Sciences,1,4138,Male,1,Research Scientist,Single,93620,2,Y,11,8,1,8,6,2,2,2,3,3,3,3,3,6.195991379
35,No,Travel_Frequently,Sales,7,2,Life Sciences,1,4139,Male,2,Manufacturing Director,Married,32290,1,Y,25,8,0,10,2,10,0,2,3,3,4,2,4,8.405673436
40,No,Travel_Rarely,Research & Development,17,4,Life Sciences,1,4140,Male,1,Manager,Married,35780,2,Y,14,8,1,20,2,5,0,2,3,3,3,3,3,7.508661616
35,No,Travel_Rarely,Human Resources,14,1,Life Sciences,1,4141,Male,2,Research Scientist,Married,79880,1,Y,18,8,0,4,3,4,1,1,3,4,3,3,3,6.858034934
29,No,Travel_Rarely,Research & Development,1,3,Medical,1,4142,Male,3,Sales Executive,Married,42840,4,Y,11,8,0,10,5,4,0,3,4,2,3,2,3,9.820634579
29,No,Travel_Rarely,Research & Development,5,3,Medical,1,4143,Male,2,Sales Representative,Single,75530,1,Y,19,8,0,5,3,5,0,4,4,1,1,3,3,6.062686404
50,Yes,Travel_Rarely,Research & Development,17,3,Medical,1,4144,Male,1,Research Scientist,Divorced,173280,4,Y,15,8,2,20,1,3,2,0,4,1,3,3,3,9.617874597
39,No,Travel_Rarely,Sales,25,3,Medical,1,4145,Male,2,Sales Executive,Married,197010,0,Y,11,8,0,21,3,20,9,6,2,4,2,4,3,7.537574303
31,No,Non-Travel,Research & Development,8,4,Life Sciences,1,4146,Female,4,Sales Executive,Single,147320,0,Y,12,8,0,10,3,9,1,7,2,1,3,3,3,7.313956056
26,No,Travel_Rarely,Research & Development,11,4,Medical,1,4147,Male,2,Manager,Single,92780,0,Y,20,8,0,5,3,4,0,0,4,3,3,3,4,7.488528986
36,No,Travel_Frequently,Research & Development,5,1,Technical Degree,1,4148,Male,1,Sales Executive,Married,13590,4,Y,12,8,0,17,2,5,0,3,3,4,3,3,3,7.731271991
39,No,Travel_Rarely,Research & Development,2,1,Medical,1,4149,Female,1,Research Scientist,Married,47790,4,Y,14,8,2,9,3,7,1,7,4,1,3,3,3,5.986141044
27,No,Travel_Rarely,Research & Development,8,2,Medical,1,4150,Male,1,Laboratory Technician,Married,164220,1,Y,20,8,1,6,3,6,0,3,2,2,3,3,4,9.328113276
49,No,Travel_Frequently,Research & Development,6,1,Medical,1,4151,Male,3,Healthcare Representative,Married,29960,2,Y,18,8,1,17,2,9,0,8,4,2,2,2,3,6.417208333
34,No,Travel_Rarely,Sales,4,3,Medical,1,4152,Female,1,Sales Executive,Married,12610,2,Y,14,8,1,6,6,4,1,2,2,3,4,3,3,6.470389626
41,Yes,Travel_Rarely,Research & Development,7,2,Life Sciences,1,4153,Female,1,Research Scientist,Single,20990,8,Y,12,8,1,8,2,6,0,5,2,4,1,3,3,8.586371083
49,No,Travel_Frequently,Sales,1,4,Life Sciences,1,4154,Female,2,Manufacturing Director,Married,58100,1,Y,21,8,1,10,2,10,1,7,3,2,3,3,4,6.697658066
37,Yes,Travel_Rarely,Research & Development,2,3,Life Sciences,1,4155,Male,1,Sales Executive,Single,56470,6,Y,19,8,0,7,2,0,0,0,4,3,3,3,3,8.49064932
33,No,Travel_Frequently,Research & Development,10,2,Medical,1,4156,Male,2,Research Scientist,Married,34200,1,Y,14,8,0,8,3,8,3,0,4,3,3,3,3,9.49848816
27,No,Travel_Rarely,Sales,5,4,Medical,1,4157,Female,4,Manufacturing Director,Married,44000,9,Y,17,8,1,6,3,2,2,2,1,2,3,2,3,6.415852741
32,No,Travel_Frequently,Research & Development,9,2,Medical,1,4158,Female,2,Research Scientist,Single,35000,0,Y,16,8,1,8,2,7,3,6,4,4,2,2,3,7.343237667
59,No,Travel_Rarely,Sales,2,2,Marketing,1,4159,Female,5,Sales Representative,Married,20660,4,Y,12,8,1,12,3,1,0,0,3,1,2,3,3,10.02127423
30,No,Travel_Rarely,Research & Development,11,4,Medical,1,4160,Male,2,Laboratory Technician,Divorced,171690,1,Y,17,8,2,1,2,1,0,0,4,3,3,3,3,6.388534812
38,No,Travel_Frequently,Sales,18,4,Life Sciences,1,4161,Male,2,Healthcare Representative,Single,41620,0,Y,15,8,1,10,1,9,1,8,4,3,3,3,3,7.987472222
36,No,Travel_Rarely,Research & Development,7,3,Life Sciences,1,4162,Male,1,Sales Executive,Married,92040,6,Y,23,8,1,17,2,7,7,7,3,3,2,3,4,7.807432336
35,No,Travel_Rarely,Human Resources,3,4,Human Resources,1,4163,Male,2,Manager,Married,32940,0,Y,11,8,0,6,2,5,0,3,1,2,3,3,3,7.505974617
29,No,Travel_Rarely,Sales,29,4,Life Sciences,1,4164,Male,2,Laboratory Technician,Single,21270,0,Y,11,8,1,10,3,9,0,8,4,3,3,2,3,10.70136313
31,No,Travel_Rarely,Research & Development,2,2,Medical,1,4165,Male,2,Laboratory Technician,Divorced,39750,1,Y,15,8,1,5,3,5,4,3,1,3,2,3,3,6.289178437
34,No,Travel_Rarely,Research & Development,28,3,Technical Degree,1,4166,Male,1,Laboratory Technician,Divorced,107930,0,Y,11,8,3,3,1,2,1,2,2,4,3,2,3,7.597329245
28,Yes,Travel_Rarely,Research & Development,1,4,Life Sciences,1,4167,Male,5,Research Director,Single,100960,5,Y,13,8,0,6,2,4,0,3,3,3,3,3,3,10.49613658
29,No,Travel_Rarely,Research & Development,16,2,Life Sciences,1,4168,Female,4,Laboratory Technician,Divorced,36460,1,Y,14,8,0,10,3,10,8,8,2,1,3,4,3,8.015278965
32,No,Travel_Rarely,Human Resources,22,3,Human Resources,1,4169,Female,2,Research Director,Divorced,74460,0,Y,19,8,0,7,3,6,0,5,1,2,2,3,3,10.69956067
22,No,Non-Travel,Research & Development,8,3,Life Sciences,1,4170,Female,3,Sales Executive,Divorced,108510,1,Y,16,8,1,1,2,1,0,0,4,4,2,4,3,9.981459836
53,No,Travel_Rarely,Research & Development,11,3,Medical,1,4171,Male,2,Manager,Married,21090,2,Y,13,8,0,31,3,25,3,7,1,4,3,3,3,8.030597928
38,No,Travel_Rarely,Research & Development,29,3,Life Sciences,1,4172,Female,1,Manufacturing Director,Single,37220,5,Y,14,8,0,6,0,3,1,2,4,4,3,3,3,9.709824561
24,No,Non-Travel,Research & Development,1,5,Life Sciences,1,4173,Male,3,Research Scientist,Divorced,93800,0,Y,16,8,0,5,2,4,1,3,1,3,2,2,3,6.899938937
36,Yes,Travel_Rarely,Research & Development,1,3,Life Sciences,1,4174,Male,1,Research Director,Single,54860,7,Y,12,8,1,10,2,5,0,3,3,1,3,3,3,6.495408357
34,No,Travel_Rarely,Sales,24,3,Marketing,1,4175,Male,4,Research Scientist,Single,27420,0,Y,11,8,1,13,2,12,2,11,1,2,3,3,3,6.142811343
21,No,Travel_Rarely,Sales,2,3,Life Sciences,1,4176,Male,2,Manufacturing Director,Single,137570,1,Y,12,8,1,0,3,0,0,0,3,4,3,3,3,5.986162281
34,Yes,Travel_Rarely,Sales,15,2,Marketing,1,4177,Female,2,Research Scientist,Single,84630,2,Y,13,8,0,8,2,4,1,3,2,1,3,1,3,7.799673203
53,No,Travel_Rarely,Sales,2,1,Life Sciences,1,4178,Male,5,Human Resources,Divorced,31620,4,Y,15,8,0,26,4,14,4,8,3,3,2,3,3,7.515122449
32,Yes,Travel_Frequently,Research & Development,10,3,Medical,1,4179,Female,2,Manufacturing Director,Single,165980,1,Y,13,8,0,10,2,10,6,7,2,1,3,3,3,9.541501662
42,No,Travel_Rarely,Research & Development,10,3,Technical Degree,1,4180,Male,2,Laboratory Technician,Married,66510,0,Y,20,8,0,10,5,9,4,2,3,2,3,2,4,6.922530325
44,No,Travel_Rarely,Research & Development,3,1,Life Sciences,1,4181,Female,1,Manufacturing Director,Married,23450,3,Y,15,8,2,24,0,22,5,17,1,4,3,3,3,7.089795382
46,No,Travel_Rarely,Sales,2,3,Life Sciences,1,4182,Female,1,Research Scientist,Single,34200,3,Y,13,8,2,22,3,2,2,1,2,1,2,1,3,8.047628472
33,No,Travel_Rarely,Sales,3,3,Medical,1,4183,Male,1,Manufacturing Director,Single,43730,4,Y,14,8,0,7,3,1,0,0,3,4,3,3,3,6.498398345
44,No,Travel_Rarely,Human Resources,26,3,Life Sciences,1,4184,Male,5,Healthcare Representative,Married,47590,2,Y,21,8,0,9,2,4,1,3,4,4,4,3,4,8.495515214
30,No,Travel_Rarely,Research & Development,1,4,Technical Degree,1,4185,Female,1,Research Scientist,Single,53010,1,Y,16,8,1,10,3,10,1,8,4,3,3,3,3,6.059143422
39,Yes,Travel_Rarely,Human Resources,1,4,Medical,1,4186,Male,1,Sales Executive,Married,36730,3,Y,14,8,1,19,3,1,0,0,4,4,4,3,3,6.507941448
24,Yes,Travel_Rarely,Human Resources,2,5,Human Resources,1,4187,Male,3,Sales Executive,Married,47680,2,Y,11,8,1,6,2,2,2,0,2,4,2,2,3,9.683534014
43,No,Travel_Rarely,Sales,9,5,Technical Degree,1,4188,Female,1,Research Director,Divorced,12740,1,Y,19,8,0,6,3,5,1,4,4,3,2,2,3,6.508396249
50,Yes,Travel_Rarely,Research & Development,12,4,Medical,1,4189,Male,1,Research Director,Married,49000,1,Y,11,8,0,3,3,3,0,2,1,3,3,2,3,8.930534934
35,No,Travel_Rarely,Sales,2,4,Marketing,1,4190,Male,3,Manufacturing Director,Married,104660,1,Y,13,8,0,2,1,2,2,2,4,4,3,3,3,7.090280162
36,No,Travel_Rarely,Research & Development,25,1,Life Sciences,1,4191,Female,4,Sales Executive,Married,170070,9,Y,12,8,1,6,2,1,0,0,2,1,4,2,3,9.114469058
33,No,Travel_Frequently,Sales,9,2,Marketing,1,4192,Male,4,Human Resources,Married,29090,2,Y,11,8,0,10,2,5,1,3,3,1,3,2,3,6.563536727
35,No,Travel_Rarely,Research & Development,10,1,Medical,1,4193,Male,1,Research Scientist,Divorced,57650,1,Y,14,8,1,1,2,1,0,0,3,4,3,3,3,6.195321577
27,No,Travel_Rarely,Sales,8,2,Marketing,1,4194,Female,3,Research Scientist,Divorced,45990,1,Y,15,8,1,1,3,1,0,0,4,1,3,2,3,7.592880056
26,Yes,Travel_Rarely,Sales,4,3,Marketing,1,4195,Male,2,Manager,Single,24040,1,Y,12,8,0,1,6,1,0,1,1,3,2,3,3,7.717430255
27,No,Travel_Frequently,Sales,24,3,Life Sciences,1,4196,Male,4,Healthcare Representative,Single,31720,1,Y,20,8,1,9,1,9,1,7,4,3,3,3,4,6.806234162
30,No,Travel_Frequently,Research & Development,1,4,Medical,1,4197,Male,1,Research Scientist,Single,20330,1,Y,14,8,1,12,3,12,3,7,3,4,3,1,3,6.819847941
41,Yes,Travel_Rarely,Sales,20,4,Marketing,1,4198,Male,2,Sales Executive,Married,102090,1,Y,13,8,1,23,2,22,15,8,2,3,3,3,3,5.989205182
34,No,Non-Travel,Research & Development,7,2,Technical Degree,1,4199,Female,1,Research Scientist,Single,86200,0,Y,13,8,1,10,2,9,8,7,2,3,3,2,3,7.813032503
37,No,Travel_Rarely,Research & Development,17,3,Life Sciences,1,4200,Female,3,Sales Executive,Married,20640,4,Y,16,8,0,8,3,1,0,0,2,2,3,2,3,6.091138032
46,No,Travel_Frequently,Research & Development,20,3,Technical Degree,1,4201,Male,3,Sales Executive,Single,40350,4,Y,14,8,1,14,2,9,0,8,1,4,3,3,3,9.277514124
35,No,Travel_Rarely,Research & Development,8,4,Medical,1,4202,Female,3,Research Scientist,Married,38380,1,Y,16,8,1,1,2,1,0,1,4,4,3,3,3,6.892216459
48,Yes,Travel_Rarely,Research & Development,2,4,Technical Degree,1,4203,Female,1,Sales Executive,Single,45910,9,Y,16,8,0,23,6,1,0,0,1,3,3,1,3,9.344940898
28,Yes,Travel_Rarely,Research & Development,10,1,Medical,1,4204,Male,1,Sales Executive,Single,25610,1,Y,22,8,1,2,3,2,2,2,3,3,2,3,4,10.71907328
44,No,Travel_Rarely,Research & Development,1,1,Medical,1,4205,Female,3,Research Scientist,Divorced,15630,5,Y,12,8,2,9,3,4,1,3,2,1,2,3,3,9.4045351
35,No,Non-Travel,Research & Development,5,4,Technical Degree,1,4206,Female,3,Manufacturing Director,Married,48980,2,Y,15,8,2,10,2,4,2,3,3,1,3,3,3,9.545177731
26,No,Travel_Rarely,Research & Development,4,4,Life Sciences,1,4207,Female,3,Sales Executive,Married,47890,7,Y,20,8,1,5,2,2,0,0,3,4,2,3,4,10.21198856
33,No,Travel_Frequently,Sales,29,4,Life Sciences,1,4208,Female,1,Human Resources,Single,31800,1,Y,14,8,1,15,2,15,8,12,1,4,3,3,3,8.229783821
35,No,Travel_Frequently,Research & Development,15,3,Medical,1,4209,Male,3,Manufacturing Director,Married,65490,1,Y,20,8,0,9,3,9,1,8,2,1,2,3,4,6.509724596
35,No,Travel_Rarely,Human Resources,3,2,Life Sciences,1,4210,Female,1,Laboratory Technician,Married,63880,3,Y,13,8,0,4,6,2,2,2,3,1,3,2,3,8.808449976
31,No,Travel_Rarely,Sales,10,2,Life Sciences,1,4211,Female,2,Research Scientist,Divorced,112440,3,Y,12,8,1,10,3,7,1,7,4,4,2,3,3,6.109294326
37,No,Travel_Rarely,Sales,4,3,Marketing,1,4212,Male,4,Human Resources,Divorced,160320,1,Y,13,8,0,7,2,7,0,7,1,3,4,3,3,7.374041727
32,No,Travel_Rarely,Research & Development,21,3,Other,1,4213,Male,2,Sales Executive,Married,23620,1,Y,11,8,0,9,2,9,7,8,1,4,3,3,3,8.126881914
38,No,Travel_Frequently,Research & Development,25,3,Medical,1,4214,Male,2,Manufacturing Director,Single,163280,1,Y,17,8,3,10,2,10,9,9,4,4,3,3,3,6.234996513
50,No,Travel_Rarely,Sales,2,4,Marketing,1,4215,Female,4,Research Scientist,Divorced,83760,5,Y,14,8,3,29,2,27,13,8,2,3,2,3,3,9.482685569
59,No,Travel_Rarely,Research & Development,1,3,Technical Degree,1,4216,Male,1,Laboratory Technician,Single,166060,7,Y,11,8,0,28,6,21,7,9,1,1,2,3,3,6.880628415
36,No,Travel_Rarely,Sales,1,2,Marketing,1,4217,Female,2,Sales Executive,Divorced,86060,1,Y,14,8,2,17,3,17,12,8,3,3,3,3,3,5.989278263
55,No,Travel_Rarely,Research & Development,7,3,Medical,1,4218,Male,3,Research Scientist,Divorced,22720,2,Y,17,8,1,21,2,5,0,2,4,3,3,3,3,8.108733796
36,No,Travel_Frequently,Research & Development,3,3,Life Sciences,1,4219,Female,2,Laboratory Technician,Single,20180,1,Y,13,8,0,6,5,6,0,3,2,2,3,3,3,7.219032567
45,No,Travel_Rarely,Research & Development,1,2,Medical,1,4220,Female,1,Sales Executive,Divorced,70830,2,Y,12,8,1,25,5,1,0,0,2,,3,3,3,6.761879227
35,No,Travel_Frequently,Human Resources,9,3,Other,1,4221,Female,2,Sales Representative,Married,40840,4,Y,13,8,1,5,3,3,1,2,2,1,2,3,3,6.108751836
36,Yes,Travel_Rarely,Sales,7,2,Life Sciences,1,4222,Male,4,Laboratory Technician,Married,144110,0,Y,18,8,3,2,2,1,0,0,4,3,2,4,3,8.895458446
59,No,Travel_Frequently,Research & Development,10,4,Life Sciences,1,4223,Male,3,Research Scientist,Single,23080,7,Y,19,8,1,20,4,4,1,3,1,3,2,2,3,6.798518131
29,No,Travel_Rarely,Research & Development,28,4,Life Sciences,1,4224,Female,1,Sales Representative,Married,48410,0,Y,11,8,0,6,3,5,0,4,3,2,3,3,3,7.813715847
31,No,Travel_Rarely,Research & Development,3,2,Medical,1,4225,Female,3,Sales Executive,Single,42850,1,Y,21,8,1,1,2,1,1,0,3,2,3,1,4,6.348673795
32,No,Travel_Rarely,Sales,3,4,Life Sciences,1,4226,Male,2,Manufacturing Director,Married,97150,1,Y,15,8,1,10,1,10,0,9,2,2,3,2,3,7.515204011
36,No,Travel_Rarely,Research & Development,2,3,Life Sciences,1,4227,Male,2,Sales Representative,Married,43200,,Y,17,8,0,5,2,1,0,0,2,4,3,3,3,7.206301789
31,No,Travel_Rarely,Research & Development,27,3,Medical,1,4228,Female,2,Research Director,Single,21320,1,Y,18,8,0,11,3,11,1,8,3,4,3,3,3,6.118682367
35,No,Travel_Rarely,Research & Development,2,4,Medical,1,4229,Male,2,Healthcare Representative,Single,101240,0,Y,14,8,1,16,2,15,2,8,3,1,3,4,3,5.999399906
45,No,Travel_Rarely,Human Resources,14,3,Human Resources,1,4230,Female,1,Sales Executive,Married,54730,4,Y,13,8,0,17,3,0,0,0,4,1,4,1,3,8.909158497
37,No,Travel_Rarely,Research & Development,1,3,Life Sciences,1,4231,Female,3,Sales Executive,Single,52070,4,Y,17,8,3,16,3,5,0,2,1,3,4,3,3,6.568620731
46,No,Travel_Rarely,Research & Development,9,3,Medical,1,4232,Male,3,Manager,Divorced,164370,8,Y,15,8,1,16,0,4,0,2,2,2,3,3,3,10.30656193
30,No,Travel_Rarely,Sales,18,3,Life Sciences,1,4233,Male,4,Human Resources,Married,22960,1,Y,18,8,1,10,2,10,3,0,4,4,2,3,3,9.175108089
35,No,Travel_Rarely,Research & Development,20,4,Life Sciences,1,4234,Female,3,Human Resources,Single,40690,1,Y,13,8,0,6,5,6,0,4,2,3,3,3,3,7.879347928
55,No,Travel_Rarely,Research & Development,2,3,Life Sciences,1,4235,Female,2,Laboratory Technician,Married,74410,3,Y,12,8,1,24,4,1,1,0,1,4,3,3,3,6.696436782
38,No,Non-Travel,Sales,11,1,Marketing,1,4236,Male,2,Laboratory Technician,Divorced,24300,7,Y,13,8,2,17,2,13,1,9,2,4,3,4,3,8.808586601
34,No,Travel_Rarely,Research & Development,8,2,Medical,1,4237,Male,1,Research Scientist,Married,58780,1,Y,14,8,0,5,1,5,1,3,1,2,3,3,3,7.978471641
56,No,Travel_Rarely,Human Resources,2,1,Medical,1,4238,Male,2,Sales Executive,Single,26440,4,Y,11,8,1,37,2,6,0,2,4,4,2,3,3,6.305317952
23,No,Travel_Rarely,Research & Development,10,3,Medical,1,4239,Male,2,Laboratory Technician,Divorced,64390,3,Y,22,8,3,3,2,0,0,0,3,1,3,3,4,6.401212121
51,No,Travel_Rarely,Research & Development,29,4,Life Sciences,1,4240,Female,5,Manufacturing Director,Married,24510,3,Y,17,8,0,10,2,4,0,3,4,4,3,2,3,6.725334934
30,No,Travel_Rarely,Sales,8,2,Technical Degree,1,4241,Male,1,Sales Representative,Married,63920,1,Y,21,8,1,11,2,11,10,8,3,4,3,4,4,7.587324074
46,Yes,Travel_Rarely,Sales,1,2,Medical,1,4242,Female,2,Research Scientist,Single,97140,1,Y,22,8,0,9,0,9,4,7,3,4,3,3,4,6.169058982
40,No,Travel_Frequently,Research & Development,6,3,Medical,1,4243,Male,1,Healthcare Representative,Married,60770,1,Y,16,8,2,22,2,22,11,11,3,2,2,2,3,7.406232282
51,No,Travel_Rarely,Research & Development,8,4,Life Sciences,1,4244,Female,5,Sales Representative,Single,24500,0,Y,12,8,1,11,2,10,1,0,3,4,1,3,3,10.09669597
30,No,Travel_Rarely,Research & Development,9,3,Life Sciences,1,4245,Male,1,Manufacturing Director,Divorced,92500,1,Y,12,8,3,11,0,11,2,7,3,2,2,3,3,8.09089377
46,No,Travel_Frequently,Research & Development,12,1,Medical,1,4246,Male,1,Laboratory Technician,Married,20740,2,Y,15,8,1,21,3,10,9,5,3,1,2,3,3,8.994402494
32,No,Travel_Rarely,Sales,15,3,Marketing,1,4247,Male,1,Research Scientist,Single,101690,1,Y,14,8,0,12,6,11,5,7,2,3,3,2,3,7.266617852
54,No,Travel_Rarely,Research & Development,25,1,Medical,1,4248,Female,1,Laboratory Technician,Married,48550,9,Y,25,8,1,16,2,4,0,3,1,3,1,2,4,7.627571256
24,No,Travel_Rarely,Sales,6,2,Marketing,1,4249,Male,2,Research Scientist,Married,40870,0,Y,20,8,3,4,1,3,0,2,1,3,2,3,4,7.805606695
28,No,Non-Travel,Sales,9,4,Medical,1,4250,Male,2,Laboratory Technician,Married,23670,1,Y,13,8,0,5,2,5,0,4,2,3,4,2,3,5.983380414
58,No,Travel_Rarely,Research & Development,8,4,Life Sciences,1,4251,Male,2,Sales Executive,Single,29720,0,Y,14,8,0,38,2,37,1,8,4,3,2,4,3,7.117888889
44,No,Non-Travel,Research & Development,23,2,Medical,1,4252,Female,1,Research Scientist,Married,195860,4,Y,16,8,0,17,3,3,1,2,2,2,4,2,3,6.73713694
37,Yes,Travel_Rarely,Human Resources,9,3,Human Resources,1,4253,Male,2,Healthcare Representative,Divorced,54840,4,Y,17,8,0,7,4,3,0,2,3,1,3,3,3,10.09662437
32,No,Travel_Rarely,Human Resources,12,2,Human Resources,1,4254,Female,1,Sales Representative,Single,20610,1,Y,15,8,1,1,2,1,0,0,4,1,3,2,3,8.000715308
20,Yes,Travel_Frequently,Sales,4,4,Life Sciences,1,4255,Female,2,Healthcare Representative,Single,99240,1,Y,22,8,0,1,3,1,1,0,4,4,3,3,4,10.71681766
34,No,Travel_Rarely,Research & Development,1,4,Other,1,4256,Male,4,Laboratory Technician,Single,41980,1,Y,22,8,1,16,2,16,2,10,1,3,3,2,4,7.607830009
37,No,Non-Travel,Sales,24,2,Life Sciences,1,4257,Male,1,Research Scientist,Divorced,68150,5,Y,20,8,1,17,3,1,0,0,3,4,4,3,4,7.752644076
59,No,Non-Travel,Research & Development,12,2,Life Sciences,1,4258,Male,2,Sales Executive,Married,47230,9,Y,14,8,0,30,0,3,2,2,3,4,3,3,3,7.205767763
50,No,Travel_Frequently,Research & Development,3,4,Medical,1,4259,Male,4,Research Scientist,Married,61420,3,Y,13,8,2,28,3,8,0,7,1,2,2,2,3,9.5771949
25,Yes,Travel_Rarely,Sales,10,1,Marketing,1,4260,Male,2,Research Director,Single,82370,1,Y,13,8,0,6,6,6,0,3,3,3,3,2,3,8.47896809
25,No,Travel_Rarely,Research & Development,26,3,Technical Degree,1,4261,Male,1,Laboratory Technician,Married,88530,1,Y,22,8,1,2,3,2,2,1,4,4,3,3,4,7.685013343
22,No,Travel_Rarely,Research & Development,2,1,Life Sciences,1,4262,Male,1,Sales Representative,Single,193310,1,Y,12,8,1,1,2,0,0,0,2,4,3,3,3,6.288958333
51,No,Travel_Frequently,Research & Development,1,3,Life Sciences,1,4263,Female,1,Sales Executive,Single,20730,3,Y,14,8,1,23,4,13,12,8,1,1,2,3,3,7.503041126
34,Yes,Travel_Frequently,Human Resources,4,4,Life Sciences,1,4264,Female,5,Sales Executive,Single,55620,1,Y,15,8,0,9,3,9,0,6,1,3,3,3,3,8.177102837
54,No,Non-Travel,Research & Development,9,3,Life Sciences,1,4265,Male,1,Laboratory Technician,Single,196130,2,Y,17,8,0,23,5,5,4,4,4,4,3,3,3,8.078528591
24,No,Travel_Rarely,Research & Development,2,1,Life Sciences,1,4266,Male,2,Laboratory Technician,Married,34070,0,Y,13,8,1,6,4,5,1,2,2,3,3,3,3,6.51509139
34,No,Travel_Rarely,Sales,4,3,Marketing,1,4267,Female,2,Sales Representative,Divorced,50630,6,Y,12,8,1,12,2,1,0,0,3,2,3,3,3,6.020694444
37,No,Travel_Rarely,Sales,6,1,Technical Degree,1,4268,Male,1,Laboratory Technician,Single,46390,2,Y,12,8,2,12,3,5,1,3,3,4,3,3,3,6.211864568
34,No,Travel_Rarely,Sales,9,2,Medical,1,4269,Male,2,Healthcare Representative,Single,48760,2,Y,21,8,1,14,3,11,5,8,3,1,3,3,4,7.862405002
36,No,Travel_Frequently,Human Resources,7,3,Medical,1,4270,Male,1,Research Scientist,Married,26900,0,Y,11,8,0,10,1,9,2,8,2,4,3,3,3,8.021531915
36,No,Travel_Rarely,Research & Development,1,3,Medical,1,4271,Female,2,Manufacturing Director,Divorced,175670,5,Y,13,8,0,7,6,1,0,0,1,4,3,3,3,7.500177596
43,No,Travel_Frequently,Research & Development,3,4,Life Sciences,1,4272,Male,1,Sales Executive,Married,24080,1,Y,12,8,1,25,3,25,4,12,3,4,4,3,3,8.757728758
30,No,Travel_Frequently,Research & Development,10,3,Life Sciences,1,4273,Female,3,Healthcare Representative,Divorced,28140,1,Y,24,8,0,10,2,10,0,9,1,3,2,3,4,7.892903188
33,No,Non-Travel,Sales,7,3,Life Sciences,1,4274,Male,2,Sales Executive,Married,112450,0,Y,21,8,0,8,3,7,0,7,3,2,4,3,4,6.676623663
56,Yes,Travel_Rarely,Research & Development,15,3,Life Sciences,1,4275,Male,2,Laboratory Technician,Married,33120,9,Y,19,8,0,7,1,5,4,3,2,2,3,1,3,8.992446494
51,No,Travel_Rarely,Research & Development,3,2,Other,1,4276,Female,2,Sales Representative,Single,190490,7,Y,14,8,1,23,2,20,15,15,1,3,3,3,3,6.678879744
31,Yes,Travel_Rarely,Research & Development,2,4,Technical Degree,1,4277,Female,3,Sales Executive,Married,21410,4,Y,20,8,0,12,2,7,7,7,2,3,2,3,4,8.390953857
26,No,Travel_Rarely,Sales,17,3,Medical,1,4278,Female,2,Manager,Married,57690,1,Y,19,8,0,5,4,5,4,3,3,2,2,2,3,7.695775273
58,Yes,Travel_Rarely,Sales,2,2,Medical,1,4279,Female,1,Research Scientist,Married,43850,1,Y,13,8,1,40,2,40,15,6,4,4,2,2,3,7.626250586
19,Yes,Travel_Rarely,Research & Development,5,2,Life Sciences,1,4280,Male,1,Manager,Single,53320,1,Y,23,8,1,0,2,0,0,0,4,3,2,3,4,9.407780083
22,No,Travel_Rarely,Sales,29,4,Technical Degree,1,4281,Male,1,Sales Executive,Married,46630,0,Y,13,8,1,3,1,2,2,1,3,4,3,3,3,6.38017422
49,No,Travel_Rarely,Research & Development,2,3,Life Sciences,1,4282,Female,1,Sales Executive,Married,47240,1,Y,11,8,1,16,3,15,5,11,3,1,2,2,3,7.225774135
43,No,Travel_Frequently,Sales,2,2,Life Sciences,1,4283,Male,1,Sales Executive,Single,32110,4,Y,13,8,0,18,2,3,1,2,2,3,3,4,3,7.994240506
50,No,Travel_Frequently,Research & Development,19,4,Life Sciences,1,4284,Male,2,Sales Executive,Single,53770,4,Y,14,8,1,16,3,2,2,1,3,4,3,4,3,7.110352564
31,Yes,Travel_Rarely,Research & Development,15,1,Medical,1,4285,Female,2,Sales Executive,Married,40660,3,Y,22,8,0,4,2,2,2,2,2,3,3,2,4,8.409509016
41,No,Travel_Rarely,Research & Development,17,2,Other,1,4286,Male,1,Manufacturing Director,Divorced,52080,3,Y,11,8,3,12,2,9,0,7,3,3,3,1,3,8.122919103
26,No,Travel_Rarely,Research & Development,17,4,Life Sciences,1,4287,Male,2,Sales Executive,Married,48770,1,Y,13,8,1,8,5,8,5,7,3,3,3,4,3,7.873234619
36,No,Travel_Rarely,Human Resources,25,1,Human Resources,1,4288,Male,2,Research Scientist,Divorced,31170,6,Y,21,8,1,7,2,3,0,1,2,2,3,4,4,6.748538699
51,Yes,Travel_Frequently,Research & Development,6,3,Life Sciences,1,4289,Female,1,Manager,Single,15690,2,Y,11,8,0,18,2,4,0,3,1,4,3,4,3,7.190898903
39,No,Travel_Rarely,Research & Development,7,3,Life Sciences,1,4290,Female,1,Research Scientist,Married,196580,4,Y,13,8,1,17,3,15,5,9,4,3,4,4,3,7.90514177
25,No,Travel_Rarely,Sales,29,1,Medical,1,4291,Female,3,Research Scientist,Married,30690,2,Y,14,8,1,6,3,2,2,2,1,3,3,2,3,7.824501669
30,No,Travel_Rarely,Research & Development,21,1,Medical,1,4292,Male,2,Laboratory Technician,Married,104350,0,Y,11,8,0,12,5,11,4,7,3,4,1,3,3,10.01905014
32,Yes,Travel_Rarely,Research & Development,2,4,Life Sciences,1,4293,Female,2,Research Director,Single,41480,7,Y,15,8,0,10,0,5,0,4,1,1,4,2,3,7.87301087
45,No,Travel_Rarely,Research & Development,2,1,Technical Degree,1,4294,Female,2,Healthcare Representative,Single,57680,5,Y,23,8,1,9,4,6,0,3,3,4,2,3,4,7.431106539
38,No,Travel_Rarely,Research & Development,7,4,Life Sciences,1,4295,Female,2,Research Director,Single,50420,3,Y,16,8,1,19,4,3,2,2,4,3,3,3,3,10.42669296
30,No,Travel_Rarely,Sales,13,3,Marketing,1,4296,Female,2,Laboratory Technician,Single,57700,1,Y,16,8,1,5,2,5,0,4,1,3,2,4,3,6.679929982
32,No,Travel_Frequently,Sales,2,3,Marketing,1,4297,Male,3,Laboratory Technician,Divorced,77560,0,Y,21,8,0,9,3,8,0,7,4,4,4,3,4,6.497091218
30,No,Travel_Rarely,Research & Development,1,3,Medical,1,4298,Female,3,Sales Executive,Divorced,103060,5,Y,13,8,0,8,5,3,2,2,4,1,3,3,3,6.717123843
30,No,Travel_Rarely,Sales,9,3,Medical,1,4299,Male,2,Research Scientist,Single,39360,0,Y,11,8,1,6,3,5,1,2,2,4,3,3,3,6.389748677
41,No,Travel_Frequently,Sales,10,2,Medical,1,4300,Female,3,Manufacturing Director,Divorced,79450,4,Y,12,8,1,21,6,7,7,7,4,1,2,2,3,7.291085648
41,No,Travel_Rarely,Research & Development,10,4,Medical,1,4301,Male,4,Research Scientist,Married,57430,2,Y,12,8,3,7,2,5,1,4,3,1,3,4,3,8.00730787
19,No,Travel_Rarely,Research & Development,1,3,Other,1,4302,Female,5,Manufacturing Director,Single,152020,1,Y,18,8,3,1,2,1,0,0,2,2,3,2,3,6.391567109
40,No,Travel_Frequently,Research & Development,26,4,Medical,1,4303,Male,2,Manufacturing Director,Divorced,54400,1,Y,12,8,1,20,2,20,2,13,2,2,3,3,3,7.000869667
35,No,Travel_Rarely,Sales,8,1,Marketing,1,4304,Female,3,Laboratory Technician,Married,37600,1,Y,14,8,3,10,2,10,0,6,3,2,3,3,3,7.405430033
53,No,Travel_Rarely,Sales,14,2,Life Sciences,1,4305,Female,5,Manufacturing Director,Married,35170,2,Y,12,8,1,13,1,7,4,5,2,3,1,2,3,10.89596927
45,No,Travel_Rarely,Sales,1,4,Technical Degree,1,4306,Male,1,Research Scientist,Divorced,25800,8,Y,17,8,3,20,3,17,0,15,2,2,,3,3,6.787682811
32,No,Travel_Frequently,Sales,2,2,Life Sciences,1,4307,Female,1,Manufacturing Director,Single,21660,1,Y,19,8,1,9,4,9,3,7,2,4,3,1,3,7.906312925
29,No,Non-Travel,Research & Development,10,4,Technical Degree,1,4308,Male,3,Healthcare Representative,Married,58690,1,Y,11,8,1,10,6,10,0,9,4,3,3,4,3,6.079574879
51,No,Travel_Rarely,Research & Development,1,3,Other,1,4309,Female,3,Research Director,Married,80080,2,Y,15,8,1,10,4,1,0,0,2,3,3,3,3,7.573345411
58,No,Travel_Rarely,Sales,3,3,Marketing,1,4310,Female,1,Research Scientist,Married,52060,4,Y,11,8,3,9,4,1,0,0,2,2,2,1,3,10.00230093
40,No,Travel_Rarely,Research & Development,11,2,Technical Degree,1,4311,Male,4,Laboratory Technician,Married,52950,7,Y,18,8,0,15,4,12,2,11,3,4,2,3,3,6.209419935
34,No,Travel_Frequently,Sales,24,4,Marketing,1,4312,Male,2,Manufacturing Director,Married,164130,6,Y,16,8,0,6,1,4,1,2,3,3,3,3,3,7.023323996
22,No,Travel_Rarely,Research & Development,3,3,Medical,1,4313,Male,1,Laboratory Technician,Married,132690,1,Y,25,8,1,2,2,2,2,2,3,4,3,3,4,7.687817633
27,No,Non-Travel,Research & Development,3,3,Medical,1,4314,Male,1,Healthcare Representative,Divorced,27830,6,Y,16,8,1,6,2,2,2,2,4,2,1,4,3,6.283424754
28,No,Travel_Rarely,Sales,4,4,Life Sciences,1,4315,Male,2,Healthcare Representative,Married,54330,1,Y,13,8,1,5,4,5,0,2,3,4,1,2,3,6.481372126
57,No,Travel_Rarely,Research & Development,3,3,Life Sciences,1,4316,Male,2,Manufacturing Director,Divorced,20130,3,Y,14,8,1,12,5,5,1,4,3,4,1,3,3,10.91161181
27,No,Non-Travel,Research & Development,2,3,Life Sciences,1,4317,Male,1,Manufacturing Director,Divorced,139660,1,Y,19,8,0,1,1,1,0,1,3,3,2,3,3,10.57780466
50,No,Travel_Rarely,Research & Development,4,3,Life Sciences,1,4318,Female,2,Manufacturing Director,Single,43740,3,Y,15,8,1,21,5,5,4,4,3,2,3,4,3,6.260163194
41,No,Travel_Rarely,Sales,7,4,Marketing,1,4319,Male,4,Laboratory Technician,Divorced,68420,4,Y,12,8,1,13,3,9,1,8,1,3,3,3,3,6.183946809
30,No,Travel_Rarely,Human Resources,1,4,Human Resources,1,4320,Female,1,Manager,Married,174260,2,Y,12,8,1,12,0,10,7,4,2,4,3,2,3,6.890506121
38,No,Travel_Rarely,Sales,1,1,Medical,1,4321,Male,2,Laboratory Technician,Single,176030,4,Y,16,8,0,12,0,8,0,7,1,4,4,2,3,6.283979442
32,No,Travel_Rarely,Research & Development,20,3,Medical,1,4322,Female,1,Manufacturing Director,Single,45810,3,Y,14,8,1,8,3,5,1,4,3,3,3,3,3,6.908863636
27,No,Travel_Rarely,Research & Development,5,4,Medical,1,4323,Male,2,Healthcare Representative,Married,47350,0,Y,13,8,0,6,2,5,1,1,3,2,2,3,3,8.916565126
19,Yes,Travel_Frequently,Research & Development,10,2,Life Sciences,1,4324,Male,2,Healthcare Representative,Single,41870,0,Y,22,8,1,1,4,0,0,0,3,1,4,3,4,7.487804735
36,No,Travel_Frequently,Sales,25,3,Marketing,1,4325,Female,2,Research Director,Single,55050,4,Y,21,8,2,13,3,8,7,2,4,2,2,3,4,7.375711439
30,No,Non-Travel,Sales,1,3,Medical,1,4326,Female,1,Sales Executive,Divorced,54700,1,Y,18,8,1,12,2,12,6,10,3,1,3,3,3,6.768581307
45,No,Travel_Rarely,Research & Development,24,2,Medical,1,4327,Male,2,Sales Executive,Divorced,54760,4,Y,13,8,1,9,3,5,0,3,3,1,4,3,3,8.1273557
56,No,Travel_Rarely,Research & Development,4,3,Life Sciences,1,4328,Male,4,Manager,Divorced,25870,4,Y,12,8,0,19,2,2,2,2,3,1,3,2,3,8.29943133
33,No,Travel_Rarely,Research & Development,2,2,Medical,1,4329,Male,1,Sales Executive,Single,24400,0,Y,18,8,3,4,4,3,0,2,3,4,4,3,3,6.815491363
19,Yes,Travel_Rarely,Research & Development,8,2,Life Sciences,1,4330,Male,2,Sales Executive,Single,159720,1,Y,21,8,0,1,2,1,1,0,2,4,2,3,4,7.216332846
46,No,Travel_Rarely,Research & Development,10,3,Technical Degree,1,4331,Female,2,Laboratory Technician,Divorced,153790,1,Y,12,8,0,24,1,24,15,7,2,1,3,1,3,6.874954463
38,No,Travel_Rarely,Sales,4,4,Life Sciences,1,4332,Male,1,Manufacturing Director,Single,70820,1,Y,14,8,0,2,3,2,2,1,3,4,3,4,3,7.907437198
31,No,Travel_Rarely,Sales,2,5,Life Sciences,1,4333,Male,2,Sales Representative,Married,27280,8,Y,11,8,0,7,3,4,0,2,,4,3,4,3,10.4099229
34,No,Travel_Rarely,Sales,9,3,Marketing,1,4334,Female,2,Manager,Single,53680,2,Y,14,8,1,9,2,3,1,2,4,2,3,3,3,6.191549708
41,Yes,Travel_Rarely,Research & Development,18,4,Life Sciences,1,4335,Male,5,Laboratory Technician,Single,53470,1,Y,24,8,1,4,1,4,0,2,2,2,2,3,4,10.12549527
50,No,Travel_Rarely,Sales,19,4,Marketing,1,4336,Male,3,Sales Executive,Married,31950,2,Y,11,8,0,5,4,3,0,2,3,3,2,2,3,6.77478744
53,No,Travel_Rarely,Sales,1,2,Life Sciences,1,4337,Male,1,Manager,Divorced,39890,1,Y,13,8,0,5,2,4,1,3,4,1,3,3,3,6.100402661
33,No,Travel_Rarely,Research & Development,4,3,Life Sciences,1,4338,Male,1,Human Resources,Married,33060,1,Y,11,8,3,8,6,8,1,6,4,2,3,1,3,7.518541955
40,No,Travel_Rarely,Research & Development,11,3,Life Sciences,1,4339,Female,2,Sales Executive,Married,70050,1,Y,20,8,2,21,2,20,9,9,4,3,3,3,4,6.199732815
55,No,Travel_Rarely,Research & Development,6,1,Life Sciences,1,4340,Female,2,Laboratory Technician,Single,26550,8,Y,17,8,0,36,0,24,2,15,3,2,3,2,3,6.076173873
34,No,Travel_Frequently,Human Resources,7,4,Other,1,4341,Female,1,Research Scientist,Married,13930,1,Y,11,8,2,10,4,10,1,9,4,3,2,4,3,6.798693853
51,No,Travel_Rarely,Human Resources,4,2,Human Resources,1,4342,Male,2,Sales Representative,Single,25700,3,Y,18,8,0,21,2,7,1,0,4,2,3,3,3,7.402082737
52,No,Travel_Rarely,Research & Development,2,4,Medical,1,4343,Female,2,Sales Representative,Married,35370,0,Y,11,8,1,34,3,33,11,9,3,3,3,3,3,6.283778757
27,No,Travel_Rarely,Sales,15,3,Marketing,1,4344,Male,1,Research Scientist,Single,39860,1,Y,12,8,2,7,3,7,0,3,4,2,2,3,3,7.487984634
35,Yes,Travel_Rarely,Research & Development,2,4,Life Sciences,1,4345,Female,2,Research Director,Married,108830,3,Y,12,8,0,8,3,1,0,1,2,3,3,4,3,8.998655877
43,No,Non-Travel,Research & Development,6,2,Medical,1,4346,Male,1,Healthcare Representative,Divorced,20280,4,Y,20,8,1,7,2,5,2,2,4,,4,2,4,8.022017797
45,No,Non-Travel,Research & Development,9,2,Medical,1,4347,Female,1,Sales Executive,Married,95250,9,Y,19,8,0,22,3,20,11,8,1,4,3,3,3,6.252302098
37,No,Travel_Rarely,Research & Development,7,3,Life Sciences,1,4348,Female,1,Research Scientist,Married,29290,1,Y,12,8,0,8,2,8,1,7,2,1,2,1,3,10.09391886
35,No,Travel_Frequently,Research & Development,1,3,Other,1,4349,Male,2,Research Director,Single,22750,5,Y,13,8,0,10,2,6,1,2,2,2,3,4,3,6.084731481
42,No,Non-Travel,Research & Development,1,1,Technical Degree,1,4350,Male,2,Sales Executive,Divorced,78790,2,Y,11,8,1,11,2,5,0,2,3,3,3,3,3,6.387923059
38,No,Travel_Rarely,Sales,8,2,Marketing,1,4351,Male,5,Research Scientist,Married,49300,9,Y,14,8,0,14,0,1,0,0,4,3,3,3,3,6.297548463
38,No,Travel_Rarely,Human Resources,25,1,Human Resources,1,4352,Female,1,Manufacturing Director,Married,78470,3,Y,14,8,1,9,3,7,1,7,4,4,1,4,3,7.292095204
27,No,Travel_Frequently,Research & Development,13,4,Medical,1,4353,Male,1,Manager,Married,44010,5,Y,13,8,0,6,4,2,2,0,3,1,3,2,3,6.50808912
49,No,Non-Travel,Research & Development,23,1,Other,1,4354,Female,2,Sales Executive,Divorced,92410,1,Y,19,8,1,7,5,7,1,7,4,4,3,3,3,9.578439046
34,No,Travel_Frequently,Research & Development,7,2,Medical,1,4355,Male,4,Sales Representative,Divorced,29740,1,Y,23,8,0,5,2,5,2,0,4,3,4,3,4,10.52333683
40,No,Travel_Rarely,Research & Development,23,3,Medical,1,4356,Female,1,Laboratory Technician,Married,45020,8,Y,12,8,2,15,0,7,3,7,3,4,4,2,3,10.38739386
38,Yes,Travel_Rarely,Sales,6,4,Life Sciences,1,4357,Female,3,Research Scientist,Married,107480,7,Y,15,8,0,17,3,1,0,0,2,1,3,3,3,8.378828239
29,Yes,Travel_Rarely,Sales,10,2,Life Sciences,1,4358,Female,2,Research Scientist,Married,15550,1,Y,19,8,2,10,2,10,1,9,2,4,2,3,3,6.695554332
22,No,Travel_Rarely,Research & Development,1,3,Life Sciences,1,4359,Female,4,Healthcare Representative,Divorced,129360,1,Y,11,8,2,4,3,4,2,2,4,2,2,3,3,8.511136584
36,No,Travel_Frequently,Research & Development,1,3,Life Sciences,1,4360,Female,2,Laboratory Technician,Single,23050,1,Y,17,8,0,8,3,8,1,7,2,4,3,3,3,7.498819159
40,No,Non-Travel,Research & Development,28,2,Life Sciences,1,4361,Male,1,Manufacturing Director,Married,167040,9,Y,22,8,0,5,2,3,0,2,4,4,1,4,4,6.102570048
46,No,Travel_Rarely,Research & Development,25,1,Medical,1,4362,Male,5,Research Scientist,Divorced,34330,7,Y,18,8,0,17,3,4,0,3,4,1,3,3,3,6.036308669
32,Yes,Travel_Rarely,Research & Development,5,3,Medical,1,4363,Male,1,Healthcare Representative,Married,34770,1,Y,11,8,0,14,2,14,9,8,4,4,2,4,3,7.79734058
30,No,Non-Travel,Research & Development,17,4,Life Sciences,1,4364,Male,2,Healthcare Representative,Single,64300,1,Y,12,8,1,12,2,11,5,8,3,3,3,2,3,7.96307423
27,No,Travel_Frequently,Research & Development,18,2,Medical,1,4365,Female,1,Laboratory Technician,Single,65160,1,Y,19,8,1,7,4,7,0,7,4,3,3,3,3,6.196217494
51,No,Travel_Rarely,Research & Development,2,1,Medical,1,4366,Female,1,Manufacturing Director,Married,39070,5,Y,13,8,0,16,2,10,4,7,2,2,1,3,3,6.716984979
30,Yes,Travel_Rarely,Research & Development,10,4,Life Sciences,1,4367,Female,2,Research Scientist,Single,55620,5,Y,13,8,0,8,3,5,0,4,4,1,3,2,3,8.493341679
41,No,Travel_Rarely,Research & Development,1,3,Life Sciences,1,4368,Male,2,Human Resources,Single,68830,3,Y,19,8,2,16,3,1,0,0,4,4,3,2,3,9.079756516
30,Yes,Travel_Frequently,Sales,3,2,Medical,1,4369,Male,2,Healthcare Representative,Single,28620,5,Y,14,8,0,9,2,6,0,1,3,1,2,2,3,6.992415459
29,Yes,Travel_Rarely,Research & Development,2,3,Life Sciences,1,4370,Male,1,Sales Executive,Single,49780,0,Y,13,8,0,7,3,6,1,5,3,3,2,2,3,7.816956116
45,No,Non-Travel,Research & Development,2,3,Medical,1,4371,Female,2,Research Scientist,Single,103680,6,Y,12,8,2,23,2,19,12,8,4,4,3,3,3,6.608641844
54,No,Travel_Rarely,Sales,8,2,Marketing,1,4372,Female,2,Laboratory Technician,Married,61340,2,Y,19,8,0,16,2,6,0,5,4,1,3,2,3,6.409974851
36,No,Travel_Rarely,Research & Development,16,4,Life Sciences,1,4373,Male,1,Healthcare Representative,Single,67350,8,Y,25,8,2,16,3,13,3,7,4,2,4,2,4,7.590980257
33,No,Travel_Rarely,Sales,9,1,Other,1,4374,Female,3,Sales Executive,Married,32950,6,Y,22,8,2,7,2,3,1,1,3,2,3,3,4,7.464012346
37,No,Travel_Frequently,Sales,2,4,Life Sciences,1,4375,Male,2,Laboratory Technician,Divorced,52380,1,Y,15,8,1,10,5,10,0,7,2,4,3,3,3,10.10788686
38,No,Travel_Rarely,Research & Development,1,2,Medical,1,4376,Male,4,Laboratory Technician,Divorced,64720,0,Y,12,8,0,17,4,16,5,13,1,3,2,3,3,6.921797386
31,No,Non-Travel,Sales,4,1,Medical,1,4377,Female,3,Research Scientist,Married,96100,0,Y,11,8,1,6,2,5,1,4,3,3,3,2,3,5.996345411
59,No,Travel_Rarely,Research & Development,5,3,Life Sciences,1,4378,Female,3,Manager,Married,198330,3,Y,13,8,0,7,2,1,0,0,3,4,3,3,3,6.164645594
37,No,Travel_Frequently,Sales,2,3,Marketing,1,4379,Female,2,Laboratory Technician,Divorced,97560,4,Y,19,8,0,13,2,9,5,8,1,4,3,3,3,7.017593381
29,No,Travel_Frequently,Sales,15,4,Medical,1,4380,Female,1,Sales Executive,Married,49680,1,Y,19,8,3,11,4,11,4,1,2,4,3,3,3,6.299962652
35,No,Travel_Frequently,Research & Development,19,3,Life Sciences,1,4381,Female,1,Sales Executive,Single,21450,1,Y,13,8,0,10,6,10,0,8,3,3,4,2,3,6.029894636
29,Yes,Travel_Rarely,Research & Development,7,1,Life Sciences,1,4382,Female,1,Research Scientist,Single,21800,1,Y,21,8,0,4,2,4,0,1,3,4,2,3,4,8.406493491
52,No,Travel_Rarely,Research & Development,1,2,Medical,1,4383,Female,4,Manager,Single,83460,7,Y,14,8,0,6,5,2,2,2,3,4,2,3,3,7.407588384
42,No,Travel_Rarely,Research & Development,7,4,Life Sciences,1,4384,Female,2,Sales Executive,Married,34450,1,Y,11,8,2,22,2,22,11,15,3,4,3,3,3,6.395922663
59,No,Travel_Rarely,Research & Development,4,4,Technical Degree,1,4385,Male,1,Healthcare Representative,Married,27600,8,Y,11,8,0,7,3,2,2,2,2,3,2,4,3,6.698972222
50,No,Travel_Rarely,Research & Development,11,2,Life Sciences,1,4386,Male,2,Sales Executive,Divorced,62940,3,Y,23,8,1,32,2,7,0,6,4,4,2,4,4,7.74335728
33,Yes,Travel_Rarely,Sales,11,4,Marketing,1,4387,Male,1,Research Scientist,Married,71400,5,Y,21,8,0,8,2,5,0,4,3,4,1,2,4,10.91524082
43,No,Travel_Rarely,Sales,1,3,Marketing,1,4388,Female,2,Manufacturing Director,Married,29320,5,Y,24,8,0,22,3,17,1,9,4,4,3,3,4,9.265778247
33,Yes,Travel_Rarely,Sales,1,3,Life Sciences,1,4389,Male,2,Manager,Married,51470,7,Y,11,8,0,13,2,9,1,7,1,1,4,3,3,7.09698913
52,No,Non-Travel,Research & Development,2,3,Technical Degree,1,4390,Male,1,Sales Executive,Single,45070,1,Y,14,8,0,33,3,33,15,12,1,3,4,2,3,8.808812614
32,No,Travel_Rarely,Human Resources,13,4,Life Sciences,1,4391,Female,3,Manufacturing Director,Married,85640,2,Y,16,8,1,6,2,4,1,2,3,2,3,2,3,8.046774496
32,Yes,Travel_Rarely,Sales,23,1,Life Sciences,1,4392,Male,3,Healthcare Representative,Single,24680,0,Y,11,8,0,4,2,3,1,2,4,3,1,3,3,10.17645255
39,No,Travel_Rarely,Sales,26,4,Life Sciences,1,4393,Male,2,Research Director,Divorced,81610,7,Y,12,8,1,7,2,3,1,2,3,3,3,4,3,6.312204861
32,No,Non-Travel,Sales,2,4,Marketing,1,4394,Male,4,Research Scientist,Married,21090,0,Y,13,8,1,4,3,3,2,2,3,4,3,2,3,6.141971366
41,No,Travel_Rarely,Sales,29,3,Life Sciences,1,4395,Female,2,Laboratory Technician,Divorced,52940,2,Y,15,8,0,17,3,1,0,0,3,1,2,2,3,6.131716964
40,No,Travel_Rarely,Research & Development,2,3,Life Sciences,1,4396,Male,1,Manufacturing Director,Divorced,27180,,Y,14,8,1,9,4,9,4,7,1,4,3,2,3,7.400905696
45,No,Travel_Rarely,Research & Development,18,1,Life Sciences,1,4397,Female,2,Sales Representative,Married,58110,0,Y,14,8,0,25,4,24,1,7,3,4,3,2,3,6.931283069
31,No,Travel_Frequently,Research & Development,7,4,Medical,1,4398,Male,1,Research Scientist,Divorced,24370,9,Y,14,8,1,9,3,2,2,2,2,3,3,4,3,7.298196173
33,No,Travel_Rarely,Research & Development,2,4,Life Sciences,1,4399,Female,1,Sales Executive,Married,27660,1,Y,12,8,1,2,2,2,0,2,3,4,2,3,3,6.778947626
34,No,Travel_Rarely,Research & Development,26,3,Other,1,4400,Female,1,Sales Executive,Married,190380,6,Y,13,8,0,13,3,11,5,9,4,1,3,2,3,6.414911894
37,No,Travel_Rarely,Research & Development,22,5,Medical,1,4401,Female,2,Manufacturing Director,Married,30550,2,Y,14,8,3,17,3,3,0,2,3,1,2,3,3,7.610144581
45,No,Travel_Frequently,Sales,21,1,Marketing,1,4402,Male,3,Research Scientist,Married,22890,4,Y,13,8,0,9,3,3,0,2,1,3,3,2,3,7.992223361
37,Yes,Travel_Frequently,Sales,2,3,Marketing,1,4403,Male,1,Laboratory Technician,Divorced,40010,6,Y,11,8,1,17,2,1,0,0,1,3,3,3,3,7.111666667
39,No,Travel_Frequently,Research & Development,22,3,Medical,1,4404,Female,1,Manufacturing Director,Single,129650,0,Y,19,8,1,20,2,19,11,8,3,3,3,3,3,7.392469807
29,No,Travel_Rarely,Sales,4,3,Other,1,4405,Female,2,Human Resources,Single,35390,1,Y,18,8,0,6,2,6,1,5,3,4,3,2,3,7.292814358
42,No,Travel_Rarely,Research & Development,5,4,Medical,1,4406,Female,1,Research Scientist,Single,60290,3,Y,17,8,1,10,5,3,0,2,4,1,3,3,3,8.522277092
29,No,Travel_Rarely,Research & Development,2,4,Medical,1,4407,Male,1,Laboratory Technician,Divorced,26790,2,Y,15,8,0,10,2,3,0,2,4,4,3,2,3,6.092954126
25,No,Travel_Rarely,Research & Development,25,2,Life Sciences,1,4408,Male,2,Sales Executive,Married,37020,0,Y,20,8,0,5,4,4,1,2,1,3,3,3,4,7.706631794
42,No,Travel_Rarely,Sales,18,2,Medical,1,4409,Male,1,Laboratory Technician,Divorced,23980,0,Y,14,8,1,10,2,9,7,8,4,1,3,2,3,9.492594514
40,No,Travel_Rarely,Research & Development,28,3,Medical,1,4410,Male,2,Laboratory Technician,Divorced,54680,0,Y,12,8,0,,6,21,3,9,1,3,,4,3,6.988947557
